# bodies: subj_dog,subj_cat
1789192690.4203,0.0500,2.6000,-1.3000,0.3250,2.2000,0.9000,0.2000
1789192690.5618,0.1000,2.6000,-1.2999,0.3250,2.2000,0.9000,0.2000
1789192690.6505,0.1500,2.6000,-1.2997,0.3250,2.2000,0.9000,0.2000
1789192690.7375,0.2000,2.6000,-1.2994,0.3250,2.2000,0.9000,0.2000
1789192690.8188,0.2500,2.6000,-1.2991,0.3250,2.2000,0.9000,0.2000
1789192690.9013,0.3000,2.6000,-1.2987,0.3250,2.2000,0.9000,0.2000
1789192690.9846,0.3500,2.6000,-1.2982,0.3250,2.2000,0.9000,0.2000
1789192691.0680,0.4000,2.6000,-1.2977,0.3250,2.2000,0.9000,0.2000
1789192691.1509,0.4500,2.6000,-1.2970,0.3250,2.2000,0.9000,0.2000
1789192691.2366,0.5000,2.6000,-1.2964,0.3250,2.2000,0.9000,0.2000
1789192691.3193,0.5500,2.6000,-1.2956,0.3250,2.2000,0.9000,0.2000
1789192691.4035,0.6000,2.6000,-1.2948,0.3250,2.2000,0.9000,0.2000
1789192691.4869,0.6500,2.6000,-1.2938,0.3250,2.2000,0.9000,0.2000
1789192691.5702,0.7000,2.6000,-1.2929,0.3250,2.2000,0.9000,0.2000
1789192691.6546,0.7500,2.6000,-1.2918,0.3250,2.2000,0.9000,0.2000
1789192691.7410,0.8000,2.6000,-1.2907,0.3250,2.2000,0.9000,0.2000
1789192691.8285,0.8500,2.6000,-1.2895,0.3250,2.2000,0.9000,0.2000
1789192691.9099,0.9000,2.6000,-1.2882,0.3250,2.2000,0.9000,0.2000
1789192691.9923,0.9500,2.6000,-1.2869,0.3250,2.2000,0.9000,0.2000
1789192692.0804,1.0000,2.6000,-1.2855,0.3250,2.2000,0.9000,0.2000
1789192692.1650,1.0500,2.6000,-1.2840,0.3250,2.2000,0.9000,0.2000
1789192692.2502,1.1000,2.6000,-1.2824,0.3250,2.2000,0.9000,0.2000
1789192692.3353,1.1500,2.6000,-1.2808,0.3250,2.2000,0.9000,0.2000
1789192692.4201,1.2000,2.6000,-1.2791,0.3250,2.2000,0.9000,0.2000
1789192692.5043,1.2500,2.6000,-1.2774,0.3250,2.2000,0.9000,0.2000
1789192692.5883,1.3000,2.6000,-1.2755,0.3250,2.2000,0.9000,0.2000
1789192692.6726,1.3500,2.6000,-1.2736,0.3250,2.2000,0.9000,0.2000
1789192692.7579,1.4000,2.6000,-1.2717,0.3250,2.2000,0.9000,0.2000
1789192692.8427,1.4500,2.6000,-1.2696,0.3250,2.2000,0.9000,0.2000
1789192692.9291,1.5000,2.6000,-1.2675,0.3250,2.2000,0.9000,0.2000
1789192693.0155,1.5500,2.6000,-1.2653,0.3250,2.2000,0.9000,0.2000
1789192693.0999,1.6000,2.6000,-1.2631,0.3250,2.2000,0.9000,0.2000
1789192693.1856,1.6500,2.6000,-1.2608,0.3250,2.2000,0.9000,0.2000
1789192693.3110,1.7000,2.6000,-1.2584,0.3250,2.2000,0.9000,0.2000
1789192693.4193,1.7500,2.6000,-1.2560,0.3250,2.2000,0.9000,0.2000
1789192693.5015,1.8000,2.6000,-1.2534,0.3250,2.2000,0.9000,0.2000
1789192693.5792,1.8500,2.6000,-1.2509,0.3250,2.2000,0.9000,0.2000
1789192693.6743,1.9000,2.6000,-1.2482,0.3250,2.2000,0.9000,0.2000
1789192693.7535,1.9500,2.6000,-1.2455,0.3250,2.2000,0.9000,0.2000
1789192693.8330,2.0000,2.6000,-1.2427,0.3250,2.2000,0.9000,0.2000
1789192693.9139,2.0500,2.6000,-1.2399,0.3250,2.2000,0.9000,0.2000
1789192693.9948,2.1000,2.6000,-1.2370,0.3250,2.2000,0.9000,0.2000
1789192694.0763,2.1500,2.6000,-1.2340,0.3250,2.2000,0.9000,0.2000
1789192694.1590,2.2000,2.6000,-1.2310,0.3250,2.2000,0.9000,0.2000
1789192694.2410,2.2500,2.6000,-1.2279,0.3250,2.2000,0.9000,0.2000
1789192694.3246,2.3000,2.6000,-1.2247,0.3250,2.2000,0.9000,0.2000
1789192694.4083,2.3500,2.6000,-1.2215,0.3250,2.2000,0.9000,0.2000
1789192694.4936,2.4000,2.6000,-1.2182,0.3250,2.2000,0.9000,0.2000
1789192694.5778,2.4500,2.6000,-1.2149,0.3250,2.2000,0.9000,0.2000
1789192694.6630,2.5000,2.6000,-1.2115,0.3250,2.2000,0.9000,0.2000
1789192694.7472,2.5500,2.6000,-1.2080,0.3250,2.2000,0.9000,0.2000
1789192694.8318,2.6000,2.6000,-1.2045,0.3250,2.2000,0.9000,0.2000
1789192694.9175,2.6500,2.6000,-1.2009,0.3250,2.2000,0.9000,0.2000
1789192695.0026,2.7000,2.6000,-1.1973,0.3250,2.2000,0.9000,0.2000
1789192695.0810,2.7500,2.6000,-1.1936,0.3250,2.2000,0.9000,0.2000
1789192695.1606,2.8000,2.6000,-1.1898,0.3250,2.2000,0.9000,0.2000
1789192695.2416,2.8500,2.6000,-1.1860,0.3250,2.2000,0.9000,0.2000
1789192695.3267,2.9000,2.6000,-1.1822,0.3250,2.2000,0.9000,0.2000
1789192695.4112,2.9500,2.6000,-1.1782,0.3250,2.2000,0.9000,0.2000
1789192695.4960,3.0000,2.6000,-1.1743,0.3250,2.2000,0.9000,0.2000
1789192695.5805,3.0500,2.6000,-1.1702,0.3250,2.2000,0.9000,0.2000
1789192695.6639,3.1000,2.6000,-1.1661,0.3250,2.2000,0.9000,0.2000
1789192695.7467,3.1500,2.6000,-1.1620,0.3250,2.2000,0.9000,0.2000
1789192695.8328,3.2000,2.6000,-1.1578,0.3250,2.2000,0.9000,0.2000
1789192695.9178,3.2500,2.6000,-1.1536,0.3250,2.2000,0.9000,0.2000
1789192696.0031,3.3000,2.6000,-1.1493,0.3250,2.2000,0.9000,0.2000
1789192696.0890,3.3500,2.6000,-1.1449,0.3250,2.2000,0.9000,0.2000
1789192696.1739,3.4000,2.6000,-1.1405,0.3250,2.2000,0.9000,0.2000
1789192696.2584,3.4500,2.6000,-1.1361,0.3250,2.2000,0.9000,0.2000
1789192696.3424,3.5000,2.6000,-1.1316,0.3250,2.2000,0.9000,0.2000
1789192696.4272,3.5500,2.6000,-1.1270,0.3250,2.2000,0.9000,0.2000
1789192696.5141,3.6000,2.6000,-1.1224,0.3250,2.2000,0.9000,0.2000
1789192696.5951,3.6500,2.6000,-1.1178,0.3250,2.2000,0.9000,0.2000
1789192696.6773,3.7000,2.6000,-1.1131,0.3250,2.2000,0.9000,0.2000
1789192696.7612,3.7500,2.6000,-1.1084,0.3250,2.2000,0.9000,0.2000
1789192696.8455,3.8000,2.6000,-1.1036,0.3250,2.2000,0.9000,0.2000
1789192696.9287,3.8500,2.6000,-1.0988,0.3250,2.2000,0.9000,0.2000
1789192697.0171,3.9000,2.6000,-1.0939,0.3250,2.2000,0.9000,0.2000
1789192697.1012,3.9500,2.6000,-1.0890,0.3250,2.2000,0.9000,0.2000
1789192697.1838,4.0000,2.6000,-1.0840,0.3250,2.2000,0.9000,0.2000
1789192697.2656,4.0500,2.6000,-1.0790,0.3250,2.2000,0.9000,0.2000
1789192697.3487,4.1000,2.6000,-1.0740,0.3250,2.2000,0.9000,0.2000
1789192697.4326,4.1500,2.6000,-1.0689,0.3250,2.2000,0.9000,0.2000
1789192697.5190,4.2000,2.6000,-1.0638,0.3250,2.2000,0.9000,0.2000
1789192697.6067,4.2500,2.6000,-1.0587,0.3250,2.2000,0.9000,0.2000
1789192697.6906,4.3000,2.6000,-1.0535,0.3250,2.2000,0.9000,0.2000
1789192697.7766,4.3500,2.6000,-1.0483,0.3250,2.2000,0.9000,0.2000
1789192697.8612,4.4000,2.6000,-1.0430,0.3250,2.2000,0.9000,0.2000
1789192697.9460,4.4500,2.6000,-1.0377,0.3250,2.2000,0.9000,0.2000
1789192698.0302,4.5000,2.6000,-1.0324,0.3250,2.2000,0.9000,0.2000
1789192698.1149,4.5500,2.6000,-1.0270,0.3250,2.2000,0.9000,0.2000
1789192698.1997,4.6000,2.6000,-1.0216,0.3250,2.2000,0.9000,0.2000
1789192698.2846,4.6500,2.6000,-1.0162,0.3250,2.2000,0.9000,0.2000
1789192698.3688,4.7000,2.6000,-1.0107,0.3250,2.2000,0.9000,0.2000
1789192698.4532,4.7500,2.6000,-1.0052,0.3250,2.2000,0.9000,0.2000
1789192698.5383,4.8000,2.6000,-0.9997,0.3250,2.2000,0.9000,0.2000
1789192698.6200,4.8500,2.6000,-0.9941,0.3250,2.2000,0.9000,0.2000
1789192698.7027,4.9000,2.6000,-0.9886,0.3250,2.2000,0.9000,0.2000
1789192698.7866,4.9500,2.6000,-0.9830,0.3250,2.2000,0.9000,0.2000
1789192698.8696,5.0000,2.6000,-0.9773,0.3250,2.2000,0.9000,0.2000
1789192698.9627,5.0500,2.6000,-0.9717,0.3250,2.2000,0.9000,0.2000
1789192699.0440,5.1000,2.6000,-0.9660,0.3250,2.2000,0.9000,0.2000
1789192699.1261,5.1500,2.6000,-0.9603,0.3250,2.2000,0.9000,0.2000
1789192699.2089,5.2000,2.6000,-0.9545,0.3250,2.2000,0.9000,0.2000
1789192699.2935,5.2500,2.6000,-0.9488,0.3250,2.2000,0.9000,0.2000
1789192699.3777,5.3000,2.6000,-0.9430,0.3250,2.2000,0.9000,0.2000
1789192699.4616,5.3500,2.6000,-0.9372,0.3250,2.2000,0.9000,0.2000
1789192699.5460,5.4000,2.6000,-0.9314,0.3250,2.2000,0.9000,0.2000
1789192699.6318,5.4500,2.6000,-0.9255,0.3250,2.2000,0.9000,0.2000
1789192699.7173,5.5000,2.6000,-0.9197,0.3250,2.2000,0.9000,0.2000
1789192699.8005,5.5500,2.6000,-0.9138,0.3250,2.2000,0.9000,0.2000
1789192699.8832,5.6000,2.6000,-0.9079,0.3250,2.2000,0.9000,0.2000
1789192699.9665,5.6500,2.6000,-0.9020,0.3250,2.2000,0.9000,0.2000
1789192700.0505,5.7000,2.6000,-0.8961,0.3250,2.2000,0.9000,0.2000
1789192700.1348,5.7500,2.6000,-0.8902,0.3250,2.2000,0.9000,0.2000
1789192700.2210,5.8000,2.6000,-0.8842,0.3250,2.2000,0.9000,0.2000
1789192700.3036,5.8500,2.6000,-0.8782,0.3250,2.2000,0.9000,0.2000
1789192700.3873,5.9000,2.6000,-0.8723,0.3250,2.2000,0.9000,0.2000
1789192700.4718,5.9500,2.6000,-0.8663,0.3250,2.2000,0.9000,0.2000
1789192700.5554,6.0000,2.6000,-0.8603,0.3250,2.2000,0.9000,0.2000
1789192700.6396,6.0500,2.6000,-0.8543,0.3250,2.2000,0.9000,0.2000
1789192700.7222,6.1000,2.6000,-0.8483,0.3250,2.2000,0.9000,0.2000
1789192700.8047,6.1500,2.6000,-0.8423,0.3250,2.2000,0.9000,0.2000
1789192700.8878,6.2000,2.6000,-0.8362,0.3250,2.2000,0.9000,0.2000
1789192700.9714,6.2500,2.6000,-0.8302,0.3250,2.2000,0.9000,0.2000
1789192701.0555,6.3000,2.6000,-0.8242,0.3250,2.2000,0.9000,0.2000
1789192701.1401,6.3500,2.6000,-0.8182,0.3250,2.2000,0.9000,0.2000
1789192701.2243,6.4000,2.6000,-0.8121,0.3250,2.2000,0.9000,0.2000
1789192701.3080,6.4500,2.6000,-0.8061,0.3250,2.2000,0.9000,0.2000
1789192701.3912,6.5000,2.6000,-0.8000,0.3250,2.2000,0.9000,0.2000
1789192701.4746,6.5500,2.6000,-0.7940,0.3250,2.2000,0.9000,0.2000
1789192701.5584,6.6000,2.6000,-0.7880,0.3250,2.2000,0.9000,0.2000
1789192701.6379,6.6500,2.6000,-0.7819,0.3250,2.2000,0.9000,0.2000
1789192701.7209,6.7000,2.6000,-0.7759,0.3250,2.2000,0.9000,0.2000
1789192701.8066,6.7500,2.6000,-0.7699,0.3250,2.2000,0.9000,0.2000
1789192701.8912,6.8000,2.6000,-0.7638,0.3250,2.2000,0.9000,0.2000
1789192701.9756,6.8500,2.6000,-0.7578,0.3250,2.2000,0.9000,0.2000
1789192702.0614,6.9000,2.6000,-0.7518,0.3250,2.2000,0.9000,0.2000
1789192702.1452,6.9500,2.6000,-0.7458,0.3250,2.2000,0.9000,0.2000
1789192702.2306,7.0000,2.6000,-0.7398,0.3250,2.2000,0.9000,0.2000
1789192702.3158,7.0500,2.6000,-0.7338,0.3250,2.2000,0.9000,0.2000
1789192702.4014,7.1000,2.6000,-0.7278,0.3250,2.2000,0.9000,0.2000
1789192702.4869,7.1500,2.6000,-0.7218,0.3250,2.2000,0.9000,0.2000
1789192702.5737,7.2000,2.6000,-0.7159,0.3250,2.2000,0.9000,0.2000
1789192702.6593,7.2500,2.6000,-0.7099,0.3250,2.2000,0.9000,0.2000
1789192702.7459,7.3000,2.6000,-0.7040,0.3250,2.2000,0.9000,0.2000
1789192702.8357,7.3500,2.6000,-0.6981,0.3250,2.2000,0.9000,0.2000
1789192702.9160,7.4000,2.6000,-0.6922,0.3250,2.2000,0.9000,0.2000
1789192702.9973,7.4500,2.6000,-0.6863,0.3250,2.2000,0.9000,0.2000
1789192703.0788,7.5000,2.6000,-0.6804,0.3250,2.2000,0.9000,0.2000
1789192703.1614,7.5500,2.6000,-0.6745,0.3250,2.2000,0.9000,0.2000
1789192703.2449,7.6000,2.6000,-0.6687,0.3250,2.2000,0.9000,0.2000
1789192703.3286,7.6500,2.6000,-0.6629,0.3250,2.2000,0.9000,0.2000
1789192703.4163,7.7000,2.6000,-0.6571,0.3250,2.2000,0.9000,0.2000
1789192703.5030,7.7500,2.6000,-0.6513,0.3250,2.2000,0.9000,0.2000
1789192703.5919,7.8000,2.6000,-0.6456,0.3250,2.2000,0.9000,0.2000
1789192703.6788,7.8500,2.6000,-0.6398,0.3250,2.2000,0.9000,0.2000
1789192703.7645,7.9000,2.6000,-0.6341,0.3250,2.2000,0.9000,0.2000
1789192703.8481,7.9500,2.6000,-0.6284,0.3250,2.2000,0.9000,0.2000
1789192703.9374,8.0000,2.6000,-0.6228,0.3250,2.2000,0.9000,0.2000
1789192704.0217,8.0500,2.6000,-0.6171,0.3250,2.2000,0.9000,0.2000
1789192704.1071,8.1000,2.6000,-0.6115,0.3250,2.2000,0.9000,0.2000
1789192704.1959,8.1500,2.6000,-0.6059,0.3250,2.2000,0.9000,0.2000
1789192704.2797,8.2000,2.6000,-0.6004,0.3250,2.2000,0.9000,0.2000
1789192704.3630,8.2500,2.6000,-0.5949,0.3250,2.2000,0.9000,0.2000
1789192704.4474,8.3000,2.6000,-0.5894,0.3250,2.2000,0.9000,0.2000
1789192704.5292,8.3500,2.6000,-0.5839,0.3250,2.2000,0.9000,0.2000
1789192704.6126,8.4000,2.6000,-0.5785,0.3250,2.2000,0.9000,0.2000
1789192704.6975,8.4500,2.6000,-0.5731,0.3250,2.2000,0.9000,0.2000
1789192704.7855,8.5000,2.6000,-0.5677,0.3250,2.2000,0.9000,0.2000
1789192704.8713,8.5500,2.6000,-0.5624,0.3250,2.2000,0.9000,0.2000
1789192704.9582,8.6000,2.6000,-0.5571,0.3250,2.2000,0.9000,0.2000
1789192705.0456,8.6500,2.6000,-0.5518,0.3250,2.2000,0.9000,0.2000
1789192705.1389,8.7000,2.6000,-0.5466,0.3250,2.2000,0.9000,0.2000
1789192705.2480,8.7500,2.6000,-0.5414,0.3250,2.2000,0.9000,0.2000
1789192705.3280,8.8000,2.6000,-0.5363,0.3250,2.2000,0.9000,0.2000
1789192705.4085,8.8500,2.6000,-0.5311,0.3250,2.2000,0.9000,0.2000
1789192705.4901,8.9000,2.6000,-0.5261,0.3250,2.2000,0.9000,0.2000
1789192705.5711,8.9500,2.6000,-0.5210,0.3250,2.2000,0.9000,0.2000
1789192705.6539,9.0000,2.6000,-0.5161,0.3250,2.2000,0.9000,0.2000
1789192705.7390,9.0500,2.6000,-0.5111,0.3250,2.2000,0.9000,0.2000
1789192705.8235,9.1000,2.6000,-0.5062,0.3250,2.2000,0.9000,0.2000
1789192705.9085,9.1500,2.6000,-0.5013,0.3250,2.2000,0.9000,0.2000
1789192705.9938,9.2000,2.6000,-0.4965,0.3250,2.2000,0.9000,0.2000
1789192706.0793,9.2500,2.6000,-0.4917,0.3250,2.2000,0.9000,0.2000
1789192706.1619,9.3000,2.6000,-0.4870,0.3250,2.2000,0.9000,0.2000
1789192706.2506,9.3500,2.6000,-0.4823,0.3250,2.2000,0.9000,0.2000
1789192706.3361,9.4000,2.6000,-0.4777,0.3250,2.2000,0.9000,0.2000
1789192706.4211,9.4500,2.6000,-0.4731,0.3250,2.2000,0.9000,0.2000
1789192706.5073,9.5000,2.6000,-0.4685,0.3250,2.2000,0.9000,0.2000
1789192706.5915,9.5500,2.6000,-0.4640,0.3250,2.2000,0.9000,0.2000
1789192706.6746,9.6000,2.6000,-0.4596,0.3250,2.2000,0.9000,0.2000
1789192706.7582,9.6500,2.6000,-0.4552,0.3250,2.2000,0.9000,0.2000
1789192706.8414,9.7000,2.6000,-0.4508,0.3250,2.2000,0.9000,0.2000
1789192706.9272,9.7500,2.6000,-0.4465,0.3250,2.2000,0.9000,0.2000
1789192707.0115,9.8000,2.6000,-0.4423,0.3250,2.2000,0.9000,0.2000
1789192707.0950,9.8500,2.6000,-0.4381,0.3250,2.2000,0.9000,0.2000
1789192707.1820,9.9000,2.6000,-0.4340,0.3250,2.2000,0.9000,0.2000
1789192707.2672,9.9500,2.6000,-0.4299,0.3250,2.2000,0.9000,0.2000
1789192707.3483,10.0000,2.6000,-0.4258,0.3250,2.2000,0.9000,0.2000
1789192707.4305,10.0500,2.6000,-0.4219,0.3250,2.2000,0.9000,0.2000
1789192707.5125,10.1000,2.6000,-0.4179,0.3250,2.2000,0.9000,0.2000
1789192707.5952,10.1500,2.6000,-0.4141,0.3250,2.2000,0.9000,0.2000
1789192707.6784,10.2000,2.6000,-0.4103,0.3250,2.2000,0.9000,0.2000
1789192707.7627,10.2500,2.6000,-0.4065,0.3250,2.2000,0.9000,0.2000
1789192707.8466,10.3000,2.6000,-0.4028,0.3250,2.2000,0.9000,0.2000
1789192707.9340,10.3500,2.6000,-0.3992,0.3250,2.2000,0.9000,0.2000
1789192708.0191,10.4000,2.6000,-0.3956,0.3250,2.2000,0.9000,0.2000
1789192708.1058,10.4500,2.6000,-0.3921,0.3250,2.2000,0.9000,0.2000
1789192708.1907,10.5000,2.6000,-0.3886,0.3250,2.2000,0.9000,0.2000
1789192708.2745,10.5500,2.6000,-0.3852,0.3250,2.2000,0.9000,0.2000
1789192708.3592,10.6000,2.6000,-0.3819,0.3250,2.2000,0.9000,0.2000
1789192708.4412,10.6500,2.6000,-0.3786,0.3250,2.2000,0.9000,0.2000
1789192708.5251,10.7000,2.6000,-0.3754,0.3250,2.2000,0.9000,0.2000
1789192708.6080,10.7500,2.6000,-0.3722,0.3250,2.2000,0.9000,0.2000
1789192708.6934,10.8000,2.6000,-0.3691,0.3250,2.2000,0.9000,0.2000
1789192708.7767,10.8500,2.6000,-0.3661,0.3250,2.2000,0.9000,0.2000
1789192708.8622,10.9000,2.6000,-0.3631,0.3250,2.2000,0.9000,0.2000
1789192708.9462,10.9500,2.6000,-0.3602,0.3250,2.2000,0.9000,0.2000
1789192709.0309,11.0000,2.6000,-0.3574,0.3250,2.2000,0.9000,0.2000
1789192709.1153,11.0500,2.6000,-0.3546,0.3250,2.2000,0.9000,0.2000
1789192709.2016,11.1000,2.6000,-0.3519,0.3250,2.2000,0.9000,0.2000
1789192709.2851,11.1500,2.6000,-0.3493,0.3250,2.2000,0.9000,0.2000
1789192709.3696,11.2000,2.6000,-0.3467,0.3250,2.2000,0.9000,0.2000
1789192709.4531,11.2500,2.6000,-0.3442,0.3250,2.2000,0.9000,0.2000
1789192709.5360,11.3000,2.6000,-0.3417,0.3250,2.2000,0.9000,0.2000
1789192709.6162,11.3500,2.6000,-0.3394,0.3250,2.2000,0.9000,0.2000
1789192709.6912,11.4000,2.6000,-0.3370,0.3250,2.2000,0.9000,0.2000
1789192709.7748,11.4500,2.6000,-0.3348,0.3250,2.2000,0.9000,0.2000
1789192709.8527,11.5000,2.6000,-0.3326,0.3250,2.2000,0.9000,0.2000
1789192709.9378,11.5500,2.6000,-0.3305,0.3250,2.2000,0.9000,0.2000
1789192710.0213,11.6000,2.6000,-0.3285,0.3250,2.2000,0.9000,0.2000
1789192710.1048,11.6500,2.6000,-0.3265,0.3250,2.2000,0.9000,0.2000
1789192710.1881,11.7000,2.6000,-0.3246,0.3250,2.2000,0.9000,0.2000
1789192710.2717,11.7500,2.6000,-0.3228,0.3250,2.2000,0.9000,0.2000
1789192710.3542,11.8000,2.6000,-0.3210,0.3250,2.2000,0.9000,0.2000
1789192710.4385,11.8500,2.6000,-0.3193,0.3250,2.2000,0.9000,0.2000
1789192710.5200,11.9000,2.6000,-0.3177,0.3250,2.2000,0.9000,0.2000
1789192710.6026,11.9500,2.6000,-0.3161,0.3250,2.2000,0.9000,0.2000
1789192710.6846,12.0000,2.6000,-0.3147,0.3250,2.2000,0.9000,0.2000
1789192710.7673,12.0500,2.6000,-0.3133,0.3250,2.2000,0.9000,0.2000
1789192710.8502,12.1000,2.6000,-0.3119,0.3250,2.2000,0.9000,0.2000
1789192710.9349,12.1500,2.6000,-0.3106,0.3250,2.2000,0.9000,0.2000
1789192711.0189,12.2000,2.6000,-0.3094,0.3250,2.2000,0.9000,0.2000
1789192711.1022,12.2500,2.6000,-0.3083,0.3250,2.2000,0.9000,0.2000
1789192711.1855,12.3000,2.6000,-0.3073,0.3250,2.2000,0.9000,0.2000
1789192711.2678,12.3500,2.6000,-0.3063,0.3250,2.2000,0.9000,0.2000
1789192711.3512,12.4000,2.6000,-0.3054,0.3250,2.2000,0.9000,0.2000
1789192711.4337,12.4500,2.6000,-0.3045,0.3250,2.2000,0.9000,0.2000
1789192711.5175,12.5000,2.6000,-0.3038,0.3250,2.2000,0.9000,0.2000
1789192711.6003,12.5500,2.6000,-0.3031,0.3250,2.2000,0.9000,0.2000
1789192711.6845,12.6000,2.6000,-0.3025,0.3250,2.2000,0.9000,0.2000
1789192711.7678,12.6500,2.6000,-0.3019,0.3250,2.2000,0.9000,0.2000
1789192711.8518,12.7000,2.6000,-0.3014,0.3250,2.2000,0.9000,0.2000
1789192711.9346,12.7500,2.6000,-0.3010,0.3250,2.2000,0.9000,0.2000
1789192712.0185,12.8000,2.6000,-0.3007,0.3250,2.2000,0.9000,0.2000
1789192712.0990,12.8500,2.6000,-0.3005,0.3250,2.2000,0.9000,0.2000
1789192712.1783,12.9000,2.6000,-0.3003,0.3250,2.2000,0.9000,0.2000
1789192712.2601,12.9500,2.6000,-0.3002,0.3250,2.2000,0.9000,0.2000
1789192712.3433,13.0000,2.6000,-0.3001,0.3250,2.2000,0.9000,0.2000
1789192712.4268,13.0500,2.6000,-0.3002,0.3250,2.2000,0.9000,0.2000
1789192712.5106,13.1000,2.6000,-0.3003,0.3250,2.2000,0.9000,0.2000
1789192712.5936,13.1500,2.6000,-0.3005,0.3250,2.2000,0.9000,0.2000
1789192712.6765,13.2000,2.6000,-0.3007,0.3250,2.2000,0.9000,0.2000
1789192712.7600,13.2500,2.6000,-0.3010,0.3250,2.2000,0.9000,0.2000
1789192712.8423,13.3000,2.6000,-0.3014,0.3250,2.2000,0.9000,0.2000
1789192712.9254,13.3500,2.6000,-0.3019,0.3250,2.2000,0.9000,0.2000
1789192713.0071,13.4000,2.6000,-0.3025,0.3250,2.2000,0.9000,0.2000
1789192713.0905,13.4500,2.6000,-0.3031,0.3250,2.2000,0.9000,0.2000
1789192713.1728,13.5000,2.6000,-0.3038,0.3250,2.2000,0.9000,0.2000
1789192713.2564,13.5500,2.6000,-0.3045,0.3250,2.2000,0.9000,0.2000
1789192713.3395,13.6000,2.6000,-0.3054,0.3250,2.2000,0.9000,0.2000
1789192713.4232,13.6500,2.6000,-0.3063,0.3250,2.2000,0.9000,0.2000
1789192713.5056,13.7000,2.6000,-0.3073,0.3250,2.2000,0.9000,0.2000
1789192713.5889,13.7500,2.6000,-0.3083,0.3250,2.2000,0.9000,0.2000
1789192713.6704,13.8000,2.6000,-0.3094,0.3250,2.2000,0.9000,0.2000
1789192713.7530,13.8500,2.6000,-0.3106,0.3250,2.2000,0.9000,0.2000
1789192713.8357,13.9000,2.6000,-0.3119,0.3250,2.2000,0.9000,0.2000
1789192713.9191,13.9500,2.6000,-0.3133,0.3250,2.2000,0.9000,0.2000
1789192714.0035,14.0000,2.6000,-0.3147,0.3250,2.2000,0.9000,0.2000
1789192714.0867,14.0500,2.6000,-0.3161,0.3250,2.2000,0.9000,0.2000
1789192714.1714,14.1000,2.6000,-0.3177,0.3250,2.2000,0.9000,0.2000
1789192714.2542,14.1500,2.6000,-0.3193,0.3250,2.2000,0.9000,0.2000
1789192714.3377,14.2000,2.6000,-0.3210,0.3250,2.2000,0.9000,0.2000
1789192714.4207,14.2500,2.6000,-0.3228,0.3250,2.2000,0.9000,0.2000
1789192714.5058,14.3000,2.6000,-0.3246,0.3250,2.2000,0.9000,0.2000
1789192714.5882,14.3500,2.6000,-0.3265,0.3250,2.2000,0.9000,0.2000
1789192714.6721,14.4000,2.6000,-0.3285,0.3250,2.2000,0.9000,0.2000
1789192714.7552,14.4500,2.6000,-0.3305,0.3250,2.2000,0.9000,0.2000
1789192714.8388,14.5000,2.6000,-0.3326,0.3250,2.2000,0.9000,0.2000
1789192714.9218,14.5500,2.6000,-0.3348,0.3250,2.2000,0.9000,0.2000
1789192715.0045,14.6000,2.6000,-0.3370,0.3250,2.2000,0.9000,0.2000
1789192715.0881,14.6500,2.6000,-0.3393,0.3250,2.2000,0.9000,0.2000
1789192715.1712,14.7000,2.6000,-0.3417,0.3250,2.2000,0.9000,0.2000
1789192715.2530,14.7500,2.6000,-0.3442,0.3250,2.2000,0.9000,0.2000
1789192715.3347,14.8000,2.6000,-0.3467,0.3250,2.2000,0.9000,0.2000
1789192715.4173,14.8500,2.6000,-0.3493,0.3250,2.2000,0.9000,0.2000
1789192715.5002,14.9000,2.6000,-0.3519,0.3250,2.2000,0.9000,0.2000
1789192715.5842,14.9500,2.6000,-0.3546,0.3250,2.2000,0.9000,0.2000
1789192715.6668,15.0000,2.6000,-0.3574,0.3250,2.2000,0.9000,0.2000
1789192715.7519,15.0500,2.6000,-0.3602,0.3250,2.2000,0.9000,0.2000
1789192715.8354,15.1000,2.6000,-0.3631,0.3250,2.2000,0.9000,0.2000
1789192715.9184,15.1500,2.6000,-0.3661,0.3250,2.2000,0.9000,0.2000
1789192716.0022,15.2000,2.6000,-0.3691,0.3250,2.2000,0.9000,0.2000
1789192716.0862,15.2500,2.6000,-0.3722,0.3250,2.2000,0.9000,0.2000
1789192716.1690,15.3000,2.6000,-0.3754,0.3250,2.2000,0.9000,0.2000
1789192716.2526,15.3500,2.6000,-0.3786,0.3250,2.2000,0.9000,0.2000
1789192716.3358,15.4000,2.6000,-0.3819,0.3250,2.2000,0.9000,0.2000
1789192716.4183,15.4500,2.6000,-0.3852,0.3250,2.2000,0.9000,0.2000
1789192716.5017,15.5000,2.6000,-0.3886,0.3250,2.2000,0.9000,0.2000
1789192716.5850,15.5500,2.6000,-0.3921,0.3250,2.2000,0.9000,0.2000
1789192716.6664,15.6000,2.6000,-0.3956,0.3250,2.2000,0.9000,0.2000
1789192716.7465,15.6500,2.6000,-0.3992,0.3250,2.2000,0.9000,0.2000
1789192716.8282,15.7000,2.6000,-0.4028,0.3250,2.2000,0.9000,0.2000
1789192716.9093,15.7500,2.6000,-0.4065,0.3250,2.2000,0.9000,0.2000
1789192716.9884,15.8000,2.6000,-0.4103,0.3250,2.2000,0.9000,0.2000
1789192717.0677,15.8500,2.6000,-0.4141,0.3250,2.2000,0.9000,0.2000
1789192717.1479,15.9000,2.6000,-0.4179,0.3250,2.2000,0.9000,0.2000
1789192717.2291,15.9500,2.6000,-0.4219,0.3250,2.2000,0.9000,0.2000
1789192717.3108,16.0000,2.6000,-0.4258,0.3250,2.2000,0.9000,0.2000
1789192717.3929,16.0500,2.6000,-0.4299,0.3250,2.2000,0.9000,0.2000
1789192717.4761,16.1000,2.6000,-0.4340,0.3250,2.2000,0.9000,0.2000
1789192717.5593,16.1500,2.6000,-0.4381,0.3250,2.2000,0.9000,0.2000
1789192717.6444,16.2000,2.6000,-0.4423,0.3250,2.2000,0.9000,0.2000
1789192717.7267,16.2500,2.6000,-0.4465,0.3250,2.2000,0.9000,0.2000
1789192717.8128,16.3000,2.6000,-0.4508,0.3250,2.2000,0.9000,0.2000
1789192717.8958,16.3500,2.6000,-0.4552,0.3250,2.2000,0.9000,0.2000
1789192717.9804,16.4000,2.6000,-0.4596,0.3250,2.2000,0.9000,0.2000
1789192718.0648,16.4500,2.6000,-0.4640,0.3250,2.2000,0.9000,0.2000
1789192718.1486,16.5000,2.6000,-0.4685,0.3250,2.2000,0.9000,0.2000
1789192718.2330,16.5500,2.6000,-0.4731,0.3250,2.2000,0.9000,0.2000
1789192718.3119,16.6000,2.6000,-0.4777,0.3250,2.2000,0.9000,0.2000
1789192718.3941,16.6500,2.6000,-0.4823,0.3250,2.2000,0.9000,0.2000
1789192718.4756,16.7000,2.6000,-0.4870,0.3250,2.2000,0.9000,0.2000
1789192718.5569,16.7500,2.6000,-0.4917,0.3250,2.2000,0.9000,0.2000
1789192718.6385,16.8000,2.6000,-0.4965,0.3250,2.2000,0.9000,0.2000
1789192718.7203,16.8500,2.6000,-0.5013,0.3250,2.2000,0.9000,0.2000
1789192718.8026,16.9000,2.6000,-0.5062,0.3250,2.2000,0.9000,0.2000
1789192718.8854,16.9500,2.6000,-0.5111,0.3250,2.2000,0.9000,0.2000
1789192718.9678,17.0000,2.6000,-0.5160,0.3250,2.2000,0.9000,0.2000
1789192719.0507,17.0500,2.6000,-0.5210,0.3250,2.2000,0.9000,0.2000
1789192719.1321,17.1000,2.6000,-0.5261,0.3250,2.2000,0.9000,0.2000
1789192719.2142,17.1500,2.6000,-0.5311,0.3250,2.2000,0.9000,0.2000
1789192719.2970,17.2000,2.6000,-0.5362,0.3250,2.2000,0.9000,0.2000
1789192719.3812,17.2500,2.6000,-0.5414,0.3250,2.2000,0.9000,0.2000
1789192719.4651,17.3000,2.6000,-0.5466,0.3250,2.2000,0.9000,0.2000
1789192719.5452,17.3500,2.6000,-0.5518,0.3250,2.2000,0.9000,0.2000
1789192719.6273,17.4000,2.6000,-0.5571,0.3250,2.2000,0.9000,0.2000
1789192719.7096,17.4500,2.6000,-0.5624,0.3250,2.2000,0.9000,0.2000
1789192719.7921,17.5000,2.6000,-0.5677,0.3250,2.2000,0.9000,0.2000
1789192719.8754,17.5500,2.6000,-0.5731,0.3250,2.2000,0.9000,0.2000
1789192719.9588,17.6000,2.6000,-0.5785,0.3250,2.2000,0.9000,0.2000
1789192720.0415,17.6500,2.6000,-0.5839,0.3250,2.2000,0.9000,0.2000
1789192720.1244,17.7000,2.6000,-0.5893,0.3250,2.2000,0.9000,0.2000
1789192720.2065,17.7500,2.6000,-0.5948,0.3250,2.2000,0.9000,0.2000
1789192720.2894,17.8000,2.6000,-0.6004,0.3250,2.2000,0.9000,0.2000
1789192720.3697,17.8500,2.6000,-0.6059,0.3250,2.2000,0.9000,0.2000
1789192720.4525,17.9000,2.6000,-0.6115,0.3250,2.2000,0.9000,0.2000
1789192720.5353,17.9500,2.6000,-0.6171,0.3250,2.2000,0.9000,0.2000
1789192720.6193,18.0000,2.6000,-0.6227,0.3250,2.2000,0.9000,0.2000
1789192720.7026,18.0500,2.6000,-0.6284,0.3250,2.2000,0.9000,0.2000
1789192720.7865,18.1000,2.6000,-0.6341,0.3250,2.2000,0.9000,0.2000
1789192720.8699,18.1500,2.6000,-0.6398,0.3250,2.2000,0.9000,0.2000
1789192720.9546,18.2000,2.6000,-0.6455,0.3250,2.2000,0.9000,0.2000
1789192721.0377,18.2500,2.6000,-0.6513,0.3250,2.2000,0.9000,0.2000
1789192721.1219,18.3000,2.6000,-0.6570,0.3250,2.2000,0.9000,0.2000
1789192721.2035,18.3500,2.6000,-0.6628,0.3250,2.2000,0.9000,0.2000
1789192721.2880,18.4000,2.6000,-0.6687,0.3250,2.2000,0.9000,0.2000
1789192721.3711,18.4500,2.6000,-0.6745,0.3250,2.2000,0.9000,0.2000
1789192721.4534,18.5000,2.6000,-0.6804,0.3250,2.2000,0.9000,0.2000
1789192721.5352,18.5500,2.6000,-0.6862,0.3250,2.2000,0.9000,0.2000
1789192721.6172,18.6000,2.6000,-0.6921,0.3250,2.2000,0.9000,0.2000
1789192721.6998,18.6500,2.6000,-0.6980,0.3250,2.2000,0.9000,0.2000
1789192721.7823,18.7000,2.6000,-0.7039,0.3250,2.2000,0.9000,0.2000
1789192721.8656,18.7500,2.6000,-0.7099,0.3250,2.2000,0.9000,0.2000
1789192721.9476,18.8000,2.6000,-0.7158,0.3250,2.2000,0.9000,0.2000
1789192722.0301,18.8500,2.6000,-0.7218,0.3250,2.2000,0.9000,0.2000
1789192722.1110,18.9000,2.6000,-0.7277,0.3250,2.2000,0.9000,0.2000
1789192722.1930,18.9500,2.6000,-0.7337,0.3250,2.2000,0.9000,0.2000
1789192722.2740,19.0000,2.6000,-0.7397,0.3250,2.2000,0.9000,0.2000
1789192722.3567,19.0500,2.6000,-0.7457,0.3250,2.2000,0.9000,0.2000
1789192722.4398,19.1000,2.6000,-0.7517,0.3250,2.2000,0.9000,0.2000
1789192722.5233,19.1500,2.6000,-0.7577,0.3250,2.2000,0.9000,0.2000
1789192722.6061,19.2000,2.6000,-0.7638,0.3250,2.2000,0.9000,0.2000
1789192722.6908,19.2500,2.6000,-0.7698,0.3250,2.2000,0.9000,0.2000
1789192722.7716,19.3000,2.6000,-0.7758,0.3250,2.2000,0.9000,0.2000
1789192722.8543,19.3500,2.6000,-0.7819,0.3250,2.2000,0.9000,0.2000
1789192722.9364,19.4000,2.6000,-0.7879,0.3250,2.2000,0.9000,0.2000
1789192723.0194,19.4500,2.6000,-0.7939,0.3250,2.2000,0.9000,0.2000
1789192723.1054,19.5000,2.6000,-0.8000,0.3250,2.2000,0.9000,0.2000
1789192723.1858,19.5500,2.6000,-0.8060,0.3250,2.2000,0.9000,0.2000
1789192723.2663,19.6000,2.6000,-0.8120,0.3250,2.2000,0.9000,0.2000
1789192723.3473,19.6500,2.6000,-0.8181,0.3250,2.2000,0.9000,0.2000
1789192723.4283,19.7000,2.6000,-0.8241,0.3250,2.2000,0.9000,0.2000
1789192723.5096,19.7500,2.6000,-0.8301,0.3250,2.2000,0.9000,0.2000
1789192723.5923,19.8000,2.6000,-0.8362,0.3250,2.2000,0.9000,0.2000
1789192723.6723,19.8500,2.6000,-0.8422,0.3250,2.2000,0.9000,0.2000
1789192723.7553,19.9000,2.6000,-0.8482,0.3250,2.2000,0.9000,0.2000
1789192723.8375,19.9500,2.6000,-0.8542,0.3250,2.2000,0.9000,0.2000
1789192723.9206,20.0000,2.6000,-0.8602,0.3250,2.2000,0.9000,0.2000
1789192724.0031,20.0500,2.6000,-0.8662,0.3250,2.2000,0.9000,0.2000
1789192724.0852,20.1000,2.6000,-0.8722,0.3250,2.2000,0.9000,0.2000
1789192724.1668,20.1500,2.6000,-0.8781,0.3250,2.2000,0.9000,0.2000
1789192724.2515,20.2000,2.6000,-0.8841,0.3250,2.2000,0.9000,0.2000
1789192724.3338,20.2500,2.6000,-0.8901,0.3250,2.2000,0.9000,0.2000
1789192724.4181,20.3000,2.6000,-0.8960,0.3250,2.2000,0.9000,0.2000
1789192724.5011,20.3500,2.6000,-0.9019,0.3250,2.2000,0.9000,0.2000
1789192724.5843,20.4000,2.6000,-0.9078,0.3250,2.2000,0.9000,0.2000
1789192724.6708,20.4500,2.6000,-0.9137,0.3250,2.2000,0.9000,0.2000
1789192724.7531,20.5000,2.6000,-0.9196,0.3250,2.2000,0.9000,0.2000
1789192724.8370,20.5500,2.6000,-0.9254,0.3250,2.2000,0.9000,0.2000
1789192724.9201,20.6000,2.6000,-0.9313,0.3250,2.2000,0.9000,0.2000
1789192725.0013,20.6500,2.6000,-0.9371,0.3250,2.2000,0.9000,0.2000
1789192725.0826,20.7000,2.6000,-0.9429,0.3250,2.2000,0.9000,0.2000
1789192725.1632,20.7500,2.6000,-0.9487,0.3250,2.2000,0.9000,0.2000
1789192725.2445,20.8000,2.6000,-0.9544,0.3250,2.2000,0.9000,0.2000
1789192725.3261,20.8500,2.6000,-0.9601,0.3250,2.2000,0.9000,0.2000
1789192725.4083,20.9000,2.6000,-0.9658,0.3250,2.2000,0.9000,0.2000
1789192725.4913,20.9500,2.6000,-0.9715,0.3250,2.2000,0.9000,0.2000
1789192725.5740,21.0000,2.6000,-0.9772,0.3250,2.2000,0.9000,0.2000
1789192725.6574,21.0500,2.6000,-0.9828,0.3250,2.2000,0.9000,0.2000
1789192725.7402,21.1000,2.6000,-0.9884,0.3250,2.2000,0.9000,0.2000
1789192725.8245,21.1500,2.6000,-0.9940,0.3250,2.2000,0.9000,0.2000
1789192725.9078,21.2000,2.6000,-0.9996,0.3250,2.2000,0.9000,0.2000
1789192725.9930,21.2500,2.6000,-1.0051,0.3250,2.2000,0.9000,0.2000
1789192726.0770,21.3000,2.6000,-1.0106,0.3250,2.2000,0.9000,0.2000
1789192726.1609,21.3500,2.6000,-1.0160,0.3250,2.2000,0.9000,0.2000
1789192726.2419,21.4000,2.6000,-1.0215,0.3250,2.2000,0.9000,0.2000
1789192726.3224,21.4500,2.6000,-1.0269,0.3250,2.2000,0.9000,0.2000
1789192726.4042,21.5000,2.6000,-1.0322,0.3250,2.2000,0.9000,0.2000
1789192726.4854,21.5500,2.6000,-1.0376,0.3250,2.2000,0.9000,0.2000
1789192726.5666,21.6000,2.6000,-1.0428,0.3250,2.2000,0.9000,0.2000
1789192726.6478,21.6500,2.6000,-1.0481,0.3250,2.2000,0.9000,0.2000
1789192726.7300,21.7000,2.6000,-1.0533,0.3250,2.2000,0.9000,0.2000
1789192726.8122,21.7500,2.6000,-1.0585,0.3250,2.2000,0.9000,0.2000
1789192726.8950,21.8000,2.6000,-1.0637,0.3250,2.2000,0.9000,0.2000
1789192726.9774,21.8500,2.6000,-1.0688,0.3250,2.2000,0.9000,0.2000
1789192727.0627,21.9000,2.6000,-1.0738,0.3250,2.2000,0.9000,0.2000
1789192727.1461,21.9500,2.6000,-1.0789,0.3250,2.2000,0.9000,0.2000
1789192727.2318,22.0000,2.6000,-1.0839,0.3250,2.2000,0.9000,0.2000
1789192727.3149,22.0500,2.6000,-1.0888,0.3250,2.2000,0.9000,0.2000
1789192727.3999,22.1000,2.6000,-1.0937,0.3250,2.2000,0.9000,0.2000
1789192727.4801,22.1500,2.6000,-1.0986,0.3250,2.2000,0.9000,0.2000
1789192727.5618,22.2000,2.6000,-1.1034,0.3250,2.2000,0.9000,0.2000
1789192727.6413,22.2500,2.6000,-1.1082,0.3250,2.2000,0.9000,0.2000
1789192727.7193,22.3000,2.6000,-1.1129,0.3250,2.2000,0.9000,0.2000
1789192727.7978,22.3500,2.6000,-1.1176,0.3250,2.2000,0.9000,0.2000
1789192727.8816,22.4000,2.6000,-1.1222,0.3250,2.2000,0.9000,0.2000
1789192727.9650,22.4500,2.6000,-1.1268,0.3250,2.2000,0.9000,0.2000
1789192728.0515,22.5000,2.6000,-1.1314,0.3250,2.2000,0.9000,0.2000
1789192728.1375,22.5500,2.6000,-1.1359,0.3250,2.2000,0.9000,0.2000
1789192728.2207,22.6000,2.6000,-1.1403,0.3250,2.2000,0.9000,0.2000
1789192728.3044,22.6500,2.6000,-1.1447,0.3250,2.2000,0.9000,0.2000
1789192728.3865,22.7000,2.6000,-1.1491,0.3250,2.2000,0.9000,0.2000
1789192728.4707,22.7500,2.6000,-1.1534,0.3250,2.2000,0.9000,0.2000
1789192728.5540,22.8000,2.6000,-1.1576,0.3250,2.2000,0.9000,0.2000
1789192728.6378,22.8500,2.6000,-1.1618,0.3250,2.2000,0.9000,0.2000
1789192728.7216,22.9000,2.6000,-1.1659,0.3250,2.2000,0.9000,0.2000
1789192728.8048,22.9500,2.6000,-1.1700,0.3250,2.2000,0.9000,0.2000
1789192728.8893,23.0000,2.6000,-1.1740,0.3250,2.2000,0.9000,0.2000
1789192728.9713,23.0500,2.6000,-1.1780,0.3250,2.2000,0.9000,0.2000
1789192729.0588,23.1000,2.6000,-1.1819,0.3250,2.2000,0.9000,0.2000
1789192729.1443,23.1500,2.6000,-1.1858,0.3250,2.2000,0.9000,0.2000
1789192729.2303,23.2000,2.6000,-1.1896,0.3250,2.2000,0.9000,0.2000
1789192729.3135,23.2500,2.6000,-1.1934,0.3250,2.2000,0.9000,0.2000
1789192729.3978,23.3000,2.6000,-1.1971,0.3250,2.2000,0.9000,0.2000
1789192729.4802,23.3500,2.6000,-1.2007,0.3250,2.2000,0.9000,0.2000
1789192729.5675,23.4000,2.6000,-1.2043,0.3250,2.2000,0.9000,0.2000
1789192729.6532,23.4500,2.6000,-1.2078,0.3250,2.2000,0.9000,0.2000
1789192729.7403,23.5000,2.6000,-1.2113,0.3250,2.2000,0.9000,0.2000
1789192729.8257,23.5500,2.6000,-1.2147,0.3250,2.2000,0.9000,0.2000
1789192729.9120,23.6000,2.6000,-1.2180,0.3250,2.2000,0.9000,0.2000
1789192729.9968,23.6500,2.6000,-1.2213,0.3250,2.2000,0.9000,0.2000
1789192730.0808,23.7000,2.6000,-1.2245,0.3250,2.2000,0.9000,0.2000
1789192730.1663,23.7500,2.6000,-1.2277,0.3250,2.2000,0.9000,0.2000
1789192730.2528,23.8000,2.6000,-1.2307,0.3250,2.2000,0.9000,0.2000
1789192730.3381,23.8500,2.6000,-1.2338,0.3250,2.2000,0.9000,0.2000
1789192730.4223,23.9000,2.6000,-1.2367,0.3250,2.2000,0.9000,0.2000
1789192730.5072,23.9500,2.6000,-1.2396,0.3250,2.2000,0.9000,0.2000
1789192730.5919,24.0000,2.6000,-1.2425,0.3250,2.2000,0.9000,0.2000
1789192730.6756,24.0500,2.6000,-1.2453,0.3250,2.2000,0.9000,0.2000
1789192730.7626,24.1000,2.6000,-1.2480,0.3250,2.2000,0.9000,0.2000
1789192730.8494,24.1500,2.6000,-1.2506,0.3250,2.2000,0.9000,0.2000
1789192730.9362,24.2000,2.6000,-1.2532,0.3250,2.2000,0.9000,0.2000
1789192731.0210,24.2500,2.6000,-1.2557,0.3250,2.2000,0.9000,0.2000
1789192731.1058,24.3000,2.6000,-1.2581,0.3250,2.2000,0.9000,0.2000
1789192731.1893,24.3500,2.6000,-1.2605,0.3250,2.2000,0.9000,0.2000
1789192731.2749,24.4000,2.6000,-1.2628,0.3250,2.2000,0.9000,0.2000
1789192731.3571,24.4500,2.6000,-1.2651,0.3250,2.2000,0.9000,0.2000
1789192731.4433,24.5000,2.6000,-1.2673,0.3250,2.2000,0.9000,0.2000
1789192731.5298,24.5500,2.6000,-1.2694,0.3250,2.2000,0.9000,0.2000
1789192731.6145,24.6000,2.6000,-1.2714,0.3250,2.2000,0.9000,0.2000
1789192731.6989,24.6500,2.6000,-1.2734,0.3250,2.2000,0.9000,0.2000
1789192731.7834,24.7000,2.6000,-1.2753,0.3250,2.2000,0.9000,0.2000
1789192731.8722,24.7500,2.6000,-1.2771,0.3250,2.2000,0.9000,0.2000
1789192731.9595,24.8000,2.6000,-1.2789,0.3250,2.2000,0.9000,0.2000
1789192732.0415,24.8500,2.6000,-1.2806,0.3250,2.2000,0.9000,0.2000
1789192732.1220,24.9000,2.6000,-1.2822,0.3250,2.2000,0.9000,0.2000
1789192732.2027,24.9500,2.6000,-1.2837,0.3250,2.2000,0.9000,0.2000
1789192732.2840,25.0000,2.6000,-1.2852,0.3250,2.2000,0.9000,0.2000
1789192732.3666,25.0500,2.6000,-1.2866,0.3250,2.2000,0.9000,0.2000
1789192732.4500,25.1000,2.6000,-1.2880,0.3250,2.2000,0.9000,0.2000
1789192732.5334,25.1500,2.6000,-1.2892,0.3250,2.2000,0.9000,0.2000
1789192732.6171,25.2000,2.6000,-1.2904,0.3250,2.2000,0.9000,0.2000
1789192732.7052,25.2500,2.6000,-1.2915,0.3250,2.2000,0.9000,0.2000
1789192732.7895,25.3000,2.6000,-1.2926,0.3250,2.2000,0.9000,0.2000
1789192732.8732,25.3500,2.6000,-1.2936,0.3250,2.2000,0.9000,0.2000
1789192732.9596,25.4000,2.6000,-1.2945,0.3250,2.2000,0.9000,0.2000
1789192733.0454,25.4500,2.6000,-1.2953,0.3250,2.2000,0.9000,0.2000
1789192733.1293,25.5000,2.6000,-1.2961,0.3250,2.2000,0.9000,0.2000
1789192733.2143,25.5500,2.6000,-1.2968,0.3250,2.2000,0.9000,0.2000
1789192733.2992,25.6000,2.6000,-1.2974,0.3250,2.2000,0.9000,0.2000
1789192733.3842,25.6500,2.6000,-1.2979,0.3250,2.2000,0.9000,0.2000
1789192733.4694,25.7000,2.6000,-1.2984,0.3250,2.2000,0.9000,0.2000
1789192733.5543,25.7500,2.6000,-1.2988,0.3250,2.2000,0.9000,0.2000
1789192733.6379,25.8000,2.6000,-1.2991,0.3250,2.2000,0.9000,0.2000
1789192733.7228,25.8500,2.6000,-1.2994,0.3250,2.2000,0.9000,0.2000
1789192733.8094,25.9000,2.6000,-1.2996,0.3250,2.2000,0.9000,0.2000
1789192733.8936,25.9500,2.6000,-1.2997,0.3250,2.2000,0.9000,0.2000
1789192733.9769,26.0000,2.6000,-1.2997,0.3250,2.2000,0.9000,0.2000
1789192734.0607,26.0500,2.6000,-1.2997,0.3250,2.2000,0.9000,0.2000
1789192734.1450,26.1000,2.6000,-1.2996,0.3250,2.2000,0.9000,0.2000
1789192734.2291,26.1500,2.6000,-1.2994,0.3250,2.2000,0.9000,0.2000
1789192734.3124,26.2000,2.6000,-1.2991,0.3250,2.2000,0.9000,0.2000
1789192734.3961,26.2500,2.6000,-1.2988,0.3250,2.2000,0.9000,0.2000
1789192734.4814,26.3000,2.6000,-1.2984,0.3250,2.2000,0.9000,0.2000
1789192734.5603,26.3500,2.6000,-1.2979,0.3250,2.2000,0.9000,0.2000
1789192734.6419,26.4000,2.6000,-1.2974,0.3250,2.2000,0.9000,0.2000
1789192734.7237,26.4500,2.6000,-1.2968,0.3250,2.2000,0.9000,0.2000
1789192734.8082,26.5000,2.6000,-1.2961,0.3250,2.2000,0.9000,0.2000
1789192734.8937,26.5500,2.6000,-1.2953,0.3250,2.2000,0.9000,0.2000
1789192734.9789,26.6000,2.6000,-1.2945,0.3250,2.2000,0.9000,0.2000
1789192735.0644,26.6500,2.6000,-1.2936,0.3250,2.2000,0.9000,0.2000
1789192735.1492,26.7000,2.6000,-1.2926,0.3250,2.2000,0.9000,0.2000
1789192735.2327,26.7500,2.6000,-1.2915,0.3250,2.2000,0.9000,0.2000
1789192735.3153,26.8000,2.6000,-1.2904,0.3250,2.2000,0.9000,0.2000
1789192735.3998,26.8500,2.6000,-1.2892,0.3250,2.2000,0.9000,0.2000
1789192735.4862,26.9000,2.6000,-1.2880,0.3250,2.2000,0.9000,0.2000
1789192735.5720,26.9500,2.6000,-1.2866,0.3250,2.2000,0.9000,0.2000
1789192735.6559,27.0000,2.6000,-1.2852,0.3250,2.2000,0.9000,0.2000
1789192735.7402,27.0500,2.6000,-1.2837,0.3250,2.2000,0.9000,0.2000
1789192735.8235,27.1000,2.6000,-1.2822,0.3250,2.2000,0.9000,0.2000
1789192735.9084,27.1500,2.6000,-1.2806,0.3250,2.2000,0.9000,0.2000
1789192735.9960,27.2000,2.6000,-1.2789,0.3250,2.2000,0.9000,0.2000
1789192736.0819,27.2500,2.6000,-1.2771,0.3250,2.2000,0.9000,0.2000
1789192736.1673,27.3000,2.6000,-1.2753,0.3250,2.2000,0.9000,0.2000
1789192736.2537,27.3500,2.6000,-1.2734,0.3250,2.2000,0.9000,0.2000
1789192736.3390,27.4000,2.6000,-1.2714,0.3250,2.2000,0.9000,0.2000
1789192736.4227,27.4500,2.6000,-1.2694,0.3250,2.2000,0.9000,0.2000
1789192736.5072,27.5000,2.6000,-1.2673,0.3250,2.2000,0.9000,0.2000
1789192736.5927,27.5500,2.6000,-1.2651,0.3250,2.2000,0.9000,0.2000
