applied_lat_ms,applied_t,cmd_vx,cmd_yaw,conf,event,frame_age,frame_count,fw_ts,pitch,px,py,pz,roll,size,size_bucket,streak,t,t_proc,torn_frames,tracking,wall,x,x_bin,x_soft,yaw
154.07449996564537,11.184759708005004,0.0,0.0,0.9958309531211853,,0.028741749993059784,168,14200,0.0,8.194236847218483e-13,8.410097976103287e-14,0.8436899781227112,0.0,0.375,1,1,11.063574250030797,11.059426958032418,0,0,1789187638.5872052,-0.444444477558136,2,-0.47045978903770447,0.0
154.94108403800055,11.317710750037804,0.0,0.0,0.9970937967300415,,0.05243841698393226,170,14350,0.0,8.296428865087191e-13,8.692443872982888e-14,0.8386967182159424,0.0,0.375,1,2,11.216429624997545,11.215208082983736,0,0,1789187638.7400582,-0.444444477558136,2,-0.46620073914527893,0.0
153.02366600371897,11.516376166022383,0.2,26.66666865348816,0.9971879124641418,,0.006271707999985665,173,14499,0.0,8.391527490242412e-13,8.964230995955197e-14,0.8350591063499451,0.0,0.375,1,3,11.370764416002203,11.36962420801865,0,1,1789187638.894392,-0.444444477558136,2,-0.4704722762107849,0.0
153.93687499454245,11.650768249994144,0.2,26.66666865348816,0.9975441098213196,,0.028422333009075373,175,14649,0.0,8.502035880875169e-13,9.290347489790754e-14,0.8320385813713074,0.0,0.375,1,4,11.526477791019715,11.525253708008677,0,1,1789187639.050105,-0.444444477558136,2,-0.4579267203807831,0.0
154.40841700183228,11.78444000001764,0.2,26.66666865348816,0.9991344809532166,,0.049401416967157274,177,14800,-3.4719040393829346,0.0005484423018060625,-5.378361720431712e-07,0.8299416303634644,-0.004179477225989103,0.375,1,5,11.680562041001394,11.679432999982964,0,1,1789187639.2041888,-0.444444477558136,2,-0.4524722397327423,0.10263041406869888
154.54579197103158,11.982410249998793,0.0,26.66666865348816,0.9975665807723999,,0.005658332956954837,180,14949,-3.081756353378296,0.007256936747580767,3.2894735340960324e-05,0.8283050060272217,0.09282035380601883,0.625,2,6,11.834748166031204,11.833522790984716,0,1,1789187639.3583748,-0.444444477558136,2,-0.4300980269908905,1.3834236860275269
155.50087502924725,12.118097875034437,0.0,26.66666865348816,0.9898620843887329,,0.025927375012543052,182,15100,-2.6096668243408203,0.020415011793375015,0.00015326295397244394,0.8270444273948669,0.08610931783914566,0.625,2,7,11.990015249990392,11.988524375017732,0,1,1789187639.513642,-0.444444477558136,2,-0.39062076807022095,4.899993419647217
153.99962494848296,12.24987170798704,0.0,13.333333432674408,0.9977684020996094,,0.04725179198430851,184,15249,0.9405632019042969,0.03326762467622757,0.0005635530687868595,0.8263905048370361,-0.12667898833751678,0.625,2,8,12.14425679098349,12.143123875022866,0,1,1789187639.667884,-0.2222222238779068,3,-0.2916928827762604,8.406383514404297
153.12354103662074,12.446501166035887,0.0,13.333333432674408,0.994745135307312,,0.0038867080002091825,187,15399,1.3946001529693604,0.04323681816458702,0.0009882102021947503,0.8259797096252441,-0.38058143854141235,0.625,2,9,12.29852250003023,12.297264332999475,0,1,1789187639.822149,-0.2222222238779068,3,-0.2284068912267685,10.994608879089355
153.16916699521244,12.582501750031952,0.2,13.333333432674408,0.9986749291419983,,0.02294029196491465,189,15550,1.3487904071807861,0.050458747893571854,0.0015886195469647646,0.8255085945129395,-0.25825080275535583,0.375,1,10,12.453477083006874,12.452272875001654,0,1,1789187639.977103,-0.2222222238779068,3,-0.21135888993740082,13.64136028289795
157.62170898960903,12.72009837499354,0.0,13.333333432674408,0.9922158122062683,,0.04401225002948195,191,15700,0.8335804343223572,0.056663040071725845,0.0021604616194963455,0.8249702453613281,-0.1373182088136673,0.625,2,11,12.608102333033457,12.606488916033413,0,1,1789187640.131728,-0.2222222238779068,3,-0.11510317027568817,16.109216690063477
155.49337503034621,12.917917416023556,0.0,0.0,0.991205632686615,,0.002166624995879829,194,15849,-2.530592441558838,0.06236253306269646,0.002792161889374256,0.8243950009346008,-0.12097971886396408,0.625,2,12,12.766201916034333,12.76459066598909,0,1,1789187640.289828,0.0,4,-0.025409311056137085,17.731800079345703
154.12949997698888,13.050066875002813,0.0,0.0,0.9962589740753174,,0.02325541595928371,196,15999,1.1698052883148193,0.07173927873373032,0.004905748181045055,0.8236365914344788,-0.03648393228650093,0.625,2,13,12.920309416018426,12.919192790985107,0,1,1789187640.443934,0.0,4,-0.019845468923449516,19.188196182250977
153.43058400321752,13.182471500011161,0.2,0.0,0.9946855306625366,,0.04450966703006998,198,16149,0.46149858832359314,0.07756852358579636,0.006416868418455124,0.8228692412376404,-0.18918335437774658,0.375,1,14,13.074861625034828,13.073550583038013,0,1,1789187640.5984871,0.0,4,-0.020100731402635574,20.927785873413086
153.16958300536498,13.31553108303342,0.0,0.0,0.994934618473053,,0.06516649998957291,200,16299,0.5392112731933594,0.08143041282892227,0.007756516337394714,0.8220533132553101,-0.16610459983348846,0.625,2,15,13.22908025002107,13.227528000017628,0,1,1789187640.752705,0.0,4,0.05876433104276657,22.619047164916992
156.3282500137575,13.518836041039322,0.0,-13.333333432674408,0.9911780953407288,,0.01900033396668732,203,16449,-2.960824728012085,0.08503797650337219,0.00917232595384121,0.8212978839874268,-0.009277387522161007,0.625,2,16,13.38261633302318,13.381508124992251,0,1,1789187640.906241,0.2222222238779068,5,0.12749166786670685,23.041439056396484
154.07616697484627,13.647378708003089,0.0,-13.333333432674408,0.9922566413879395,,0.04356395895592868,205,16599,1.2205744981765747,0.09365237504243851,0.012550704181194305,0.8204365372657776,0.0041900393553078175,0.625,2,17,13.538452374981716,13.536866499984171,0,1,1789187641.062077,0.2222222238779068,5,0.17577369511127472,22.94993019104004
154.10679095657542,13.781239165982697,0.0,-13.333333432674408,0.9877185821533203,,0.06405637500574812,207,16749,1.108850121498108,0.0996604934334755,0.015137845650315285,0.819640040397644,-0.026270359754562378,0.625,2,18,13.692462874983903,13.69118875003187,0,1,1789187641.216087,0.2222222238779068,5,0.18319927155971527,22.983455657958984
153.5642080125399,13.983735916030128,0.0,-13.333333432674408,0.9620680212974548,,0.019542207999620587,210,16950,0.46148112416267395,0.10294602066278458,0.01680012047290802,0.8188467621803284,0.034028831869363785,0.625,2,19,13.85119862499414,13.849713916017208,0,1,1789187641.374822,0.2222222238779068,5,0.17790356278419495,22.454856872558594
153.42337498441339,14.116520999989007,0.0,-13.333333432674408,0.9965987801551819,,0.04542329098330811,212,17100,0.17183464765548706,0.1052684634923935,0.017959963530302048,0.8182960152626038,0.04290015622973442,0.625,2,20,14.009738708031364,14.008520915987901,0,1,1789187641.533362,0.2222222238779068,5,0.15229132771492004,20.736896514892578
154.61404103552923,14.250675916031469,0.0,-13.333333432674408,0.9900434017181396,,0.06641333299921826,214,17249,0.3316010534763336,0.10742224752902985,0.019078105688095093,0.8177829384803772,0.03757539391517639,0.625,2,21,14.164121291018091,14.162475207995158,0,1,1789187641.687747,0.2222222238779068,5,0.10336744785308838,18.616565704345703
155.98304104059935,14.452497541031335,0.0,0.0,0.9886177182197571,,0.023972249997314066,217,17400,0.20932908356189728,0.10891034454107285,0.01997523568570614,0.8172883987426758,0.04563809931278229,0.625,2,22,14.322076541022398,14.32048674998805,0,1,1789187641.845699,0.0,4,0.08995204418897629,17.166728973388672
156.30462497938424,14.58674883301137,0.0,0.0,0.9924531579017639,,0.04434170795138925,219,17550,0.1168232187628746,0.10987996309995651,0.020680584013462067,0.816814124584198,0.04541819542646408,0.625,2,23,14.47589041601168,14.474785915983375,0,1,1789187641.9995131,0.0,4,0.07478392124176025,15.902527809143066
154.531791980844,14.71797024999978,0.0,0.0,0.9996026158332825,,0.06638266699155793,221,17699,0.12524987757205963,0.1105734184384346,0.021299734711647034,0.816298246383667,0.04813331738114357,0.625,2,24,14.631062583008315,14.629821125010494,0,1,1789187642.154685,0.0,4,0.031421128660440445,14.207176208496094
156.35279100388288,14.92051641602302,0.0,0.0,0.9997765421867371,,0.02400887501426041,224,17849,0.0744049996137619,0.11103350669145584,0.021819308400154114,0.8157984614372253,0.04386115074157715,0.625,2,25,14.789407790987752,14.788172500033397,0,1,1789187642.31303,0.0,4,0.05071884021162987,13.14757251739502
155.18545801751316,15.051856708014384,0.0,0.0,0.9978238344192505,,0.048868499987293035,226,18000,0.038557399064302444,0.11138416081666946,0.02233855053782463,0.8152725100517273,0.043486375361680984,0.625,2,26,14.947036915982608,14.945539749984164,0,1,1789187642.470659,0.0,4,0.07560385018587112,13.183431625366211
154.96387501480058,15.253357833018526,0.0,-13.333333432674408,0.9974564909934998,,0.0018603330245241523,229,18149,0.03982213884592056,0.11161817610263824,0.02281545288860798,0.8147484064102173,0.041991833597421646,0.625,2,27,15.101519333024044,15.10025429102825,0,1,1789187642.625141,0.2222222238779068,5,0.15281428396701813,13.586175918579102
155.84970795316622,15.388333290989976,0.0,-13.333333432674408,0.9984297156333923,,0.022144499991554767,231,18299,0.0225925724953413,0.11175839602947235,0.023267006501555443,0.8142445087432861,0.04162175580859184,0.625,2,28,15.255964000010863,15.254628083028365,0,1,1789187642.7795851,0.2222222238779068,5,0.16350819170475006,13.428057670593262
156.04779100976884,15.523212291009258,0.0,-13.333333432674408,0.9994069337844849,,0.045335832983255386,233,18500,0.009138364344835281,0.11185794323682785,0.02384749799966812,0.8135953545570374,0.042149558663368225,0.625,2,29,15.414059791015461,15.412500332982745,0,1,1789187642.937682,0.2222222238779068,5,0.18201231956481934,12.88739013671875
153.98233296582475,15.717999165994115,0.0,-13.333333432674408,0.9912517666816711,,0.0034822080051526427,236,18649,0.008722583763301373,0.11190111935138702,0.024313906207680702,0.8130907416343689,0.04531916603446007,0.625,2,30,15.568578583013732,15.567499041033443,0,1,1789187643.0921988,0.2222222238779068,5,0.18281127512454987,12.28352165222168
155.883708037436,15.85200066602556,0.0,-13.333333432674408,0.9977643489837646,,0.025720292003825307,238,18799,0.0011419449001550674,0.11192262917757034,0.024785494431853294,0.8125659227371216,0.04728584736585617,0.625,2,31,15.723178040992934,15.72183724999195,0,1,1789187643.246798,0.2222222238779068,5,0.1674162745475769,10.743133544921875
155.23241698974743,15.984787208028138,0.0,-13.333333432674408,0.9980813264846802,,0.046834749984554946,240,18950,0.0009111667750403285,0.11193472892045975,0.02521972544491291,0.8120649456977844,0.038956109434366226,0.625,2,32,15.877697916002944,15.876389541022945,0,1,1789187643.4013178,0.2222222238779068,5,0.119838647544384,9.119894027709961
157.7699159970507,16.187394666019827,0.0,0.0,0.9955779314041138,,0.0015028329798951745,243,19101,-0.00032289803493767977,0.11194255203008652,0.025656530633568764,0.8115714192390442,0.03876600041985512,0.625,2,33,16.032370541011915,16.03112758300267,0,1,1789187643.555991,0.0,4,0.09803007543087006,7.645773887634277
155.04400001373142,16.317937583022285,0.0,0.0,0.9990087747573853,,0.024501083011273295,245,19250,-0.0039991773664951324,0.11195479333400726,0.02602817863225937,0.811120867729187,0.038920145481824875,0.625,2,34,16.18874783301726,16.187394666019827,0,1,1789187643.712367,0.0,4,0.07352109253406525,6.335195064544678
153.77341699786484,16.446472832991276,0.0,0.0,0.9998346567153931,,0.04864845902193338,247,19400,-0.00513094337657094,0.11198587715625763,0.02634933404624462,0.8106749653816223,0.035301003605127335,0.625,2,35,16.342685332987458,16.341347875015344,0,1,1789187643.866305,0.0,4,0.039776116609573364,4.766544818878174
154.77304096566513,16.58451029099524,0.0,0.0,0.9999635219573975,,0.0662131659919396,249,19549,-0.0027082075830549,0.11203408986330032,0.026609446853399277,0.8102428317070007,0.032692860811948776,0.625,2,36,16.497236916038673,16.495950416021515,0,1,1789187644.0208561,0.0,4,0.028069626539945602,3.4961278438568115
153.4057499957271,16.783878999995068,0.0,0.0,0.9998598098754883,,0.01972883299458772,252,19700,-0.002117359545081854,0.11208472400903702,0.02680356800556183,0.8098360896110535,0.022470610216259956,0.625,2,37,16.651254250027705,16.65020208299393,0,1,1789187644.174873,0.0,4,0.05843954533338547,3.145569324493408
154.966083006002,16.91913208301412,0.0,0.0,0.9982806444168091,,0.04443166602868587,254,19849,-0.0020841031800955534,0.11212468147277832,0.02694210410118103,0.8095179796218872,0.01779208891093731,0.625,2,38,16.809775915986393,16.808597666036803,0,1,1789187644.3333938,0.0,4,0.08761347085237503,3.15395188331604
154.12125003058463,17.119377250026446,0.0,-13.333333432674408,0.9995747208595276,,0.0011082080309279263,257,20049,-0.005889220163226128,0.11214981228113174,0.027085674926638603,0.8091318011283875,0.011455127038061619,0.625,2,39,16.96823762502754,16.96636420802679,0,1,1789187644.4918559,0.2222222238779068,5,0.15001210570335388,3.0315892696380615
154.29841598961502,17.253634291002527,0.0,-13.333333432674408,0.999739944934845,,0.021186332975048572,259,20199,-0.008136691525578499,0.11215159296989441,0.027175934985280037,0.8088816404342651,0.009227368980646133,0.625,2,40,17.121973790985066,17.12052220798796,0,1,1789187644.645592,0.2222222238779068,5,0.17309942841529846,2.773355722427368
153.18054100498557,17.383392165997066,0.0,-13.333333432674408,0.999099850654602,,0.047694250009953976,261,20350,-0.008036001585423946,0.11214056611061096,0.027275551110506058,0.8085935115814209,0.0091197919100523,0.625,2,41,17.27929541602498,17.277905875002034,0,1,1789187644.8029141,0.2222222238779068,5,0.19609029591083527,2.690600633621216
154.791374981869,17.584474041010253,0.0,-13.333333432674408,0.9991415739059448,,0.002685749961528927,264,20499,-0.011627702973783016,0.11211174726486206,0.02738161012530327,0.8083361387252808,0.008473592810332775,0.625,2,42,17.433627791004255,17.432368415989913,0,1,1789187644.9572449,0.2222222238779068,5,0.20291924476623535,2.1856110095977783
157.3931659804657,17.720548290992156,0.0,-13.333333432674408,0.9984647035598755,,0.0235054999939166,266,20649,-0.010764610953629017,0.11207771301269531,0.027494749054312706,0.808091402053833,0.009678252041339874,0.625,2,43,17.587872457981575,17.586660625005607,0,1,1789187645.11149,0.2222222238779068,5,0.19720473885536194,0.8604002594947815
155.0796249648556,17.851682832988445,0.0,-13.333333432674408,0.9996607303619385,,0.04878741700667888,268,20799,-0.012150340713560581,0.11204425245523453,0.027615977451205254,0.8077982664108276,0.008831227198243141,0.625,2,44,17.746886749984697,17.745390625030268,0,1,1789187645.270504,0.2222222238779068,5,0.16154298186302185,-0.9493699073791504
153.86399999260902,18.050916165986564,0.0,0.0,0.9991783499717712,,0.003638042020611465,271,20952,-0.012639057822525501,0.11202924698591232,0.027726799249649048,0.8074846863746643,0.011058726347982883,0.625,2,45,17.90175891603576,17.900690208014566,0,1,1789187645.425376,0.0,4,0.09295915067195892,-2.4516003131866455
154.2780000017956,18.184356458019465,0.0,0.0,0.9989309906959534,,0.025368666974827647,273,21101,-0.013177192769944668,0.11204269528388977,0.027808871120214462,0.8072054386138916,0.010808357037603855,0.625,2,46,18.05653166602133,18.055447124992497,0,1,1789187645.580148,0.0,4,0.0650881752371788,-3.828939914703369
154.55783298239112,18.317913666018285,0.0,0.0,0.9998570680618286,,0.0460266669979319,275,21249,-0.00600793119519949,0.11208680272102356,0.02785763330757618,0.8069307208061218,0.00969386100769043,0.625,2,47,18.210751665988937,18.209382500033826,0,1,1789187645.734368,0.0,4,0.03172427788376808,-5.5592851638793945
155.6894170353189,18.517539750027936,0.0,0.0,0.9998064637184143,,0.0024236669996753335,278,21400,-0.004800256807357073,0.11214359849691391,0.027877790853381157,0.8066378831863403,0.003870932152494788,0.625,2,48,18.36586320801871,18.364273999992292,0,1,1789187645.8894799,0.0,4,0.03598600625991821,-6.855123519897461
153.68816599948332,18.650500916002784,0.0,0.0,0.9998886585235596,,0.02199987502535805,280,21549,-0.001529956585727632,0.1122005358338356,0.027883924543857574,0.8063974976539612,0.0005452618352137506,0.625,2,49,18.519975125032943,18.51881262502866,0,1,1789187646.043591,0.0,4,0.042257651686668396,-7.211191177368164
155.28041700599715,18.78525220800657,0.0,0.0,0.9953653812408447,,0.04555279202759266,282,21749,-0.0015298501821234822,0.11226484924554825,0.02789016254246235,0.8061489462852478,0.0005477294907905161,0.625,2,50,18.676761124981567,18.675524583028164,0,1,1789187646.200377,0.0,4,0.07279829680919647,-7.120172023773193
157.7068330370821,18.98813983303262,0.0,-13.333333432674408,0.9975211024284363,,9.040988516062498e-06,285,21899,-0.004512391518801451,0.11230113357305527,0.027900857850909233,0.8060027360916138,0.0005435522180050611,0.625,2,51,18.831755332998,18.830442040984053,0,1,1789187646.355371,0.2222222238779068,5,0.1390649676322937,-7.157513618469238
156.06545796617866,19.11949679098325,0.0,-13.333333432674408,0.998278021812439,,0.02470850001554936,287,22049,-0.005677496083080769,0.11233436316251755,0.027918128296732903,0.8058585524559021,0.00037607175181619823,0.625,2,52,18.989513375039678,18.98813983303262,0,1,1789187646.513129,0.2222222238779068,5,0.1528169810771942,-7.361935138702393
154.21445900574327,19.250835000013467,0.2,-13.333333432674408,0.9989357590675354,,0.04594899999210611,289,22200,-0.006100895814597607,0.11237761378288269,0.027943424880504608,0.8056970238685608,0.0005965427844785154,0.375,1,53,19.143800290999934,19.14256954099983,0,1,1789187646.667416,0.2222222238779068,5,0.17087140679359436,-7.509469032287598
153.60341704217717,19.44889762502862,0.0,-13.333333432674408,0.9870749115943909,,0.001177750003989786,292,22350,-0.005969644989818335,0.11243895441293716,0.027967121452093124,0.8055557012557983,0.0023505145218223333,0.625,2,54,19.297632790985517,19.296471957990434,0,1,1789187646.8212469,0.2222222238779068,5,0.18312953412532806,-7.9232378005981445
156.99387498898432,19.587042041006498,0.0,-13.333333432674408,0.9994068145751953,,0.020629666978493333,294,22499,-3.96282958984375,0.11355017870664597,0.02783609740436077,0.8053455948829651,-0.031992971897125244,0.625,2,55,19.45198670803802,19.450677832996007,0,1,1789187646.975601,0.2222222238779068,5,0.15007346868515015,-9.2327299118042
157.01670799171552,19.7204441659851,0.0,-13.333333432674408,0.9953593611717224,,0.04320729203755036,296,22650,0.05408275127410889,0.12187015265226364,0.0267461147159338,0.8048807978630066,-0.048778288066387177,0.625,2,56,19.607560708012898,19.606634750030935,0,1,1789187647.1311748,0.2222222238779068,5,0.1369779407978058,-11.048188209533691
157.28991699870676,19.854243499983568,0.0,0.0,0.9861947298049927,,0.0656155000324361,298,22800,0.670465886592865,0.12748843431472778,0.0260535329580307,0.8046869039535522,0.11274909973144531,0.625,2,57,19.764301749994047,19.762569083017297,0,1,1789187647.287916,0.0,4,0.04386657476425171,-12.594405174255371
153.33850000752136,20.05157033301657,0.0,0.0,0.9974552989006042,,0.02088495797943324,301,22949,0.8302960395812988,0.13113941252231598,0.025468217208981514,0.8045848608016968,0.12176229804754257,0.625,2,58,19.920463374990504,19.919116790988483,0,1,1789187647.444077,0.0,4,0.04359130933880806,-14.034296989440918
153.61879201373085,20.1845260830014,0.0,0.0,0.9964787364006042,,0.04284745902987197,303,23099,0.5834996104240417,0.13465054333209991,0.02487361989915371,0.804425835609436,0.0452820286154747,0.625,2,59,20.0750081660226,20.073754750017542,0,1,1789187647.5986218,0.0,4,0.016032999381422997,-15.343670845031738
157.53762499662116,20.320907458022702,0.2,0.0,0.9877002239227295,,0.06632933299988508,305,23299,0.38620224595069885,0.13931229710578918,0.02417411096394062,0.8042600750923157,0.03340447321534157,0.375,1,60,20.230720875028055,20.229699166025966,0,1,1789187647.754334,0.0,4,0.011137297376990318,-16.349628448486328
155.1680420525372,20.51682595803868,0.0,0.0,0.995400607585907,,0.023268875025678426,308,23450,0.10222817212343216,0.14228741824626923,0.023754164576530457,0.8041863441467285,0.049543339759111404,0.625,2,61,20.386385666031856,20.38492679101182,0,1,1789187647.9099991,0.0,4,0.009532017633318901,-16.48952865600586
154.3349580024369,20.651020541030448,0.0,0.0,0.9941921830177307,,0.04461824998725206,310,23600,-3.8434438705444336,0.1470164805650711,0.022783713415265083,0.8040367960929871,0.04436415433883667,0.625,2,62,20.54240087501239,20.541303833015263,0,1,1789187648.0660129,0.0,4,0.04433383792638779,-16.45034408569336
154.50104203773662,20.784651958034374,0.2,0.0,0.9970640540122986,,0.06574779201764613,312,23749,0.8581781983375549,0.15621435642242432,0.020529363304376602,0.8038071393966675,0.042972810566425323,0.375,1,63,20.69705379102379,20.695898708014283,0,1,1789187648.2206662,0.0,4,0.05551111325621605,-16.573606491088867
155.43883299687877,20.98553995799739,0.2,-13.333333432674408,0.9874863624572754,,0.024130415986292064,315,23900,1.0657639503479004,0.16179654002189636,0.019195416942238808,0.8038298487663269,0.0514233224093914,0.375,1,64,20.85548645799281,20.854231540986802,0,1,1789187648.379099,0.2222222238779068,5,0.12495189160108566,-16.74416160583496
156.1342080240138,21.119432291015983,0.0,-13.333333432674408,0.9906316995620728,,0.04543033300433308,317,24049,-3.510122060775757,0.16711030900478363,0.017941197380423546,0.8037624359130859,0.03048393316566944,0.625,2,65,21.010020415997133,21.008728415996302,0,1,1789187648.533632,0.2222222238779068,5,0.12303471565246582,-16.786056518554688
153.0839159968309,21.249735290999524,0.0,-13.333333432674408,0.989245593547821,,0.0664543749880977,319,24200,-2.8243765830993652,0.17952102422714233,0.014740636572241783,0.8034168481826782,0.03292272612452507,0.625,2,66,21.16474845801713,21.16310574999079,0,1,1789187648.68836,0.2222222238779068,5,0.11496720463037491,-16.760786056518555
154.18254199903458,21.451261083013378,0.2,-13.333333432674408,0.9980243444442749,,0.023798958980478346,322,24349,1.9697874784469604,0.19273555278778076,0.011258695274591446,0.8032144904136658,0.037620291113853455,0.375,1,67,21.322414249996655,21.320877499994822,0,1,1789187648.846026,0.2222222238779068,5,0.1140344887971878,-17.313722610473633
154.28645897191018,21.58456487499643,0.0,-13.333333432674408,0.9915906190872192,,0.04600870900321752,324,24499,1.2996797561645508,0.20163269340991974,0.008935281075537205,0.8031718134880066,0.1279687136411667,0.625,2,68,21.477746041025966,21.47628712502774,0,1,1789187649.001357,0.2222222238779068,5,0.12182824313640594,-18.608856201171875
155.36608401453122,21.785911625018343,0.2,0.0,0.9888454079627991,,9.917013812810183e-06,327,24650,-1.663029670715332,0.20839588344097137,0.0072296299040317535,0.8030975461006165,0.1324010193347931,0.375,1,69,21.63166391599225,21.630555458017625,0,1,1789187649.155275,0.0,4,0.03816938027739525,-20.321678161621094
155.90654202969745,21.92036020802334,0.2,0.0,0.9801352620124817,,0.021457959024701267,329,24849,1.6750638484954834,0.2224155068397522,0.003248370485380292,0.802660346031189,0.11575852334499359,0.375,1,70,21.787213083007373,21.785911625018343,0,1,1789187649.310824,0.0,4,0.011819989420473576,-22.278501510620117
155.22783302003518,22.054210541013163,0.0,0.0,0.9352217316627502,,0.04175725003005937,331,25000,-1.872098445892334,0.2296510934829712,0.00115278793964535,0.8024243116378784,0.08412731438875198,0.625,2,71,21.942101958033163,21.940739958023187,0,1,1789187649.465712,0.0,4,-0.0023452152963727713,-23.722082138061523
156.25412500230595,22.189274957985617,0.0,0.0,0.9267811179161072,,0.06341787503333762,333,25151,-2.5477774143218994,0.2405174970626831,-0.002645055064931512,0.8023501038551331,0.0834718868136406,0.625,2,72,22.097626625036355,22.09643870801665,0,1,1789187649.621237,0.0,4,0.016059309244155884,-24.93889808654785
155.3893749951385,22.389233875030186,0.2,0.0,0.9667021036148071,,0.020364707976114005,336,25299,2.032942056655884,0.25415390729904175,-0.007965418510138988,0.8023531436920166,0.13653527200222015,0.375,1,73,22.255229500005953,22.25420920801116,0,1,1789187649.77884,0.0,4,-0.008047937415540218,-25.264062881469727
155.945917009376,22.52313437499106,0.2,0.0,0.935539960861206,,0.0418695830157958,338,25450,1.640417456626892,0.26234200596809387,-0.011346575804054737,0.8025328516960144,0.09030228853225708,0.375,1,74,22.410344125004485,22.40905804099748,0,1,1789187649.933954,0.0,4,-0.00016305339522659779,-24.934814453125
156.93062503123656,22.657947291038,0.0,0.0,0.9750850796699524,,0.0642912500188686,340,25599,-2.1926777362823486,0.26873859763145447,-0.01405458152294159,0.8026763796806335,0.029159072786569595,0.625,2,75,22.566928833024576,22.56530791602563,0,1,1789187650.090538,0.0,4,0.013561178930103779,-25.025522232055664
153.2455839915201,22.8539751250064,0.0,0.0,0.9448685050010681,,0.018512625014409423,343,25750,-2.1504642963409424,0.2807142436504364,-0.019185936078429222,0.8026313185691833,0.0018925087060779333,0.625,2,76,22.720566375006456,22.71924216602929,0,1,1789187650.244176,0.0,4,-0.011444888077676296,-25.44321632385254
153.5960829933174,22.98753379099071,0.2,0.0,0.9940282106399536,,0.04114845802541822,345,25899,2.097015619277954,0.29627105593681335,-0.026201622560620308,0.8025553226470947,0.04025844857096672,0.375,1,77,22.87613250000868,22.87508616602281,0,1,1789187650.399742,0.0,4,-0.0038858428597450256,-25.508577346801758
153.9817500161007,23.12083320802776,0.0,0.0,0.9977117776870728,,0.06368308298988268,347,26049,1.6310434341430664,0.3053000271320343,-0.030592424795031548,0.8026434779167175,0.013691965490579605,0.625,2,78,23.03239695803495,23.030534541001543,0,1,1789187650.556006,0.0,4,-0.0019158938666805625,-25.335844039916992
155.94149997923523,23.322603291017003,0.0,0.0,0.9585514664649963,,0.020928041951265186,350,26250,-2.9576478004455566,0.3161354959011078,-0.03577330335974693,0.802627682685852,-0.03668724000453949,0.625,2,79,23.189104291028343,23.187589832989033,0,1,1789187650.712713,0.0,4,0.016081763431429863,-25.21982192993164
154.71041697310284,23.454372874984983,0.0,0.0,0.9919776916503906,,0.04649487498681992,352,26400,1.3788666725158691,0.32869377732276917,-0.04169946163892746,0.8023971915245056,-0.0006545711657963693,0.625,2,80,23.347265666001476,23.3461573329987,0,1,1789187650.8708742,0.0,4,-0.004144917242228985,-25.339763641357422
155.10333300335333,23.654189458000474,0.0,0.0,0.9886428713798523,,0.00512345798779279,355,26550,2.1484546661376953,0.3374849259853363,-0.046121519058942795,0.8022457361221313,-0.03367925435304642,0.625,2,81,23.505397957982495,23.504209582984913,0,1,1789187651.029006,0.0,4,-0.004998692311346531,-25.381797790527344
154.34275002917275,23.785859875031747,0.0,0.0,0.9742105007171631,,0.027002833026926965,357,26699,0.9043806195259094,0.34340596199035645,-0.049224745482206345,0.8022264242172241,-0.04590648412704468,0.625,2,82,23.65978741599247,23.6585199580295,0,1,1789187651.1833951,0.0,4,0.000597519101575017,-25.312103271484375
154.8287909827195,23.91958191600861,0.0,0.0,0.9508588314056396,,0.04771391599206254,359,26850,0.6016987562179565,0.3493192195892334,-0.05226768180727959,0.8023024201393127,-0.049557268619537354,0.625,2,83,23.813784041034523,23.812467041017953,0,1,1789187651.337392,0.0,4,0.007078907452523708,-25.22991180419922
155.18025000346825,24.119943666039035,0.0,0.0,0.9464346170425415,,0.002421499986667186,362,27000,0.7780249118804932,0.35471028089523315,-0.0550372414290905,0.8024274706840515,-0.04761892184615135,0.625,2,84,23.968194416025653,23.967184916022234,0,1,1789187651.4918022,0.0,4,0.005510050803422928,-25.244770050048828
154.63937498861924,24.253300999989733,0.0,0.0,0.9501210451126099,,0.022647541016340256,364,27150,0.6080467104911804,0.3595506548881531,-0.057603370398283005,0.8025721907615662,-0.03743210807442665,0.625,2,85,24.122499708028045,24.121309166017454,0,1,1789187651.646106,0.0,4,0.003700923640280962,-25.269060134887695
154.67908297432587,24.387516707996838,0.0,0.0,0.9389525055885315,,0.044477749965153635,366,27299,0.5034061074256897,0.36371561884880066,-0.05987229198217392,0.802689254283905,-0.04460614174604416,0.625,2,86,24.279220000025816,24.277315374987666,0,1,1789187651.802826,0.0,4,0.0032056367490440607,-25.27338218688965
155.26349999709055,24.586581166018732,0.0,0.0,0.9821377992630005,,0.0032393750152550638,369,27450,0.5237449407577515,0.3676013946533203,-0.06199052184820175,0.8027698397636414,-0.04493286460638046,0.625,2,87,24.43609779101098,24.434557041036896,0,1,1789187651.9597042,0.0,4,0.0022400731686502695,-25.237895965576172
154.48691602796316,24.719937916030176,0.0,0.0,0.9885220527648926,,0.023106375010684133,371,27600,0.46465593576431274,0.3712327778339386,-0.0639885887503624,0.8027781844139099,-0.04227881133556366,0.625,2,88,24.589863708009943,24.588557375012897,0,1,1789187652.1134698,0.0,4,0.0004558623768389225,-25.190845489501953
156.98845800943673,24.85521183302626,0.0,0.0,0.9915022850036621,,0.044263374991714954,373,27799,0.4195765256881714,0.37594085931777954,-0.06659774482250214,0.8027299642562866,-0.042001739144325256,0.625,2,89,24.74370958301006,24.74248675000854,0,1,1789187652.267315,0.0,4,-0.001841748016886413,-25.19115447998047
154.62154103443027,24.986631666019093,0.2,0.0,0.9657706022262573,,0.06555079104145989,375,27949,0.40035444498062134,0.37908199429512024,-0.06831848621368408,0.8026391863822937,-0.041223157197237015,0.375,1,90,24.898714207985904,24.897560916026123,0,1,1789187652.4223201,0.0,4,-0.0001773146796040237,-25.19979476928711
156.27587505150586,25.187974625034258,0.2,0.0,0.7491657137870789,,0.022475375037174672,378,28101,0.0009717165376059711,0.38239896297454834,-0.07013744860887527,0.8024910688400269,-0.04120144248008728,0.375,1,91,25.055371708003804,25.054174125019927,0,1,1789187652.578977,0.0,4,0.0004469640552997589,-25.20060920715332
154.59950000513345,25.320416625007056,0.0,0.0,0.9851229786872864,,0.047180249996017665,380,28252,-3.7127890586853027,0.3877573013305664,-0.07270178943872452,0.8022461533546448,-0.03549272567033768,0.625,2,92,25.214039875019807,25.21299737499794,0,1,1789187652.7376451,0.0,4,0.005490198731422424,-25.168933868408203
154.7844999586232,25.51949637499638,0.2,0.0,0.9807770848274231,,0.0024370409664697945,383,28399,-3.091792345046997,0.40021589398384094,-0.07846789062023163,0.8018084764480591,0.0012733549810945988,0.375,1,93,25.368562582996674,25.367148916004226,0,1,1789187652.8921669,0.0,4,-0.0067794667556881905,-25.143428802490234
153.19783304585144,25.651694041036535,0.0,0.0,0.914484441280365,,0.022884875012096018,385,28550,2.327548027038574,0.41302186250686646,-0.08449584990739822,0.8015651702880859,0.0073987869545817375,0.625,2,94,25.522513166011777,25.52138108300278,0,1,1789187653.0461178,0.0,4,-0.022375689819455147,-25.13469696044922
155.2265840000473,25.787123874993995,0.0,0.0,0.9571543335914612,,0.0445882499916479,387,28700,-0.8034256100654602,0.42243558168411255,-0.08916957676410675,0.8015594482421875,-0.035840924829244614,0.625,2,95,25.67811958299717,25.676485540985595,0,1,1789187653.2017238,0.0,4,-0.012078511528670788,-25.145004272460938
155.70379100972787,25.9208339159959,0.0,0.0,0.971897542476654,,0.06550241605145857,389,28850,1.4000264406204224,0.4339437484741211,-0.09443414956331253,0.801483690738678,-0.03538690507411957,0.625,2,96,25.831982415984385,25.83063254103763,0,1,1789187653.355587,0.0,4,0.00394431734457612,-25.12568473815918
155.37945902906358,26.121810125012416,0.0,0.0,0.9868562817573547,,0.021151167049538344,392,28999,1.1189208030700684,0.44507455825805664,-0.09969751536846161,0.8013331890106201,-0.021004846319556236,0.625,2,97,25.989020749984775,25.98758183303289,0,1,1789187653.512625,0.0,4,-0.030148828402161598,-25.109752655029297
153.94558402476832,26.25462875002995,0.0,0.0,0.9925196170806885,,0.04514766699867323,394,29149,1.4072589874267578,0.4528784155845642,-0.103424571454525,0.8012742400169373,-0.028419645503163338,0.625,2,98,26.147493750031572,26.145830833003856,0,1,1789187653.6711,0.0,4,-0.03221514821052551,-25.097780227661133
155.65808297833428,26.4555620829924,0.0,0.0,0.9912727475166321,,0.0025314579834230244,397,29300,1.2271089553833008,0.4601852297782898,-0.10690324008464813,0.8012974262237549,-0.03657299280166626,0.625,2,99,26.303806041018106,26.30243545799749,0,1,1789187653.82741,0.0,4,-0.07843533158302307,-25.088314056396484
153.76508398912847,26.58773949998431,0.0,0.0,0.9904404878616333,,0.022856750001665205,399,29499,0.8585544228553772,0.4683016538619995,-0.11077467352151871,0.8014519810676575,-0.027889616787433624,0.625,2,100,26.458349374996033,26.456831165996846,0,1,1789187653.981952,0.0,4,-0.09947551786899567,-25.08854866027832
155.9372500050813,26.724088833027054,0.0,0.0,0.9901655316352844,,0.04441933298949152,401,29649,0.6212254166603088,0.47357162833213806,-0.11332421749830246,0.8015618324279785,-0.026629703119397163,0.625,2,101,26.613735958002508,26.612570916011464,0,1,1789187654.1373389,0.0,4,-0.09536633640527725,-25.07952117919922
155.32987500773743,26.924152332998347,0.0,13.333333432674408,0.9297873973846436,,0.0020124170114286244,404,29802,0.5711840391159058,0.47795581817626953,-0.11545098572969437,0.801641047000885,-0.024450700730085373,0.625,2,102,26.771833707985934,26.770834875002038,0,1,1789187654.2954361,-0.2222222238779068,3,-0.1618262082338333,-25.074737548828125
153.70066597824916,27.05552616599016,0.0,13.333333432674408,0.8793448805809021,,0.02359204099047929,406,29950,0.5321579575538635,0.48203518986701965,-0.11745831370353699,0.8017012476921082,-0.024597542360424995,0.625,2,103,26.926702750031836,26.92541754100239,0,1,1789187654.450305,-0.2222222238779068,3,-0.14344891905784607,-25.05896759033203
154.80508300242946,27.190282583003864,0.0,13.333333432674408,0.9877723455429077,,0.043979957990814,408,30099,0.44934263825416565,0.4856533408164978,-0.11923448741436005,0.8017197847366333,-0.02502981573343277,0.625,2,104,27.080507250037044,27.07945745799225,0,1,1789187654.604109,-0.2222222238779068,3,-0.15305303037166595,-25.004474639892578
155.20895802183077,27.390135541034397,0.0,13.333333432674408,0.9940468072891235,,0.002420542004983872,411,30249,0.4221641421318054,0.48904046416282654,-0.12089928984642029,0.8016919493675232,-0.028387438505887985,0.625,2,105,27.238698541012127,27.23734712501755,0,1,1789187654.7623,-0.2222222238779068,3,-0.185549795627594,-24.415531158447266
153.74162496300414,27.520798915997148,0.0,13.333333432674408,0.9197884798049927,,0.02440908399876207,413,30399,0.40894341468811035,0.49227824807167053,-0.12247787415981293,0.8016124367713928,-0.03989137336611748,0.625,2,106,27.39246775000356,27.391466375032905,0,1,1789187654.916069,-0.2222222238779068,3,-0.16309323906898499,-22.786842346191406
154.38916598213837,27.654209416010417,0.0,13.333333432674408,0.9089388251304626,,0.04580420796992257,415,30549,0.37952443957328796,0.4954032897949219,-0.12398097664117813,0.8014915585517883,-0.04674757644534111,0.625,2,107,27.546816750022117,27.5456244579982,0,1,1789187655.070418,-0.2222222238779068,3,-0.1358969807624817,-20.77108383178711
153.88079197145998,27.854248707997613,0.0,13.333333432674408,0.9776990413665771,,0.003772374999243766,418,30702,0.36969080567359924,0.4983389377593994,-0.12537212669849396,0.8013637661933899,-0.05273539200425148,0.625,2,108,27.705478291027248,27.704140291025396,0,1,1789187655.229079,-0.2222222238779068,3,-0.14083553850650787,-19.37491798400879
156.8184170173481,27.99122562503908,0.0,13.333333432674408,0.9939555525779724,,0.024520582985132933,420,30851,0.35333287715911865,0.5012599229812622,-0.1267661154270172,0.801260232925415,-0.05679362639784813,0.625,2,109,27.860245041025337,27.858927791006863,0,1,1789187655.3838458,-0.2222222238779068,3,-0.13859406113624573,-18.09860610961914
154.8498749616556,28.12271216599038,0.0,0.0,0.9963403940200806,,0.048313874984160066,422,31000,0.33831554651260376,0.5039055943489075,-0.1280413120985031,0.8011776804924011,-0.0645349994301796,0.625,2,110,28.01752962503815,28.016176166012883,0,1,1789187655.541131,0.0,4,-0.06044835224747658,-16.531538009643555
154.99295899644494,28.323394000006374,0.0,0.0,0.9587193131446838,,0.002254792023450136,425,31149,0.33671218156814575,0.5068392157554626,-0.1294843554496765,0.8010756969451904,-0.07591760158538818,0.625,2,111,28.17185954103479,28.17065583303338,0,1,1789187655.69546,0.0,4,-0.05366794019937515,-14.381597518920898
157.33804198680446,28.459104500012472,0.0,0.0,0.994231641292572,,0.02302024996606633,427,31349,0.30736398696899414,0.5105569362640381,-0.13135568797588348,0.80096834897995,-0.07712390273809433,0.625,2,112,28.3262016660301,28.324786707991734,0,1,1789187655.849802,0.0,4,-0.03558613359928131,-12.472064018249512
155.28012497816235,28.58811012498336,0.0,0.0,0.9874095320701599,,0.04904079099651426,429,31499,0.31138876080513,0.5132333040237427,-0.13271969556808472,0.8009248375892639,-0.08490196615457535,0.625,2,113,28.483176874986384,28.48187079100171,0,1,1789187656.006777,0.0,4,-0.07647033780813217,-12.188006401062012
153.01454096334055,28.785525290993974,0.0,13.333333432674408,0.999701201915741,,0.003681582980789244,432,31649,0.318945974111557,0.5158451795578003,-0.13404612243175507,0.8009136319160461,-0.08796123415231705,0.625,2,114,28.637380958010908,28.636192333011422,0,1,1789187656.160981,-0.2222222238779068,3,-0.13993854820728302,-12.237407684326172
155.66012501949444,28.92208029102767,-0.2,13.333333432674408,0.9962998032569885,,0.024063499993644655,434,31800,0.30871903896331787,0.518224835395813,-0.13522973656654358,0.8009225130081177,-0.08444259315729141,0.875,3,115,28.791777750011533,28.79048366600182,0,1,1789187656.315377,-0.2222222238779068,3,-0.19330419600009918,-12.183549880981445
153.7416250212118,29.0540055410238,-0.2,13.333333432674408,0.994952917098999,,0.046802124998066574,436,31952,0.2931665778160095,0.5206038951873779,-0.13638901710510254,0.8009142875671387,-0.07917582243680954,0.875,3,116,28.94855612498941,28.947066041000653,0,1,1789187656.4721558,-0.2222222238779068,3,-0.1884368658065796,-11.860955238342285
153.69716699933633,29.25448033300927,0.0,13.333333432674408,0.9973347783088684,,0.0005849999724887311,439,32100,4.020608425140381,0.5220057964324951,-0.13732799887657166,0.8008671998977661,-0.08329582959413528,0.625,2,117,29.102601541031618,29.10136816598242,0,1,1789187656.6262,-0.2222222238779068,3,-0.18020877242088318,-11.139652252197266
156.98724996764213,29.390655416005757,-0.2,13.333333432674408,0.981497049331665,,0.022083874966483563,441,32251,3.3104512691497803,0.5161272287368774,-0.1367211788892746,0.8005682229995728,-0.1253335326910019,0.875,3,118,29.25705354101956,29.255752041004598,0,1,1789187656.780652,-0.2222222238779068,3,-0.12665225565433502,-9.82764720916748
153.75779097666964,29.520785916014574,-0.2,13.333333432674408,0.9970172643661499,,0.04559883294859901,443,32399,-0.02690647542476654,0.5064393877983093,-0.1350637525320053,0.800362765789032,-0.08712413161993027,0.875,3,119,29.413929791015107,29.412626957986504,0,1,1789187656.9375281,-0.2222222238779068,3,-0.11197195202112198,-8.143839836120605
154.44966597715393,29.719631790998392,0.0,0.0,0.9995293617248535,,0.005317415983881801,446,32550,2.7490363121032715,0.49719035625457764,-0.1332438886165619,0.8003610968589783,0.08341558277606964,0.625,2,120,29.57190508302301,29.57049954100512,0,1,1789187657.095503,0.0,4,-0.09737817198038101,-6.448220729827881
155.08108300855383,29.85401766601717,0.0,0.0,0.9998878240585327,,0.026595667004585266,448,32699,1.6702879667282104,0.4847763478755951,-0.1314326673746109,0.8001508712768555,0.05576580762863159,0.625,2,121,29.72680941602448,29.725532250013202,0,1,1789187657.250407,0.0,4,-0.07511137425899506,-5.059048175811768
155.37012496497482,29.988333332992624,0.0,0.0,0.9992081522941589,,0.046772916975896806,450,32849,-1.223223090171814,0.46647149324417114,-0.12897802889347076,0.799906313419342,0.07220000773668289,0.625,2,122,29.881056916026864,29.879736125003546,0,1,1789187657.4046552,0.0,4,-0.0518847331404686,-3.3966405391693115
154.99295899644494,30.189014000003226,0.0,0.0,0.9993952512741089,,0.002972499991301447,453,33002,-1.3921858072280884,0.4523216187953949,-0.12686863541603088,0.799822986125946,0.2096511721611023,0.625,2,123,30.038065000029746,30.036993540998083,0,1,1789187657.561662,0.0,4,-0.02349015884101391,-2.2699406147003174
153.37008296046406,30.32134208298521,0.0,0.0,0.9957464337348938,,0.023260332993231714,455,33153,-1.8370881080627441,0.44057366251945496,-0.12536324560642242,0.7999069690704346,0.19662883877754211,0.625,2,124,30.192570540995803,30.19123233301798,0,1,1789187657.716167,0.0,4,-0.054202135652303696,-1.8871545791625977
155.42483399622142,30.457832249987405,0.0,0.0,0.9995895028114319,,0.04391395900165662,457,33300,-1.5114140510559082,0.43116211891174316,-0.12443003803491592,0.8000920414924622,0.11304271966218948,0.625,2,125,30.347363041015342,30.34632137499284,0,1,1789187657.8709602,0.0,4,-0.06634291261434555,-1.9945306777954102
155.69754200987518,30.657288082991727,0.0,13.333333432674408,0.9990792274475098,,0.0026110420003533363,460,33450,-0.8690205216407776,0.422741562128067,-0.12373386323451996,0.8003702759742737,0.07571635395288467,0.625,2,126,30.505492833035532,30.504201582982205,0,1,1789187658.029089,-0.2222222238779068,3,-0.1307874172925949,-1.9825518131256104
153.85458304081112,30.789127166033722,0.0,13.333333432674408,0.9995449185371399,,0.023293708043638617,462,33649,-0.7414126396179199,0.41301172971725464,-0.12310229986906052,0.8008129596710205,0.041910551488399506,0.625,2,127,30.659497958025895,30.65856629103655,0,1,1789187658.183094,-0.2222222238779068,3,-0.16798563301563263,-1.6167486906051636
155.82766599254683,30.92511904099956,0.0,13.333333432674408,0.9998416900634766,,0.0444449579808861,464,33799,-0.6928465366363525,0.4075012803077698,-0.12284482270479202,0.8010705709457397,0.02594759128987789,0.625,2,128,30.81515437498456,30.8137363329879,0,1,1789187658.338751,-0.2222222238779068,3,-0.18395766615867615,-1.4825165271759033
155.7117080083117,31.126054166001268,0.0,13.333333432674408,0.9912898540496826,,0.0005208750371821225,467,33950,-0.5756553411483765,0.4028553068637848,-0.12269694358110428,0.8012539148330688,0.016745902597904205,0.625,2,129,30.972188999992795,30.970863333030138,0,1,1789187658.495784,-0.2222222238779068,3,-0.21191278100013733,-1.0539700984954834
155.65204195445403,31.26028312498238,0.0,13.333333432674408,0.9991509914398193,,0.02142308297334239,469,34099,-0.41679611802101135,0.3988933861255646,-0.12260700762271881,0.8013700842857361,0.020542899146676064,0.625,2,130,31.127696249983273,31.126054166001268,0,1,1789187658.6512918,-0.2222222238779068,3,-0.20466585457324982,0.30729788541793823
156.4552080235444,31.395764166023582,0.0,13.333333432674408,0.9992926120758057,,0.04132433299673721,471,34250,-0.35465720295906067,0.3951984643936157,-0.12254489213228226,0.8014078140258789,0.02595711126923561,0.625,2,131,31.28224966599373,31.280633290996775,0,1,1789187658.805845,-0.2222222238779068,3,-0.18785521388053894,2.1245033740997314
155.92712501529604,31.593744416022673,-0.2,13.333333432674408,0.9958682060241699,,0.0011516669765114784,474,34399,-0.32322341203689575,0.39221084117889404,-0.12251103669404984,0.8013643622398376,0.03129365295171738,0.875,3,132,31.4400611660094,31.43896895798389,0,1,1789187658.963656,-0.2222222238779068,3,-0.15564151108264923,3.6478865146636963
154.90199998021126,31.72653570800321,0.0,13.333333432674408,0.99347984790802,,0.02211070799967274,476,34550,-0.278916597366333,0.38979852199554443,-0.12250019609928131,0.8012829422950745,0.03648531064391136,0.625,2,133,31.59492466598749,31.593744416022673,0,1,1789187659.118519,-0.2222222238779068,3,-0.1185128316283226,5.1999993324279785
155.13245796319097,31.860696832998656,0.0,0.0,0.9997549653053284,,0.04447020799852908,478,34699,2.6782546043395996,0.38752806186676025,-0.1225438192486763,0.8011354207992554,0.02106092870235443,0.625,2,134,31.7510820000316,31.750034583033994,0,1,1789187659.274677,0.0,4,-0.07466526329517365,6.866964817047119
156.62437496939674,32.06388470798265,0.0,0.0,0.9970627427101135,,0.0005860829842276871,481,34850,-0.3173843026161194,0.38071003556251526,-0.12307748198509216,0.8008115887641907,-0.05957670882344246,0.625,2,135,31.90916316601215,31.907846415997483,0,1,1789187659.432759,0.0,4,-0.040144890546798706,8.291342735290527
154.10804201383144,32.19485650002025,0.0,0.0,0.998674750328064,,0.023136249976232648,483,34999,-0.26404598355293274,0.37466081976890564,-0.12343797087669373,0.8004765510559082,0.09598741680383682,0.625,2,136,32.06568450003397,32.06388470798265,0,1,1789187659.589279,0.0,4,-0.013144982047379017,9.93569278717041
155.2951670018956,32.33086483302759,0.0,0.0,0.9968600273132324,,0.04295724997064099,485,35151,-0.6918475031852722,0.3712705671787262,-0.12368407100439072,0.8003228306770325,0.12485720217227936,0.625,2,137,32.219878208008595,32.218526915996335,0,1,1789187659.743472,0.0,4,-0.010629246011376381,10.942947387695312
154.27679102867842,32.52944091602694,0.0,0.0,0.9782218933105469,,0.0013420000323094428,488,35350,-0.4882899522781372,0.36734339594841003,-0.12407316267490387,0.8002628684043884,0.04548868536949158,0.625,2,138,32.377690082998015,32.37650612503057,0,1,1789187659.901284,0.0,4,-0.03474092856049538,11.12680435180664
153.8898330181837,32.66248654102674,0.0,0.0,0.9993398785591125,,0.02211241697659716,490,35500,-0.421409547328949,0.36422574520111084,-0.12438935041427612,0.8003383874893188,0.02429194189608097,0.625,2,139,32.531913791026454,32.53070912498515,0,1,1789187660.055507,0.0,4,-0.04203121364116669,11.024361610412598
153.99591700406745,32.7968788750004,0.0,0.0,0.9952966570854187,,0.04435800004284829,492,35652,-0.22147122025489807,0.3616301715373993,-0.12465275824069977,0.8004662990570068,0.034030649811029434,0.625,2,140,32.688321083027404,32.68724095803918,0,1,1789187660.211914,0.0,4,-0.09391690045595169,11.164141654968262
154.85570795135573,32.99929829098983,0.0,13.333333432674408,0.9910474419593811,,0.0013161669485270977,495,35799,-0.2356182485818863,0.35962510108947754,-0.12487002462148666,0.8006176948547363,0.02462957613170147,0.625,2,141,32.84690145798959,32.845758749987,0,1,1789187660.370494,-0.2222222238779068,3,-0.12775197625160217,11.417182922363281
156.70391696039587,33.13512049999554,0.0,13.333333432674408,0.9879442453384399,,0.0221589999855496,497,35949,-0.2444974184036255,0.35805651545524597,-0.12503860890865326,0.8007473945617676,0.024848483502864838,0.625,2,142,33.001856499991845,33.00057558302069,0,1,1789187660.525449,-0.2222222238779068,3,-0.1441303938627243,11.441279411315918
155.2795420284383,33.268079708039295,0.0,13.333333432674408,0.9973384737968445,,0.04329000000143424,499,36100,-0.1578029841184616,0.35661548376083374,-0.12518616020679474,0.8008723855018616,0.01736137457191944,0.625,2,143,33.15728429099545,33.15609016601229,0,1,1789187660.680877,-0.2222222238779068,3,-0.18337982892990112,11.309428215026855
156.15950000938028,33.40322712500347,0.0,13.333333432674408,0.9830862283706665,,0.06531279103364795,501,36250,-0.13137367367744446,0.3553856313228607,-0.12529771029949188,0.8009564876556396,0.01899988017976284,0.625,2,144,33.313879333029035,33.312380416027736,0,1,1789187660.837471,-0.2222222238779068,3,-0.1958511918783188,11.769465446472168
156.22070798417553,33.60274220799329,0.0,13.333333432674408,0.9871543645858765,,0.022992915997747332,504,36399,-0.11822325736284256,0.354187935590744,-0.12540097534656525,0.8009881377220154,0.01836754009127617,0.625,2,145,33.4706978329923,33.46951441600686,0,1,1789187660.9942899,-0.2222222238779068,3,-0.18292315304279327,13.29670238494873
153.5141250351444,33.73280762502691,0.0,13.333333432674408,0.9838136434555054,,0.04845204099547118,506,36550,-0.09346121549606323,0.35314059257507324,-0.12547890841960907,0.8009300231933594,0.022712543606758118,0.625,2,146,33.62916266603861,33.627745540987235,0,1,1789187661.1527538,-0.2222222238779068,3,-0.16363145411014557,15.076869010925293
155.14770901063457,33.935011374996975,0.0,0.0,0.9874070286750793,,0.002981709025334567,509,36699,-0.08719964325428009,0.3522609770298004,-0.12553751468658447,0.8008671998977661,0.02442975901067257,0.625,2,147,33.784109625034034,33.782845375011675,0,1,1789187661.307701,0.0,4,-0.05437251180410385,16.484315872192383
157.26675000041723,34.070614625001326,0.0,0.0,0.9934983253479004,,0.02338083303766325,511,36849,-0.0818144753575325,0.3514668941497803,-0.1255945861339569,0.8007889986038208,0.0254665594547987,0.625,2,148,33.93782487499993,33.93672870803857,0,1,1789187661.461416,0.0,4,-0.05055380240082741,17.927244186401367
153.2332919887267,34.20012100000167,0.0,0.0,0.997376561164856,,0.04868729197187349,513,37049,-0.05936663597822189,0.35066819190979004,-0.12566757202148438,0.8006987571716309,0.019945478066802025,0.625,2,149,34.09685145801632,34.09557499998482,0,1,1789187661.6204422,0.0,4,-0.00801914930343628,19.881669998168945
154.2703330051154,34.40156195801683,0.2,0.0,0.9818998575210571,,0.0030595000134781003,516,37200,-0.052556928247213364,0.35017961263656616,-0.12572292983531952,0.8005963563919067,0.018444806337356567,0.375,1,150,34.251748291018885,34.25035112502519,0,1,1789187661.7753391,0.0,4,-0.022770099341869354,21.112504959106445
154.00229097576812,34.53568841598462,0.0,0.0,0.984028160572052,,0.022944332973565906,518,37349,-0.04033864289522171,0.3498297929763794,-0.12576712667942047,0.8005437850952148,0.012944408692419529,0.625,2,151,34.40601220802637,34.40463045798242,0,1,1789187661.929603,0.0,4,-0.019013097509741783,21.292089462280273
155.63929197378457,34.669627249997575,0.2,0.0,0.9944427609443665,,0.044923582987394184,520,37499,-3.091236114501953,0.3499089181423187,-0.12566640973091125,0.800500214099884,0.014319289475679398,0.375,1,152,34.56037291599205,34.558911541011184,0,1,1789187662.083963,0.0,4,-0.005872155539691448,21.085189819335938
153.27750000869855,34.866102375031915,0.2,0.0,0.9813910722732544,,0.002428749983664602,523,37650,0.7732434272766113,0.3549579977989197,-0.12384089082479477,0.8002495169639587,0.00222053867764771,0.375,1,153,34.71658654103521,34.71525362500688,0,1,1789187662.2401762,0.0,4,-0.02413056790828705,21.13567543029785
153.04483397630975,34.999463749991264,0.0,0.0,0.9996192455291748,,0.023438500007614493,525,37800,-3.912719488143921,0.3593161404132843,-0.12213324010372162,0.7999818921089172,0.00912442710250616,0.625,2,154,34.87119345803512,34.86985741602257,0,1,1789187662.394783,0.0,4,-0.01565537042915821,21.470399856567383
156.78158297669142,35.13650820800103,0.2,0.0,0.9993969202041626,,0.044897499959915876,527,37949,-2.736025094985962,0.3687278628349304,-0.11864998936653137,0.7996423244476318,-0.022504914551973343,0.375,1,155,35.02600962499855,35.02462412498426,0,1,1789187662.549599,0.0,4,-0.011665012687444687,21.550312042236328
156.36699995957315,35.33622879098402,0.0,0.0,0.994866132736206,,0.0029330839752219617,530,38099,1.3205748796463013,0.3806362748146057,-0.11419692635536194,0.7995304465293884,-0.01714993268251419,0.625,2,156,35.1840271250112,35.18279487499967,0,1,1789187662.707616,0.0,4,-0.0299588181078434,21.402626037597656
156.0447079828009,35.469207208021544,0.2,0.0,0.9773468375205994,,0.024215374956838787,532,38249,-2.5818276405334473,0.3898928761482239,-0.1105714812874794,0.7996470332145691,-0.006256282329559326,0.375,1,157,35.33848224999383,35.33737787499558,0,1,1789187662.862071,0.0,4,-0.05078393965959549,21.283588409423828
156.1648749629967,35.60313862498151,0.2,0.0,0.912303626537323,,0.046875166008248925,534,38452,1.0876487493515015,0.4076128602027893,-0.10394740849733353,0.7997053861618042,-0.010107995010912418,0.375,1,158,35.49505979102105,35.493848916026764,0,1,1789187663.018649,0.0,4,-0.09837505221366882,21.379369735717773
153.96712499205023,35.801487000018824,0.0,0.0,0.9933642148971558,,0.0019367909990251064,537,38599,-2.395190954208374,0.41804009675979614,-0.09991783648729324,0.799938976764679,0.003425902221351862,0.625,2,159,35.650805541023146,35.6494566660258,0,1,1789187663.1743941,0.0,4,-0.08983719348907471,21.42833137512207
153.27975002583116,35.93467120802961,0.0,13.333333432674408,0.9644819498062134,,0.02237333299126476,539,38749,-1.7298368215560913,0.43182191252708435,-0.09472810477018356,0.8000515699386597,-0.004342105705291033,0.625,2,160,35.807171583001036,35.80376479099505,0,1,1789187663.3307588,-0.2222222238779068,3,-0.14177052676677704,21.361597061157227
155.74158303206787,36.07070491602644,0.0,13.333333432674408,0.9899858832359314,,0.04454162501497194,541,38899,1.4011995792388916,0.447662889957428,-0.08871614933013916,0.8002007007598877,-0.008704171516001225,0.625,2,161,35.96086895803455,35.95950495800935,0,1,1789187663.484457,-0.2222222238779068,3,-0.13709776103496552,21.274179458618164
154.6690419781953,36.270701083005406,0.0,13.333333432674408,0.9450337290763855,,0.0017377499607391655,544,39050,1.4789981842041016,0.4590981602668762,-0.08415769040584564,0.8003879189491272,-0.0093948133289814,0.625,2,162,36.119003291008994,36.11776979098795,0,1,1789187663.642591,-0.2222222238779068,3,-0.16412734985351562,21.318939208984375
155.21150000859052,36.403853541007265,0.0,13.333333432674408,0.9560160636901855,,0.02333037502830848,546,39199,1.8167459964752197,0.46683526039123535,-0.08106683939695358,0.8005439639091492,0.014527324587106705,0.625,2,163,36.2735004160204,36.27197241602698,0,1,1789187663.797087,-0.2222222238779068,3,-0.13371330499649048,21.99704933166504
155.3435410023667,36.537094166036695,0.0,0.0,0.9976460337638855,,0.04712474998086691,548,39353,1.0993517637252808,0.4734013080596924,-0.07849399000406265,0.8006834983825684,-0.003935325425118208,0.625,2,164,36.43033987499075,36.428875375015195,0,1,1789187663.9539268,0.0,4,-0.042205967009067535,23.477170944213867
155.6609999970533,36.73748108302243,0.0,0.0,0.9954723715782166,,0.0014540829579345882,551,39500,0.4940851926803589,0.4789077639579773,-0.07634755969047546,0.8008642792701721,-0.036309827119112015,0.625,2,165,36.58477449999191,36.58327416598331,0,1,1789187664.108361,0.0,4,-0.019959453493356705,25.158260345458984
154.41445901524276,36.86947400000645,0.2,0.0,0.9868618249893188,,0.022421542031224817,553,39649,0.48842573165893555,0.4830630421638489,-0.07469172030687332,0.8009960651397705,-0.0424969382584095,0.375,1,166,36.73876866599312,36.73748108302243,0,1,1789187664.2623549,0.0,4,-0.002368965419009328,26.588529586791992
153.90924998791888,37.00342316599563,0.0,0.0,0.9939509630203247,,0.044837958994321525,555,39799,0.47033748030662537,0.4856584668159485,-0.07363434880971909,0.8010649085044861,-0.03220975026488304,0.625,2,167,36.89770462503657,36.89435187500203,0,1,1789187664.421291,0.0,4,-0.0033094759564846754,27.339500427246094
153.04208401357755,37.13678425003309,0.0,0.0,0.9602407217025757,,0.06507895898539573,557,39999,-3.759354829788208,0.4883202612400055,-0.07252058386802673,0.8010453581809998,-0.014545288868248463,0.625,2,168,37.050134457997046,37.048821125004906,0,1,1789187664.57372,0.0,4,-0.02510836347937584,27.439077377319336
157.3759590392001,37.34110225003678,0.0,0.0,0.9047439694404602,,0.020779834012500942,560,40150,1.0031293630599976,0.49469447135925293,-0.06951646506786346,0.8007791042327881,-0.033785320818424225,0.625,2,169,37.205728041008115,37.204506125010084,0,1,1789187664.729314,0.0,4,-0.015132421627640724,27.520137786865234
154.68312497250736,37.47221300000092,0.0,0.0,0.9861686825752258,,0.04514324996853247,562,40299,0.9919731020927429,0.4971472918987274,-0.06823261827230453,0.8006291389465332,-0.018022842705249786,0.625,2,170,37.36385983298533,37.362673124996945,0,1,1789187664.887445,0.0,4,-0.025652887299656868,27.698881149291992
153.7666249787435,37.66859608300729,0.0,0.0,0.9838070869445801,,0.006625582987908274,565,40452,0.0853157564997673,0.49807482957839966,-0.06769196689128876,0.8005490303039551,-0.0061938585713505745,0.625,2,171,37.52266470802715,37.52145504101645,0,1,1789187665.0462499,0.0,4,-0.023345356807112694,27.832767486572266
153.6622089915909,37.80201724998187,0.0,0.0,0.9740691781044006,,0.02716475003398955,567,40600,0.18534983694553375,0.4987325370311737,-0.06735336035490036,0.8005291223526001,0.008585285395383835,0.625,2,172,37.67676562501583,37.67551979102427,0,1,1789187665.20035,0.0,4,-0.022182174026966095,27.745555877685547
153.91520800767466,37.93647954100743,0.0,0.0,0.9568474888801575,,0.04744687501806766,569,40750,0.17997737228870392,0.499207466840744,-0.06710940599441528,0.8005733489990234,0.0032199497800320387,0.625,2,173,37.831283874984365,37.83001120801782,0,1,1789187665.354869,0.0,4,-0.013500790111720562,27.665775299072266
156.5588340163231,38.13690962502733,0.0,0.0,0.8934670090675354,,0.00473133398918435,572,40900,-0.04552439972758293,0.49918168783187866,-0.06705375015735626,0.8006493449211121,-0.002296190243214369,0.625,2,174,37.986528041015845,37.98508212500019,0,1,1789187665.510113,0.0,4,-0.007633665576577187,27.7134952545166
156.33345796959475,38.270618957991246,0.0,0.0,0.9478341341018677,,0.025154415983706713,574,41050,-0.050644971430301666,0.4987030327320099,-0.06719736754894257,0.800737202167511,0.004933954682201147,0.625,2,175,38.14097762503661,38.13943991600536,0,1,1789187665.664562,0.0,4,-0.015171247534453869,27.772354125976562
156.29650000482798,38.403817791026086,0.0,0.0,0.9802131056785583,,0.04641029197955504,576,41199,-0.045331958681344986,0.49786531925201416,-0.06753121316432953,0.8008108139038086,0.0057133822701871395,0.625,2,176,38.29512495803647,38.29393158300081,0,1,1789187665.818709,0.0,4,-0.002913310192525387,27.74620819091797
157.41824998985976,38.60548025002936,0.2,0.0,0.9733493328094482,,0.002419374999590218,579,41349,-0.12179933488368988,0.496870756149292,-0.06793907284736633,0.8008748292922974,0.004906198009848595,0.375,1,177,38.45146787498379,38.45048137503909,0,1,1789187665.975051,0.0,4,0.007582250516861677,27.683086395263672
156.53308399487287,38.73738175001927,0.0,0.0,0.9886518120765686,,0.02463158400496468,581,41550,-0.15035249292850494,0.4952748715877533,-0.06861501187086105,0.800938606262207,0.007539703045040369,0.625,2,178,38.606438375019934,38.60548025002936,0,1,1789187666.1300218,0.0,4,0.011603474617004395,27.651611328125
153.55679095955566,38.86766354099382,0.0,0.0,0.9908562898635864,,0.04823754099197686,583,41703,-3.8970956802368164,0.4946562349796295,-0.06883599609136581,0.8009007573127747,0.006615287624299526,0.625,2,179,38.76373379101278,38.76234429102624,0,1,1789187666.287317,0.0,4,0.005552501883357763,27.683637619018555
154.35512497788295,39.06750079098856,0.0,0.0,0.9911755323410034,,0.0036429170286282897,586,41851,0.6069239974021912,0.4988632798194885,-0.06675594300031662,0.8006203770637512,-0.013059504330158234,0.625,2,180,38.91790695802774,38.916788583039306,0,1,1789187666.44149,0.0,4,0.04145842045545578,27.68165397644043
156.10841702437028,39.20355912501691,0.0,0.0,0.995513379573822,,0.023996292031370103,588,41999,0.1993371993303299,0.5011029243469238,-0.06540606170892715,0.8004396557807922,-0.01294350903481245,0.625,2,181,39.073104374983814,39.07144700002391,0,1,1789187666.5966878,0.0,4,0.02145802415907383,27.635892868041992
153.92562496708706,39.33245808299398,0.0,0.0,0.9884048700332642,,0.04695437499321997,590,42150,0.15119163691997528,0.5015388131141663,-0.06497091799974442,0.8003700971603394,0.008296075277030468,0.625,2,182,39.22683387500001,39.22548683302011,0,1,1789187666.750417,0.0,4,0.028086142614483833,27.606464385986328
155.53049999289215,39.53281950001838,0.0,0.0,0.9948933124542236,,0.00233945797663182,593,42299,0.33024290204048157,0.5018390417098999,-0.06471922248601913,0.8003265857696533,0.025509890168905258,0.625,2,183,39.38108449999709,39.37962845800212,0,1,1789187666.904667,0.0,4,0.04669547826051712,27.60390281677246
154.6315419836901,39.664408207987435,0.0,0.0,0.9916101098060608,,0.02431020903168246,595,42449,0.06980827450752258,0.5020400881767273,-0.06454799324274063,0.8003304600715637,0.010765347629785538,0.625,2,184,39.53532891598297,39.53408687503543,0,1,1789187667.058911,0.0,4,0.06308197230100632,27.60515594482422
153.64991704700515,39.79564875003416,0.0,-13.333333432674408,0.9692710638046265,,0.04744758299784735,597,42600,-0.10108261555433273,0.5019800066947937,-0.06446093320846558,0.8003873229026794,0.00352734443731606,0.625,2,185,39.69062812498305,39.689446415985,0,1,1789187667.21421,0.2222222238779068,5,0.11081244051456451,27.600215911865234
154.26512499107048,39.99726154102245,0.0,-13.333333432674408,0.982362687587738,,0.0017936669755727053,600,42749,-0.04968133568763733,0.5015580654144287,-0.06454077363014221,0.8004913926124573,0.008598130196332932,0.625,2,186,39.846262749983,39.844790083006956,0,1,1789187667.369845,0.2222222238779068,5,0.14713594317436218,27.5667781829834
154.37391703017056,40.12949658301659,0.0,-13.333333432674408,0.9732795357704163,,0.0238692500279285,602,42900,-0.04327034205198288,0.5008687376976013,-0.06476527452468872,0.8005726337432861,0.00786410178989172,0.625,2,187,40.00019008299569,39.99899191601435,0,1,1789187667.5237708,0.2222222238779068,5,0.14963701367378235,27.430248260498047
153.53291598148644,40.262429416005034,0.0,-13.333333432674408,0.9899457097053528,,0.045227124996017665,604,43050,-0.1067422404885292,0.5000030398368835,-0.06508314609527588,0.8006348013877869,0.007418412249535322,0.625,2,188,40.15526566602057,40.154123625019565,0,1,1789187667.678847,0.2222222238779068,5,0.13898566365242004,26.476545333862305
153.54699996532872,40.46207912499085,0.0,0.0,0.9715456366539001,,0.0002652909606695175,607,43200,-0.12925447523593903,0.49908575415611267,-0.06543420255184174,0.8006675839424133,0.005698125343769789,0.625,2,189,40.3101580410148,40.30879741598619,0,1,1789187667.833739,0.0,4,0.07717360556125641,24.608646392822266
154.92408303543925,40.59728870802792,0.0,0.0,0.9952818751335144,,0.020985208044294268,609,43349,-0.12373747676610947,0.49810630083084106,-0.06583552807569504,0.8006449341773987,-0.002843881957232952,0.625,2,190,40.46450574998744,40.46334983303677,0,1,1789187667.988086,0.0,4,0.04246244579553604,22.68192481994629
156.86304098926485,40.732197290984914,0.0,0.0,0.9915974736213684,,0.045387000020127743,611,43500,-0.13868474960327148,0.4970950484275818,-0.06624306738376617,0.8005787134170532,-0.0064073167741298676,0.625,2,191,40.6219198750332,40.62072125001578,0,1,1789187668.1455,0.0,4,0.01933233253657818,21.188919067382812
154.2507500271313,40.92685079103103,0.0,0.0,0.997672975063324,,0.0022395839914679527,614,43650,-0.14088858664035797,0.49606695771217346,-0.06666103005409241,0.8005290031433105,-0.006974802818149328,0.625,2,192,40.776187999988906,40.774839624995366,0,1,1789187668.299768,0.0,4,0.03627921640872955,20.45306968688965
153.1131670344621,41.05777983303415,0.0,0.0,0.9764471650123596,,0.024485875037498772,616,43799,-0.14270178973674774,0.49508094787597656,-0.06707763671875,0.8005015850067139,-0.007017903961241245,0.625,2,193,40.93043062498327,40.92915254103718,0,1,1789187668.45401,0.0,4,0.07263128459453583,20.435489654541016
157.8326250310056,41.19596466602525,0.0,-13.333333432674408,0.9899318218231201,,0.045994667045306414,618,43950,-0.14271117746829987,0.49405637383461,-0.06753203272819519,0.8004789352416992,-0.009329557418823242,0.625,2,194,41.08537145802984,41.08412670803955,0,1,1789187668.608951,0.2222222238779068,5,0.11093947291374207,20.51156234741211
156.71779098920524,41.39468691602815,0.0,-13.333333432674408,0.9942136406898499,,0.002563999965786934,621,44099,-0.14702482521533966,0.4929733872413635,-0.06801450997591019,0.8004409670829773,-0.01190636120736599,0.625,2,195,41.24177291599335,41.24053312500473,0,1,1789187668.765352,0.2222222238779068,5,0.16333958506584167,20.325698852539062
156.32112498860806,41.52693841600558,0.0,-13.333333432674408,0.9984245300292969,,0.024069625011179596,623,44249,-0.15199458599090576,0.49189049005508423,-0.06848755478858948,0.8004286289215088,-0.01285644993185997,0.625,2,196,41.39587795798434,41.39468691602815,0,1,1789187668.919457,0.2222222238779068,5,0.18293693661689758,20.046165466308594
154.12787499371916,41.656574541004375,0.0,-13.333333432674408,0.9968631267547607,,0.04951833398081362,625,44400,-0.1485154777765274,0.4908580183982849,-0.0689176544547081,0.8003966212272644,-0.014120214618742466,0.625,2,197,41.55337179102935,41.55196499999147,0,1,1789187669.076951,0.2222222238779068,5,0.18746785819530487,19.263965606689453
153.46087497891858,41.85458445799304,0.0,-13.333333432674408,0.9982202649116516,,0.00574479199713096,628,44549,-0.1481485515832901,0.4898196756839752,-0.06932950764894485,0.800382137298584,-0.012909702956676483,0.625,2,198,41.70819133298937,41.706868375011254,0,1,1789187669.23177,0.2222222238779068,5,0.16109147667884827,17.557071685791016
154.16220895713195,41.985788249992765,0.0,-13.333333432674408,0.9945603013038635,,0.029907624993938953,630,44699,-0.14624357223510742,0.4888019263744354,-0.06972678005695343,0.8003410696983337,-0.01721489615738392,0.625,2,199,41.8638333749841,41.86153366602957,0,1,1789187669.387413,0.2222222238779068,5,0.12431662529706955,15.643106460571289
153.35833298740909,42.11951841600239,0.0,-13.333333432674408,0.9960147142410278,,0.04932987497886643,632,44849,-0.14117459952831268,0.48781344294548035,-0.07011613249778748,0.8003137111663818,-0.016520170494914055,0.625,2,200,42.016843374993186,42.01548995799385,0,1,1789187669.540421,0.2222222238779068,5,0.14062932133674622,14.102288246154785
154.0203329641372,42.32018570799846,0.0,-13.333333432674408,0.9892823696136475,,0.003651415987405926,635,45000,-0.12112407386302948,0.4868025481700897,-0.07052033394575119,0.8002970814704895,-0.01189700048416853,0.625,2,201,42.171225833008066,42.16981679102173,0,1,1789187669.694804,0.2222222238779068,5,0.10591000318527222,13.11402416229248
154.31595803238451,42.45214866602328,0.0,0.0,0.9998646974563599,,0.026716958032920957,637,45151,-0.11570186913013458,0.4857856333255768,-0.07093223184347153,0.8002687096595764,-0.01712825335562229,0.625,2,202,42.3266088750097,42.32454966602381,0,1,1789187669.850187,0.0,4,0.03935189172625542,11.587028503417969
154.52862496022135,42.5874608749873,0.0,0.0,0.9975360631942749,,0.04602437495486811,639,45352,-0.11067952960729599,0.4846191704273224,-0.07137876749038696,0.8002126812934875,-0.020487656816840172,0.625,2,203,42.48012183303945,42.47895662498195,0,1,1789187670.0036988,0.0,4,0.016192171722650528,9.190041542053223
154.51825002674013,42.785778833029326,0.0,0.0,0.9980747699737549,,0.0026576670352369547,642,45500,-0.10925129801034927,0.4838450849056244,-0.07164523750543594,0.8001797199249268,-0.022159462794661522,0.625,2,204,42.635214833018836,42.63391825003782,0,1,1789187670.158792,0.0,4,0.014159141108393669,7.642889022827148
154.7733750194311,42.922002291015815,0.0,0.0,0.9982736110687256,,0.021041125000920147,644,45650,-0.10303009301424026,0.48322951793670654,-0.07182593643665314,0.8001761436462402,-0.01408449187874794,0.625,2,205,42.78953524999088,42.788270040997304,0,1,1789187670.313112,0.0,4,0.009862526319921017,6.9535346031188965
155.08658299222589,43.0540950410068,0.0,0.0,0.9969688057899475,,0.04725866700755432,646,45799,-0.09099330008029938,0.48277798295021057,-0.07193747162818909,0.800189733505249,-0.010715984739363194,0.625,2,206,42.94761020800797,42.94626712502213,0,1,1789187670.4711869,0.0,4,0.007828472182154655,6.795817852020264
154.13887501927093,43.25161287502851,0.0,0.0,0.9999127388000488,,0.0037985829985700548,649,45949,-0.07384677231311798,0.4824727475643158,-0.07200061529874802,0.8002289533615112,-0.0028274792712181807,0.625,2,207,43.102501082990784,43.10127258300781,0,1,1789187670.626077,0.0,4,0.03589349612593651,6.664128303527832
154.34662502957508,43.38617191603407,-0.2,0.0,0.9990052580833435,,0.024175375001505017,651,46099,-0.056976888328790665,0.48228901624679565,-0.07203883677721024,0.8002632856369019,-0.002647662302479148,0.875,3,208,43.25714954099385,43.256000666006,0,1,1789187670.780725,0.0,4,0.08537612855434418,6.518519401550293
156.22816601535305,43.52287216600962,0.0,-13.333333432674408,0.9981295466423035,,0.043929750041570514,653,46250,-0.04487399384379387,0.4821608364582062,-0.07207068800926208,0.8003001809120178,-0.0010509900748729706,0.625,2,209,43.412073541025165,43.41057375003584,0,1,1789187670.935649,0.2222222238779068,5,0.11135280132293701,6.384865760803223
153.26770901447162,43.65045487502357,0.0,-13.333333432674408,0.9990444779396057,,0.06935295899165794,655,46399,3.8463191986083984,0.4812212288379669,-0.07218918204307556,0.8002990484237671,3.185876994393766e-05,0.625,2,210,43.56769466603873,43.566540125000756,0,1,1789187671.09127,0.2222222238779068,5,0.18351852893829346,6.357614994049072
155.20241699414328,43.85341012501158,0.0,-13.333333432674408,0.9946123361587524,,0.022400000016205013,658,46550,-0.9599889516830444,0.47451671957969666,-0.07303473353385925,0.8000378608703613,0.026219679042696953,0.625,2,211,43.72188229102176,43.72060770803364,0,1,1789187671.245458,0.2222222238779068,5,0.1974928379058838,6.335232257843018
154.04524997575209,43.985885708010755,0.0,-13.333333432674408,0.9979169964790344,,0.04659208300290629,660,46699,-0.7117215394973755,0.4707517623901367,-0.07374310493469238,0.7999136447906494,-0.031670358031988144,0.625,2,212,43.8800085830153,43.87843254103791,0,1,1789187671.403584,0.2222222238779068,5,0.2012590616941452,5.618256092071533
156.7139170365408,44.18898945802357,0.0,-13.333333432674408,0.9991521835327148,,0.0009232500451616943,663,46855,-0.2080642282962799,0.46854451298713684,-0.07424716651439667,0.799893856048584,-0.05788926035165787,0.625,2,213,44.034340457990766,44.03319879103219,0,1,1789187671.557915,0.2222222238779068,5,0.17770375311374664,3.9938502311706543
157.08679205272347,44.32389887503814,0.0,-13.333333432674408,0.9999420642852783,,0.022177375038154423,665,46999,-0.46535250544548035,0.4667675793170929,-0.07459370791912079,0.7998674511909485,-0.03638746216893196,0.625,2,214,44.1902202499914,44.18898945802357,0,1,1789187671.7137952,0.2222222238779068,5,0.16901381313800812,2.326404333114624
154.30133300833404,44.451852291007526,0.0,-13.333333432674408,0.9999593496322632,,0.047881208010949194,667,47149,-0.2996816039085388,0.4654473662376404,-0.07486624270677567,0.7999098300933838,-0.030368410050868988,0.625,2,215,44.346833124989644,44.34543216601014,0,1,1789187671.8704078,0.2222222238779068,5,0.15355272591114044,0.7912167906761169
154.34058295795694,44.65239104098873,0.0,0.0,0.9998348951339722,,0.0022085419623181224,670,47299,-0.07506478577852249,0.464728444814682,-0.07506537437438965,0.8000146150588989,-0.03361646831035614,0.625,2,216,44.5016825000057,44.50025899999309,0,1,1789187672.0252569,0.0,4,0.08458957821130753,-0.772036075592041
153.33816700149328,44.78549658303382,0.0,0.0,0.9998113512992859,,0.02238474995829165,672,47450,-0.07246226817369461,0.46468663215637207,-0.07517623901367188,0.8001238107681274,-0.017188334837555885,0.625,2,217,44.65571462502703,44.65454316599062,0,1,1789187672.1792881,0.0,4,0.03387200087308884,-2.4050469398498535
154.5279580168426,44.92133241600823,0.0,0.0,0.9999407529830933,,0.04165558301610872,674,47599,-0.06510426849126816,0.46507567167282104,-0.07523202896118164,0.8002070188522339,-0.01037045568227768,0.625,2,218,44.809453000023495,44.80846004100749,0,1,1789187672.333026,0.0,4,0.025452405214309692,-3.897209882736206
156.47304203594103,45.05463850003434,0.0,0.0,0.9998903274536133,,0.06646966701373458,676,47799,0.015499052591621876,0.46597933769226074,-0.07527519762516022,0.8003343343734741,0.0007371398969553411,0.625,2,219,44.96704420802416,44.96463512501214,0,1,1789187672.490617,0.0,4,0.021844910457730293,-5.4697065353393555
153.4165830234997,45.25134766602423,0.0,0.0,0.999897837638855,,0.02117875003023073,679,47949,0.06459260731935501,0.46679311990737915,-0.07530299574136734,0.8004418015480042,0.008425247855484486,0.625,2,220,45.12029983301181,45.11910983303096,0,1,1789187672.643873,0.0,4,0.03433733433485031,-5.705693244934082
157.76116703636944,45.390015583019704,0.0,0.0,0.9991816878318787,,0.04187779204221442,681,48099,0.0660332664847374,0.46761399507522583,-0.07533068209886551,0.8005187511444092,0.006260842550545931,0.625,2,221,45.27515875000972,45.27413220802555,0,1,1789187672.798731,0.0,4,0.0892767682671547,-5.598324298858643
153.70204101782292,45.52048166602617,0.0,-13.333333432674408,0.9998539686203003,,0.06279745802748948,683,48250,0.06546208262443542,0.4684361219406128,-0.07534673064947128,0.8005847930908203,0.006386592052876949,0.625,2,222,45.4312109160237,45.42957708303584,0,1,1789187672.954784,0.2222222238779068,5,0.13376785814762115,-5.700927734375
153.4444999997504,45.720271291036624,0.0,-13.333333432674408,0.9997876286506653,,0.016828583960887045,686,48399,0.06630982458591461,0.46922436356544495,-0.07534892112016678,0.8006340861320496,0.009467892348766327,0.625,2,223,45.584543999983,45.58365537499776,0,1,1789187673.108116,0.2222222238779068,5,0.1676330417394638,-5.882810592651367
154.50829203473404,45.85250000003725,0.0,-13.333333432674408,0.9949169158935547,,0.04078912502154708,688,48549,0.0626911073923111,0.4700283706188202,-0.07534392178058624,0.8006645441055298,0.009844371117651463,0.625,2,224,45.73978366603842,45.738780833024066,0,1,1789187673.263356,0.2222222238779068,5,0.16587598621845245,-6.0876078605651855
155.8614169480279,45.98740008298773,0.0,-13.333333432674408,0.997795581817627,,0.06509087496669963,690,48699,0.06459158658981323,0.4708443880081177,-0.07534018903970718,0.8006662130355835,0.012409464456140995,0.625,2,225,45.89786345802713,45.896629541006405,0,1,1789187673.4214349,0.2222222238779068,5,0.1809491068124771,-7.045046329498291
155.54875001544133,46.18648466601735,0.0,-13.333333432674408,0.9990854263305664,,0.023803999996744096,693,48850,0.054132137447595596,0.47161784768104553,-0.07534605264663696,0.8006311655044556,0.013817250728607178,0.625,2,226,46.05579424998723,46.05473991599865,0,1,1789187673.579366,0.2222222238779068,5,0.17966343462467194,-8.626531600952148
154.0445419959724,46.320896583027206,0.0,-13.333333432674408,0.9976835250854492,,0.04228804196463898,695,49001,0.053107958287000656,0.47236135601997375,-0.07536919414997101,0.8005471229553223,0.015588734298944473,0.625,2,227,46.210407291015144,46.20914008299587,0,1,1789187673.733979,0.2222222238779068,5,0.1589394062757492,-10.329867362976074
156.57204197486863,46.45434875000501,0.0,-13.333333432674408,0.9797908663749695,,0.06821812497219071,697,49149,0.05024789646267891,0.47298818826675415,-0.07540807873010635,0.8004555106163025,0.012325012125074863,0.625,2,228,46.36725629103603,46.36599483300233,0,1,1789187673.890827,0.2222222238779068,5,0.1201019212603569,-11.899845123291016
154.86224996857345,46.65241816599155,0.0,0.0,0.9955819249153137,,0.022921833966393024,700,49299,0.04309907555580139,0.47353625297546387,-0.07545267790555954,0.8003899455070496,0.010577338747680187,0.625,2,229,46.52165624999907,46.52047774998937,0,1,1789187674.045228,0.0,4,0.032860320061445236,-13.547491073608398
153.09812501072884,46.7809237500187,0.0,0.0,0.989988386631012,,0.047660875017754734,702,49450,0.03479883447289467,0.47399377822875977,-0.07548628747463226,0.8003076910972595,0.009331128560006618,0.625,2,230,46.67680629098322,46.67548650002573,0,1,1789187674.200377,0.0,4,0.02785925380885601,-15.124106407165527
156.55320801306516,46.921388416027185,0.2,0.0,0.7741343975067139,,0.06541387498145923,704,49599,0.024233566597104073,0.47434166073799133,-0.07549741864204407,0.8002371788024902,0.006245553493499756,0.375,1,231,46.83172491600271,46.83024908299558,0,1,1789187674.355295,0.0,4,-0.007699002046138048,-16.357900619506836
154.26750003825873,47.11610508302692,0.0,0.0,0.9637899398803711,,0.02465266699437052,707,49753,-0.005661061033606529,0.47467872500419617,-0.07549647241830826,0.8001810312271118,0.012482174672186375,0.625,2,232,46.988093583029695,46.986490249983035,0,1,1789187674.5116642,0.0,4,0.00498689291998744,-17.65461540222168
154.82154197525233,47.253908707993105,0.0,0.0,0.9938566088676453,,0.0422308340203017,709,49900,-4.1680097579956055,0.4765141010284424,-0.07592957466840744,0.8000836968421936,-0.015465482138097286,0.625,2,233,47.142462166026235,47.141318000038154,0,1,1789187674.666032,0.0,4,0.021652238443493843,-17.834064483642578
153.00204197410494,47.38636474998202,0.0,0.0,0.9409400820732117,,0.06210883299354464,711,50049,0.4124787449836731,0.4851951599121094,-0.0784045085310936,0.7998653054237366,0.020450133830308914,0.625,2,234,47.2967821250204,47.29547154100146,0,1,1789187674.820352,0.0,4,0.01712782494723797,-17.854703903198242
153.85220904136077,47.58728675002931,0.0,0.0,0.9818651080131531,,0.019111417001113296,714,50199,0.8690588474273682,0.4896566569805145,-0.07978137582540512,0.7999839782714844,0.040035542100667953,0.625,2,235,47.45381300000008,47.45254595798906,0,1,1789187674.977382,0.0,4,0.04099509119987488,-18.000244140625
153.85512495413423,47.71866787498584,0.0,0.0,0.9892394542694092,,0.041861207981128246,716,50349,0.6104856133460999,0.4921395480632782,-0.0806533545255661,0.8001651167869568,0.012724000960588455,0.625,2,236,47.60803904099157,47.606673958012834,0,1,1789187675.131608,0.0,4,0.04116674140095711,-18.264616012573242
154.59754195762798,47.8525354579906,0.0,0.0,0.9899095296859741,,0.06432612496428192,718,50500,0.3639442026615143,0.4937218129634857,-0.08125251531600952,0.8002625703811646,-0.010829036124050617,0.625,2,237,47.76342679100344,47.76226404099725,0,1,1789187675.286996,0.0,4,0.0450817309319973,-18.26355743408203
153.04112498415634,48.051347416010685,0.0,0.0,0.9803855419158936,,0.018245499988552183,721,50649,0.15813615918159485,0.4949268102645874,-0.08174122124910355,0.8003583550453186,-0.007917731069028378,0.625,2,238,47.91775291599333,47.91655179101508,0,1,1789187675.441321,0.0,4,0.07965106517076492,-18.134126663208008
157.21854101866484,48.190553791006096,0.0,0.0,0.9716950058937073,,0.04183762503089383,723,50800,0.04556850716471672,0.4956399202346802,-0.08213245868682861,0.8004738688468933,-0.009440102614462376,0.625,2,239,48.07629100000486,48.075172875018325,0,1,1789187675.599859,0.0,4,0.08049929887056351,-18.08880043029785
153.3539590309374,48.319301625015214,0.0,-13.333333432674408,0.9884657859802246,,0.0655886250315234,725,50949,0.02198396995663643,0.4956897795200348,-0.08234048634767532,0.8005536198616028,-0.011739666573703289,0.625,2,240,48.23285712499637,48.2315362910158,0,1,1789187675.756426,0.2222222238779068,5,0.11379585415124893,-18.14723777770996
154.12491699680686,48.51966312498553,0.0,-13.333333432674408,0.9606780409812927,,0.023281125002540648,728,51099,-0.0153652373701334,0.4952600598335266,-0.08238912373781204,0.8006052374839783,-0.014032725244760513,0.625,2,241,48.39020691602491,48.38881933299126,0,1,1789187675.9137752,0.2222222238779068,5,0.13525688648223877,-18.201000213623047
155.0163339707069,48.6535261250101,0.0,-13.333333432674408,0.9826521873474121,,0.04447499994421378,730,51249,-0.0786646232008934,0.4945601224899292,-0.08232814073562622,0.8006218671798706,-0.01529769692569971,0.625,2,242,48.54459358303575,48.54298479098361,0,1,1789187676.0681632,0.2222222238779068,5,0.13973042368888855,-18.30663299560547
153.12637499300763,48.851456750009675,0.0,-13.333333432674408,0.9924560785293579,,0.001147707982454449,733,51399,-0.1014992967247963,0.49374300241470337,-0.08220609277486801,0.8006096482276917,-0.013978184200823307,0.625,2,243,48.70056249998743,48.69947808299912,0,1,1789187676.2241302,0.2222222238779068,5,0.13810470700263977,-19.111053466796875
157.26529102539644,48.99065241601784,0.0,0.0,0.9653164744377136,,0.020070416037924588,735,51551,-0.09922219812870026,0.4927290081977844,-0.08202571421861649,0.8005700707435608,-0.017219629138708115,0.625,2,244,48.85457637498621,48.853457541030366,0,1,1789187676.378143,0.0,4,0.08080358803272247,-20.840038299560547
154.29574996232986,49.119903124985285,0.0,0.0,0.9956455826759338,,0.042895665974356234,737,51699,-0.1070164367556572,0.49174416065216064,-0.08184853941202164,0.8005071878433228,-0.020802240818738937,0.625,2,245,49.01000904099783,49.00850304099731,0,1,1789187676.533576,0.0,4,0.06035595014691353,-22.483421325683594
154.20175000326708,49.319682291010395,0.0,0.0,0.9844733476638794,,0.0011853749747388065,740,51849,-0.1167784333229065,0.49074625968933105,-0.0816979631781578,0.8004283905029297,-0.021348264068365097,0.625,2,246,49.16790000000037,49.166665915981866,0,1,1789187676.691467,0.0,4,0.00012950741802342236,-23.871091842651367
155.52620799280703,49.45363858301425,0.0,0.0,0.8964529037475586,,0.02284266601782292,742,52000,-0.11867773532867432,0.489851176738739,-0.08161366730928421,0.8003718256950378,-0.027034640312194824,0.625,2,247,49.32268154103076,49.32095504103927,0,1,1789187676.846248,0.0,4,0.03199523314833641,-24.87384033203125
157.81837503891438,49.59121070802212,0.0,0.0,0.8818337917327881,,0.044061167049221694,744,52149,-0.1153094470500946,0.489138662815094,-0.08159840106964111,0.800326406955719,-0.0296612661331892,0.625,2,248,49.478874458000064,49.477453500032425,0,1,1789187677.00244,0.0,4,0.048321984708309174,-25.07114601135254
155.4012499982491,49.78879229101585,0.0,0.0,0.8751357793807983,,0.002070666989311576,747,52350,-0.09182213991880417,0.4883773922920227,-0.08165692538022995,0.8002943396568298,-0.028426868841052055,0.625,2,249,49.6368483750266,49.635461708006915,0,1,1789187677.160414,0.0,4,0.04408668354153633,-24.93636703491211
153.45562499715015,49.91867683298187,0.0,0.0,0.8804373145103455,,0.024834625015500933,749,52499,-0.07579376548528671,0.4879121482372284,-0.08174844086170197,0.8002968430519104,-0.028912173584103584,0.625,2,250,49.791231625014916,49.790055833000224,0,1,1789187677.3147972,0.0,4,0.057595569640398026,-25.271934509277344
,,-0.2,0.0,0.8483622670173645,,0.04667533404426649,751,52650,-0.0646476075053215,0.48750442266464233,-0.08187863975763321,0.8003121018409729,-0.028887851163744926,0.875,3,251,49.94618258299306,49.94478125002934,0,1,1789187677.469748,0.0,4,0.0477980300784111,-25.486377716064453
,,,,,after-land,,,59549,,0.4800344705581665,-0.08418262749910355,0.01989620365202427,,,,,57.01738675002707,,,,,,,,
