cmd_vx,cmd_yaw,conf,event,frame_age,fw_ts,px,py,pz,size,size_bucket,t,tracking,x,x_bin,x_soft,yaw
0.0,0.0,0.39931777119636536,,0.02289879199815914,16860,9.343035243039588e-13,3.4455856137011187e-12,0.8439230918884277,0.125,0,13.624670916993637,0,-0.8888888955116272,0,-0.06517992913722992,0.0
0.0,0.0,0.4164954423904419,,0.003556500014383346,16908,9.433365547040218e-13,3.4790423580205454e-12,0.8422958254814148,0.125,0,13.670697207970079,0,0.0,4,-0.0703161358833313,0.0
0.0,0.0,0.4181954264640808,,0.00207312498241663,17007,9.595407151133384e-13,3.539181968326144e-12,0.8395946025848389,0.125,0,13.742265791981481,0,0.0,4,-0.0687863677740097,0.0
0.0,0.0,0.4249274432659149,,0.003605416975915432,17057,9.68258242681208e-13,3.571582916570004e-12,0.838298499584198,0.125,0,13.811465375008993,0,0.8888888955116272,8,-0.05165836960077286,0.0
0.0,0.0,0.4350317120552063,,0.010828750033397228,17157,9.857609520325106e-13,3.6367458523811624e-12,0.8359193205833435,0.125,0,13.885872541985009,0,0.8888888955116272,8,-0.05086319148540497,0.0
0.0,0.0,0.43461713194847107,,0.01965408300748095,17207,9.954186997243597e-13,3.672757844380703e-12,0.8347574472427368,0.125,0,13.961247249972075,0,0.8888888955116272,8,-0.04557327181100845,0.0
0.0,0.0,0.44697391986846924,,0.0024415000225417316,17258,1.0051630751697904e-12,3.709134995671937e-12,0.8337073922157288,0.125,0,14.00940995797282,0,0.8888888955116272,8,-0.05107811093330383,0.0
0.0,0.0,0.43637627363204956,,0.006113584036938846,17357,1.025597141934842e-12,3.785528748107003e-12,0.8318941593170166,0.125,0,14.081200374988839,0,0.8888888955116272,8,-0.04835186153650284,0.0
0.0,0.0,0.43864285945892334,,0.012403125001583248,17407,1.0337505591123675e-12,3.816084167412859e-12,0.8312385678291321,0.125,0,14.154513874964323,0,0.8888888955116272,8,-0.04905851185321808,0.0
0.0,0.0,0.44504374265670776,,0.01465545903192833,17458,1.0441380832865166e-12,3.855030010491145e-12,0.8305475115776062,0.125,0,14.225014541996643,0,0.8888888955116272,8,-0.0521596297621727,0.0
0.0,0.0,0.4454903304576874,,0.01598799997009337,17558,1.0652046735989962e-12,3.934142508293936e-12,0.8294152021408081,0.125,0,14.293632832996082,0,0.8888888955116272,8,-0.05547090247273445,0.0
0.0,0.0,0.4390599727630615,,0.017738041002303362,17608,1.075540156068866e-12,3.973035008625336e-12,0.8289411664009094,0.125,0,14.361754333018325,0,0.8888888955116272,8,-0.06191620975732803,0.0
0.0,0.0,0.4415602385997772,,0.024810792005155236,17707,1.0958818488088218e-12,4.0496911379861444e-12,0.8281865119934082,0.125,0,14.434149875014555,0,0.8888888955116272,8,-0.0629582479596138,0.0
0.0,0.0,0.441951185464859,,0.006113165989518166,17758,1.1083282729085209e-12,4.0966618118642995e-12,0.8278214931488037,0.125,0,14.480882124975324,0,0.8888888955116272,8,-0.06210559606552124,0.0
0.0,0.0,0.43700718879699707,,0.014711832976900041,17807,1.1196878927505205e-12,4.1395931821286425e-12,0.8275179862976074,0.125,0,14.555875791993458,0,0.8888888955116272,8,-0.06074044853448868,0.0
0.0,0.0,0.4365910589694977,,0.022265540959779173,17907,1.1405042492015904e-12,4.218386057130985e-12,0.8270543813705444,0.125,0,14.629907624970656,0,0.8888888955116272,8,-0.06123526394367218,0.0
0.0,0.0,0.44049200415611267,,0.02394474996253848,17958,1.1522002969777123e-12,4.262711711389144e-12,0.8268457651138306,0.125,0,14.701097875018604,0,0.8888888955116272,8,-0.06169614940881729,0.0
0.0,0.0,0.439488023519516,,0.001141166954766959,18007,1.1633655193701853e-12,4.305088837502913e-12,0.8266560435295105,0.125,0,14.745812457986176,0,0.8888888955116272,8,-0.06452909857034683,0.0
0.0,0.0,0.43907588720321655,,0.009718250017613173,18059,1.1758781882226232e-12,4.3526137555316424e-12,0.8264700770378113,0.125,0,14.819377416977659,0,-0.8888888955116272,0,-0.06794564425945282,0.0
0.0,0.0,0.43895667791366577,,0.013858417049050331,18157,1.1979109110910047e-12,4.436426486592593e-12,0.8261594772338867,0.125,0,14.889534417015966,0,-0.8888888955116272,0,-0.06859265267848969,0.0
0.0,0.0,0.43773287534713745,,0.015850000025238842,18207,1.2098503622548495e-12,4.48191310453705e-12,0.8259983658790588,0.125,0,14.959511458000634,0,-0.8888888955116272,0,-0.06810896098613739,0.0
0.0,0.0,0.4331930875778198,,0.0006396669778041542,18258,1.2224595251006387e-12,4.529983159418105e-12,0.8258314728736877,0.125,0,15.009568458015565,0,-0.8888888955116272,0,-0.07092292606830597,0.0
0.0,0.0,0.4312621057033539,,0.0009426249889656901,18307,1.2349345721376914e-12,4.5775904768119435e-12,0.8256632089614868,0.125,0,15.076479749986902,0,-0.8888888955116272,0,-0.07299543172121048,0.0
0.0,0.0,0.43530479073524475,,0.006062875036150217,18407,1.260470569065808e-12,4.675177779633888e-12,0.8253154754638672,0.125,0,15.148596166982315,0,-0.8888888955116272,0,-0.07161380350589752,0.0
0.0,0.0,0.43475624918937683,,0.009847790992353112,18459,1.2707314584262108e-12,4.7144575569813e-12,0.8251693248748779,0.125,0,15.217549583001528,0,-0.8888888955116272,0,-0.07548045367002487,0.0
0.0,0.0,0.43327564001083374,,0.01516258396441117,18558,1.2978564620583222e-12,4.8183622890218825e-12,0.8247559666633606,0.125,0,15.289865874976385,0,-0.8888888955116272,0,-0.07610524445772171,0.0
0.0,0.0,0.4336925446987152,,0.018487041001208127,18608,1.3114114828793877e-12,4.870364962022977e-12,0.8245427012443542,0.125,0,15.360066082968842,0,-0.8888888955116272,0,-0.0790894627571106,0.0
0.0,0.0,0.4318176209926605,,0.0012309580342844129,18658,1.3248710939092745e-12,4.9220306649888634e-12,0.8243253231048584,0.125,0,15.408096499973908,0,-0.8888888955116272,0,-0.08323447406291962,0.0
0.0,0.0,0.4335766136646271,,0.005455750040709972,18707,1.3362686608273111e-12,4.965830264352933e-12,0.8241410851478577,0.125,0,15.47832512500463,0,-0.8888888955116272,0,-0.08153623342514038,0.0
0.0,0.0,0.4305512011051178,,0.009814207965973765,18808,1.3646396295960428e-12,5.074947840438826e-12,0.8236762881278992,0.125,0,15.550383707974106,0,-0.8888888955116272,0,-0.0794188529253006,0.0
0.0,0.0,0.4298519790172577,,0.018354374973569065,18859,1.3777149993760007e-12,5.125294719882101e-12,0.8234553337097168,0.125,0,15.62457116699079,0,-0.8888888955116272,0,-0.0834556519985199,0.0
0.0,0.0,0.43207988142967224,,0.012270124978385866,18957,1.4059375408673191e-12,5.2340779280179994e-12,0.8229467272758484,0.125,0,15.684793082997203,0,-0.8888888955116272,0,-0.08320428431034088,0.0
0.0,0.0,0.4324975311756134,,0.015674249967560172,19007,1.4175055443668705e-12,5.278733179736594e-12,0.8227415084838867,0.125,0,15.756671875016764,0,-0.8888888955116272,0,-0.08259005844593048,0.0
0.0,0.0,0.4302544891834259,,0.0003808750188909471,19059,1.4325697746120358e-12,5.336889784268717e-12,0.8224694132804871,0.125,0,15.806776957993861,0,-0.8888888955116272,0,-0.08362127840518951,0.0
0.0,0.0,0.4300174415111542,,0.008555000007618219,19158,1.4611824120450145e-12,5.44747320169181e-12,0.8219425678253174,0.125,0,15.881548125005793,0,-0.8888888955116272,0,-0.08193518221378326,0.0
0.0,0.0,0.43167644739151,,0.012878332985565066,19207,1.4765668071917148e-12,5.506993298876051e-12,0.8216550350189209,0.125,0,15.952992458012886,0,-0.8888888955116272,0,-0.08366116881370544,0.0
0.0,0.0,0.4330044090747833,,0.01469675003318116,19257,1.48943422699499e-12,5.5568141234252355e-12,0.821415364742279,0.125,0,16.023132041969802,0,-0.8888888955116272,0,-0.08481676876544952,0.0
0.0,0.0,0.43127933144569397,,0.023254375031683594,19358,1.5197955741119706e-12,5.674456998033817e-12,0.8208525776863098,0.125,0,16.097443917009514,0,-0.8888888955116272,0,-0.0868748277425766,0.0
0.0,0.0,0.43963173031806946,,0.004687292035669088,19408,1.5353622236438658e-12,5.734840987509093e-12,0.8205747008323669,0.125,0,16.145273291971534,0,-0.8888888955116272,0,-0.08895058184862137,0.0
0.0,0.0,0.43671804666519165,,0.012466875021345913,19457,1.5507890110955103e-12,5.794715835644171e-12,0.8203044533729553,0.125,0,16.219268666987773,0,-0.8888888955116272,0,-0.08833598345518112,0.0
0.0,0.0,0.43249228596687317,,0.016269874991849065,19557,1.5809031601171641e-12,5.911705586864047e-12,0.8197866082191467,0.125,0,16.291777957987506,0,-0.8888888955116272,0,-0.08660577982664108,0.0
0.0,0.0,0.4341026246547699,,0.0011860000086016953,19608,1.5963201897492563e-12,5.971671074300744e-12,0.8195257186889648,0.125,0,16.342721207998693,0,-0.8888888955116272,0,-0.08191410452127457,0.0
0.0,0.0,0.3935951292514801,,0.008453540969640017,19658,1.6098842094483534e-12,6.024461745440801e-12,0.8192964196205139,0.125,0,16.41524862498045,0,-0.8888888955116272,0,-0.09026825428009033,0.0
0.0,0.0,0.41434547305107117,,0.01106054097181186,19758,1.6425968658168033e-12,6.151858536473931e-12,0.8187621831893921,0.125,0,16.484925500000827,0,-0.8888888955116272,0,-0.08676357567310333,0.0
0.0,0.0,0.41273948550224304,,0.016130584001075476,19808,1.6587956052152575e-12,6.2150154814255565e-12,0.8185064196586609,0.125,0,16.556593957997393,0,-0.8888888955116272,0,-0.0841745138168335,0.0
0.0,0.0,0.41054946184158325,,0.023044166970066726,19858,1.6753441082345555e-12,6.2795697461370814e-12,0.8182536959648132,0.125,0,16.62988233298529,0,-0.8888888955116272,0,-0.08170118927955627,0.0
0.0,0.0,0.41151338815689087,,0.002234790998045355,19910,1.6923136069574296e-12,6.345807559982042e-12,0.8180025219917297,0.125,0,16.67712270800257,0,-0.8888888955116272,0,-0.08248309791088104,0.0
0.0,0.0,0.501976490020752,,0.00822129100561142,20008,1.7247907746140156e-12,6.472716026356684e-12,0.8175472021102905,0.125,0,16.74860766698839,0,-0.8888888955116272,0,-0.0941038578748703,0.0
0.0,0.0,0.49930471181869507,,0.009816500009037554,20058,1.7412684792314503e-12,6.537165773978781e-12,0.817331850528717,0.125,0,16.816129499988165,0,-0.8888888955116272,0,-0.09447836875915527,0.0
0.0,0.0,0.4955974817276001,,0.012740665988530964,20157,1.7755375078185032e-12,6.671334058100387e-12,0.8169018626213074,0.125,0,16.886734500003513,0,-0.8888888955116272,0,-0.09186175465583801,0.0
0.0,0.0,0.5005496144294739,,0.01603079098276794,20207,1.792392189531311e-12,6.737410542662081e-12,0.81670081615448,0.125,0,16.95742579200305,0,-0.8888888955116272,0,-0.08980619162321091,0.0
0.0,0.0,0.4992366135120392,,0.017820083012338728,20258,1.8102599497540894e-12,6.807489034282854e-12,0.8164961338043213,0.125,0,17.027480166987516,0,-0.8888888955116272,0,-0.08739501237869263,0.0
0.0,0.0,0.49817490577697754,,0.022711291967425495,20357,1.8435205619005135e-12,6.938096798470017e-12,0.8161303400993347,0.125,0,17.099008166987915,0,-0.8888888955116272,0,-0.08966116607189178,0.0
0.0,0.0,0.4984006881713867,,0.0053678329568356276,20408,1.860768917422151e-12,7.00591581276333e-12,0.8159467577934265,0.125,0,17.149783374974504,0,-0.8888888955116272,0,-0.09009787440299988,0.0
0.0,0.0,0.4926002621650696,,0.012288915982935578,20458,1.877403831354596e-12,7.07135608749021e-12,0.8157742023468018,0.125,0,17.22350862500025,0,-0.8888888955116272,0,-0.0926901251077652,0.0
0.0,0.0,0.49960193037986755,,0.02004804101306945,20557,1.913543325529621e-12,7.213691016055845e-12,0.8154096007347107,0.125,0,17.297385375015438,0,-0.8888888955116272,0,-0.0910600796341896,0.0
0.0,0.0,0.49792516231536865,,0.0011697079753503203,20608,1.9320480545287344e-12,7.286668664285845e-12,0.8152251839637756,0.125,0,17.344318500021473,0,-0.8888888955116272,0,-0.08906030654907227,0.0
0.0,0.0,0.4963984787464142,,0.011403832992073148,20658,1.9490585360937285e-12,7.353808534338313e-12,0.8150573372840881,0.125,0,17.420095874986146,0,-0.8888888955116272,0,-0.08906479179859161,0.0
0.0,0.0,0.492531418800354,,0.02176454197615385,20758,1.9866252740086132e-12,7.502238413836793e-12,0.8146952986717224,0.125,0,17.49651379196439,0,-0.8888888955116272,0,-0.08904068917036057,0.0
0.0,0.0,0.4974587559700012,,0.02025949995731935,20808,2.0055842837179982e-12,7.57725653055541e-12,0.8145142197608948,0.125,0,17.562418917019386,0,-0.8888888955116272,0,-0.08940818905830383,0.0
0.0,0.0,0.4978296458721161,,0.0035511659807525575,20859,2.0277351846231806e-12,7.664947669627775e-12,0.8143110871315002,0.125,0,17.611646457982715,0,-0.8888888955116272,0,-0.08764982968568802,0.0
0.0,0.0,0.504648745059967,,0.0010555839980952442,20909,2.044725716868201e-12,7.732303512753003e-12,0.8141538500785828,0.125,0,17.675380208005663,0,-0.8888888955116272,0,-0.09002894163131714,0.0
0.0,0.0,0.5104239583015442,,0.0017696249997243285,21007,2.0815146481445446e-12,7.878307381470329e-12,0.8138220906257629,0.125,0,17.744127582991496,0,-0.8888888955116272,0,-0.08894100040197372,0.0
0.0,0.0,0.5072396397590637,,0.00484045798657462,21058,2.0996399063832882e-12,7.950329630745934e-12,0.813664972782135,0.125,0,17.816809249983635,0,-0.8888888955116272,0,-0.0871870368719101,0.0
0.0,0.0,0.5070465207099915,,0.005982583039440215,21107,2.120948599040884e-12,8.035056127397855e-12,0.8134878277778625,0.125,0,17.882908582978416,0,-0.8888888955116272,0,-0.08784148842096329,0.0
0.0,0.0,0.5072600245475769,,0.014058124972507358,21208,2.1582813661269462e-12,8.183738409162089e-12,0.813180148601532,0.125,0,17.957050708006136,0,-0.8888888955116272,0,-0.08764412254095078,0.0
0.0,0.0,0.5081797242164612,,0.018336832989007235,21258,2.1787361411534922e-12,8.265288627129497e-12,0.8130189180374146,0.125,0,18.028435125015676,0,-0.8888888955116272,0,-0.08692872524261475,0.0
0.0,0.0,0.5101348757743835,,0.0036476249806582928,21307,2.198921166679524e-12,8.345829236033886e-12,0.8128642439842224,0.125,0,18.07911208301084,0,-0.8888888955116272,0,-0.08667261898517609,0.0
0.0,0.0,0.5130496025085449,,0.007355332956649363,21408,2.2376770575371907e-12,8.50068192920217e-12,0.8125752210617065,0.125,0,18.14924537501065,0,-0.8888888955116272,0,-0.08765944838523865,0.0
0.0,0.0,0.5152002573013306,,0.007386250013951212,21457,2.2572518940805475e-12,8.578984744822549e-12,0.8124347925186157,0.125,0,18.215574832982384,0,-0.8888888955116272,0,-0.08810186386108398,0.0
0.0,0.0,0.5176708698272705,,0.010897708998527378,21557,2.2998651594274833e-12,8.749627758430911e-12,0.8121418952941895,0.125,0,18.286540041968692,0,-0.8888888955116272,0,-0.08638401329517365,0.0
0.0,0.0,0.5184414982795715,,0.016140874999109656,21607,2.3211916330007076e-12,8.835151360520044e-12,0.8119994401931763,0.125,0,18.361417457985226,0,-0.8888888955116272,0,-0.08627782016992569,0.0
0.0,0.0,0.521953284740448,,0.020877124974504113,21658,2.339007893620293e-12,8.90666013164676e-12,0.8118835687637329,0.125,0,18.432632167008705,0,-0.8888888955116272,0,-0.08389902114868164,0.0
0.0,0.0,0.5246286392211914,,0.0036286659887991846,21707,2.3592636091279706e-12,8.98800651960574e-12,0.8117546439170837,0.125,0,18.48162091698032,0,-0.8888888955116272,0,-0.08727547526359558,0.0
0.0,0.0,0.5243942737579346,,0.009856750024482608,21807,2.402181968966244e-12,9.16059068878372e-12,0.8114859461784363,0.125,0,18.553147166967392,0,-0.8888888955116272,0,-0.08558246493339539,0.0
0.0,0.0,0.5264127254486084,,0.007784375047776848,21857,2.421876935110312e-12,9.239881429423669e-12,0.8113651275634766,0.125,0,18.61925429198891,0,-0.8888888955116272,0,-0.08557920157909393,0.0
0.0,0.0,0.5260683298110962,,0.017280083964578807,21958,2.4653148446296402e-12,9.414939314278392e-12,0.8111063838005066,0.125,0,18.69444295798894,0,-0.8888888955116272,0,-0.08302010595798492,0.0
0.0,0.0,0.5264212489128113,,0.021881041990127414,22007,2.488673763595406e-12,9.509198983792544e-12,0.8109697103500366,0.125,0,18.764731124974787,0,-0.8888888955116272,0,-0.08211606740951538,0.0
0.0,0.0,0.5286062359809875,,0.024591249995864928,22108,2.5330343291635193e-12,9.68840806192528e-12,0.8107165098190308,0.125,0,18.835815624974202,0,-0.8888888955116272,0,-0.08162729442119598,0.0
0.0,0.0,0.5245649218559265,,0.0011525419540703297,22108,2.5330343291635193e-12,9.68840806192528e-12,0.8107165098190308,0.125,0,18.87884716701228,0,-0.8888888955116272,0,-0.07876476645469666,0.0
0.0,0.0,0.5264340043067932,,0.008079666993580759,22208,2.5758548939658343e-12,9.861681783684961e-12,0.8104760050773621,0.125,0,18.951642207975965,0,-0.8888888955116272,0,-0.07749970257282257,0.0
0.0,0.0,0.5241605043411255,,0.013080958044156432,22258,2.5962892859915376e-12,9.944461920596837e-12,0.8103631734848022,0.125,0,19.024011833011173,0,-0.8888888955116272,0,-0.07853669673204422,0.0
0.0,0.0,0.5233460068702698,,0.01942695799516514,22358,2.6437714864546713e-12,1.0136990205578122e-11,0.8101131319999695,0.125,0,19.096160457993392,0,-0.8888888955116272,0,-0.07635277509689331,0.0
0.0,0.0,0.5270381569862366,,4.795799031853676e-05,22407,2.6671418979634653e-12,1.0231879579714054e-11,0.8099917769432068,0.125,0,19.142479249974713,0,-0.8888888955116272,0,-0.07528418302536011,0.0
0.0,0.0,0.526450514793396,,0.00118320801993832,22457,2.686153166217564e-12,1.0309132020269729e-11,0.8098947405815125,0.125,0,19.209899624984246,0,-0.8888888955116272,0,-0.07238555699586868,0.0
0.0,0.0,0.5264841914176941,,0.003610874991863966,22508,2.711311860789656e-12,1.041140351015768e-11,0.8097720742225647,0.125,0,19.281584208016284,0,0.8888888955116272,8,-0.07015380263328552,0.0
0.0,0.0,0.5266428589820862,,0.007353042019531131,22608,2.7564966368492927e-12,1.0595302413207719e-11,0.8095572590827942,0.125,0,19.350606874970254,0,-0.8888888955116272,0,-0.07010608911514282,0.0
0.0,0.0,0.5226186513900757,,0.014733499963767827,22657,2.7777316037591593e-12,1.0681820879210324e-11,0.8094589114189148,0.125,0,19.42316624999512,0,-0.8888888955116272,0,-0.07015419751405716,0.0
0.0,0.0,0.4767431318759918,,0.017309292044956237,22757,2.8276311413860666e-12,1.0885303075580666e-11,0.8092402219772339,0.125,0,19.495129582996015,0,-0.8888888955116272,0,-0.06637562811374664,0.0
0.0,0.0,0.49115192890167236,,0.023235208995174617,22808,2.852314304885306e-12,1.0986086172726228e-11,0.8091347813606262,0.125,0,19.568113083019853,0,-0.8888888955116272,0,-0.06882300972938538,0.0
0.0,0.0,0.4923333525657654,,0.0045078329858370125,22858,2.8715857816608015e-12,1.1064834812279933e-11,0.8090527653694153,0.125,0,19.615373332984746,0,-0.8888888955116272,0,-0.07225462794303894,0.0
0.0,0.0,0.4905809164047241,,0.0009561250335536897,22908,2.8958337464080053e-12,1.1163962115867676e-11,0.8089529871940613,0.125,0,19.677734832977876,0,-0.8888888955116272,0,-0.07226338237524033,0.0
0.0,0.0,0.4881465435028076,,0.007360582996625453,23008,2.9466719862758506e-12,1.1371988420383339e-11,0.8087500929832458,0.125,0,19.7509726670105,0,-0.8888888955116272,0,-0.07042144238948822,0.0
0.0,0.0,0.48920390009880066,,0.011460917012300342,23057,2.96734728802428e-12,1.1456685426736168e-11,0.8086684346199036,0.125,0,19.822797957982402,0,0.8888888955116272,8,-0.06822920590639114,0.0
0.0,0.0,0.4911518394947052,,0.01434629102004692,23157,3.0169903034171774e-12,1.166019364395865e-11,0.8084790110588074,0.125,0,19.891553416964598,0,-0.8888888955116272,0,-0.06898534297943115,0.0
0.0,0.0,0.4915817081928253,,0.018388832977507263,23208,3.0421849935013956e-12,1.1763599642999889e-11,0.8083817958831787,0.125,0,19.96092741697794,0,-0.8888888955116272,0,-0.06950043141841888,0.0
0.0,0.0,0.4920842945575714,,0.0011761669884435833,23258,3.0691066008059487e-12,1.1874140559697821e-11,0.8082824945449829,0.125,0,20.011321374971885,0,-0.8888888955116272,0,-0.07253073900938034,0.0
0.0,0.0,0.48918724060058594,,0.0036318330094218254,23307,3.094330130667955e-12,1.1977776409599628e-11,0.8081904649734497,0.125,0,20.081731292011682,0,0.8888888955116272,8,-0.06939980387687683,0.0
0.0,0.0,0.4862639904022217,,0.008707750006578863,23407,3.1417028267116676e-12,1.2172622285144818e-11,0.8080177903175354,0.125,0,20.15269704197999,0,0.8888888955116272,8,-0.06717061996459961,0.0
0.0,0.0,0.48405057191848755,,0.014719000027980655,23458,3.1648110781351546e-12,1.2267750183758697e-11,0.8079338669776917,0.125,0,20.224940166983288,0,0.8888888955116272,8,-0.06520137190818787,0.0
0.0,0.0,0.48673221468925476,,0.021115624986123294,23557,3.2189587367142947e-12,1.249081133664065e-11,0.8077479600906372,0.125,0,20.297388624981977,0,0.8888888955116272,8,-0.0664692223072052,0.0
0.0,0.0,0.6362529397010803,,0.0011944999569095671,23608,3.2414095279403865e-12,1.2583410875788292e-11,0.8076686859130859,0.125,0,20.34383208298823,0,0.8888888955116272,8,-0.05510266497731209,0.0
0.0,0.0,0.6338176727294922,,0.007290875015314668,23657,3.267436668452639e-12,1.269078418741909e-11,0.807583212852478,0.125,0,20.41654720797669,0,0.8888888955116272,8,-0.05574670061469078,0.0
0.0,0.0,0.6320016980171204,,0.013104582962114364,23758,3.320131712961083e-12,1.290835840994653e-11,0.8074150681495667,0.125,0,20.48954641696764,0,0.8888888955116272,8,-0.05568334087729454,0.0
0.0,0.0,0.6325914263725281,,0.013557332975324243,23808,3.3464598279964175e-12,1.3017168072615437e-11,0.8073323369026184,0.125,0,20.55767929198919,0,0.8888888955116272,8,-0.056577861309051514,0.0
0.0,0.0,0.6324065327644348,,0.013574207958299667,23858,3.3731706663986394e-12,1.3127603171181335e-11,0.8072525858879089,0.125,0,20.626009833009448,0,0.8888888955116272,8,-0.05592167004942894,0.0
0.0,0.0,0.632544755935669,,0.022575292037799954,23959,3.4263848269072694e-12,1.3347814173392258e-11,0.8070971369743347,0.125,0,20.69914370798506,0,0.8888888955116272,8,-0.055408723652362823,0.0
0.0,0.0,0.6335343718528748,,0.0020778750185854733,24007,3.4490975613782338e-12,1.3441893431664909e-11,0.8070299625396729,0.125,0,20.74667274998501,0,0.8888888955116272,8,-0.05569428578019142,0.0
0.0,0.0,0.6339953541755676,,0.008505749981850386,24057,3.476256175277692e-12,1.3554410198401978e-11,0.8069555163383484,0.125,0,20.81895591696957,0,0.8888888955116272,8,-0.05482543259859085,0.0
0.0,0.0,0.6336405873298645,,0.009382667019963264,24157,3.5310383089681707e-12,1.3781562696602023e-11,0.8068076968193054,0.125,0,20.88620125001762,0,0.8888888955116272,8,-0.0539640411734581,0.0
0.0,0.0,0.6328365206718445,,0.01326829195022583,24208,3.559958317717049e-12,1.3901582142372693e-11,0.8067306876182556,0.125,0,20.9580787079758,0,0.8888888955116272,8,-0.053304072469472885,0.0
0.0,0.0,0.6302065253257751,,0.014741791994310915,24258,3.5847312531561704e-12,1.4004440836157261e-11,0.8066660165786743,0.125,0,21.025917000020854,0,0.8888888955116272,8,-0.053333837538957596,0.0
0.0,0.0,0.6328456997871399,,0.02477175003150478,24358,3.641497259981863e-12,1.424027996216326e-11,0.8065220713615417,0.125,0,21.102221874985844,0,0.8888888955116272,8,-0.05226634070277214,0.0
0.0,0.0,0.6320672631263733,,0.005704916955437511,24407,3.669841774217586e-12,1.4358137075121125e-11,0.8064507842063904,0.125,0,21.149376082990784,0,0.8888888955116272,8,-0.05301337689161301,0.0
0.0,0.0,0.6316068172454834,,0.004989917040802538,24457,3.693676874777507e-12,1.4457297338454911e-11,0.8063899278640747,0.125,0,21.216790166974533,0,0.8888888955116272,8,-0.05281476676464081,0.0
0.0,0.0,0.6326712965965271,,0.00859329104423523,24557,3.751006016211589e-12,1.4695933706065922e-11,0.8062519431114197,0.125,0,21.28627483296441,0,0.8888888955116272,8,-0.05268164351582527,0.0
0.0,0.0,0.6317858695983887,,0.013151584018487483,24607,3.780168886247104e-12,1.4817416391088578e-11,0.8061813116073608,0.125,0,21.35659608297283,0,0.8888888955116272,8,-0.050524719059467316,0.0
0.0,0.0,0.631173312664032,,0.014211125031579286,24658,3.80903815433431e-12,1.4937724668317998e-11,0.8061128258705139,0.125,0,21.425711207964923,0,0.8888888955116272,8,-0.05098291486501694,0.0
0.0,0.0,0.6313236355781555,,0.02194025000790134,24758,3.864687649762777e-12,1.516977689297594e-11,0.8059837818145752,0.125,0,21.49917733296752,0,0.8888888955116272,8,-0.0515599325299263,0.0
0.0,0.0,0.6305846571922302,,0.0011987920152023435,24807,3.895117301616624e-12,1.529676385558787e-11,0.8059142231941223,0.125,0,21.54473733296618,0,0.8888888955116272,8,-0.05203317478299141,0.0
0.0,0.0,0.6316505074501038,,0.006123375031165779,24857,3.925031306917237e-12,1.542163792500606e-11,0.8058487772941589,0.125,0,21.620145124965347,0,0.8888888955116272,8,-0.052877750247716904,0.0
0.0,0.0,0.6305468678474426,,0.0011926660081371665,24908,3.949367742561716e-12,1.5523273638740065e-11,0.8057949542999268,0.125,0,21.682961167010944,0,0.8888888955116272,8,-0.05346866697072983,0.0
0.0,0.0,0.6299429535865784,,0.008556082961149514,25008,4.0099659703862756e-12,1.5776501632869255e-11,0.8056679368019104,0.125,0,21.757838832971174,0,0.8888888955116272,8,-0.05470810830593109,0.0
0.0,0.0,0.6295679807662964,,0.0067809169995598495,25059,4.035831564774828e-12,1.58846477638086e-11,0.805615246295929,0.125,0,21.828068166971207,0,0.8888888955116272,8,-0.05366000533103943,0.0
0.0,0.0,0.6308825612068176,,0.011281624960247427,25158,4.093176318720193e-12,1.6124580837217906e-11,0.8055019378662109,0.125,0,21.89871412498178,0,0.8888888955116272,8,-0.05321380868554115,0.0
0.0,0.0,0.6303925514221191,,0.015244542038999498,25208,4.123628955660097e-12,1.625206566546744e-11,0.8054436445236206,0.125,0,21.970331292017363,0,0.8888888955116272,8,-0.054117899388074875,0.0
0.0,0.0,0.6288341879844666,,0.01759687502635643,25307,4.17634373264808e-12,1.6472868208383673e-11,0.8053441047668457,0.125,0,22.039917874964885,0,0.8888888955116272,8,-0.054077163338661194,0.0
0.0,0.0,0.6284893155097961,,0.018532083020545542,25357,4.208412264505856e-12,1.6607248562450216e-11,0.8052859306335449,0.125,0,22.1086762920022,0,0.8888888955116272,8,-0.053119126707315445,0.0
0.0,0.0,0.6270158886909485,,0.02077037503477186,25408,4.24106843394112e-12,1.6744146000280402e-11,0.8052285313606262,0.125,0,22.17914295801893,0,0.8888888955116272,8,-0.05421092361211777,0.0
0.0,0.0,0.6257278323173523,,0.00025379203725606203,25458,4.26969440706082e-12,1.6864199273158853e-11,0.8051779866218567,0.125,0,22.225422207964584,0,0.8888888955116272,8,-0.052282556891441345,0.0
0.0,0.0,0.6265180706977844,,0.0002751249703578651,25557,4.329235320926772e-12,1.7114046291233365e-11,0.8050739169120789,0.125,0,22.292364833003376,0,0.8888888955116272,8,-0.05032215267419815,0.0
0.0,0.0,0.6272722482681274,,0.0036272090510465205,25607,4.3627761993347836e-12,1.7254839917990594e-11,0.805019736289978,0.125,0,22.362586041970644,0,0.8888888955116272,8,-0.048532791435718536,0.0
0.0,0.0,0.6264938116073608,,0.020945166004821658,25707,4.420914589270408e-12,1.749903694170385e-11,0.8049237132072449,0.125,0,22.44870320800692,0,0.8888888955116272,8,-0.047619812190532684,0.0
0.0,0.0,0.6291857957839966,,0.003779291990213096,25757,4.452777122715412e-12,1.763294892043188e-11,0.8048717379570007,0.125,0,22.498263957968447,0,0.8888888955116272,8,-0.04950287193059921,0.0
0.0,0.0,0.6290965676307678,,0.00811979197897017,25807,4.486316266399948e-12,1.7773924693154086e-11,0.8048197627067566,0.125,0,22.56803487497382,0,0.8888888955116272,8,-0.048084840178489685,0.0
0.0,0.0,0.6255813241004944,,0.01695474999723956,25908,4.549882606091904e-12,1.8041261193313396e-11,0.8047206401824951,0.125,0,22.643348667013925,0,0.8888888955116272,8,-0.04633467644453049,0.0
0.0,0.0,0.6246240735054016,,0.01971441594650969,25957,4.576556581620261e-12,1.8153501271656047e-11,0.8046762943267822,0.125,0,22.711440749990288,0,0.8888888955116272,8,-0.043985530734062195,0.0
0.0,0.0,0.6276557445526123,,0.0009895830298773944,26008,4.611987874936219e-12,1.8302595550245826e-11,0.8046249747276306,0.125,0,22.759223666973412,0,0.8888888955116272,8,-0.04383796453475952,0.0
0.0,0.0,0.6252709627151489,,0.007524584012571722,26057,4.6412470221246505e-12,1.842576438648713e-11,0.8045811653137207,0.125,0,22.83353383297799,0,0.8888888955116272,8,-0.04279775172472,0.0
0.0,0.0,0.6243483424186707,,0.012024042021948844,26157,4.7045184588256905e-12,1.8692197095715457e-11,0.8044881820678711,0.125,0,22.90591712499736,0,0.8888888955116272,8,-0.04353838041424751,0.0
0.0,0.0,0.6242824792861938,,0.01467616599984467,26208,4.742685411063263e-12,1.8852985145256795e-11,0.8044350743293762,0.125,0,22.976555124972947,0,0.8888888955116272,8,-0.044225022196769714,0.0
0.0,0.0,0.626336932182312,,0.02010695799253881,26310,4.8057204916907015e-12,1.9118619881686172e-11,0.8043463826179504,0.125,0,23.047311374975834,0,0.8888888955116272,8,-0.044033292680978775,0.0
0.0,0.0,0.6272087097167969,,0.005593208014033735,26357,4.840586698834359e-12,1.926558391984745e-11,0.8043012022972107,0.125,0,23.098608332977165,0,0.8888888955116272,8,-0.04449853673577309,0.0
0.0,0.0,0.6280316710472107,,0.008566792006604373,26407,4.873513918812744e-12,1.940440690073597e-11,0.8042573928833008,0.125,0,23.167181583005004,0,0.8888888955116272,8,-0.04743633419275284,0.0
0.0,0.0,0.6273155808448792,,0.012353624973911792,26457,4.906603335436133e-12,1.9543935914079213e-11,0.8042159080505371,0.125,0,23.23963395797182,0,0.8888888955116272,8,-0.04876133054494858,0.0
0.0,0.0,0.6285029053688049,,0.022812957991845906,26558,4.975003048413029e-12,1.9832442979539344e-11,0.8041336536407471,0.125,0,23.315082582994364,0,0.8888888955116272,8,-0.04841431602835655,0.0
0.0,0.0,0.6303625106811523,,0.006673292024061084,26608,5.008378694409954e-12,1.9973269566042617e-11,0.8040928244590759,0.125,0,23.365198332990985,0,0.8888888955116272,8,-0.04984903708100319,0.0
0.0,0.0,0.6315736770629883,,0.012200124969240278,26660,5.043427481199458e-12,2.0121173824327876e-11,0.8040513396263123,0.125,0,23.436374375014566,0,0.8888888955116272,8,-0.05166909843683243,0.0
0.0,0.0,0.630542516708374,,0.016029999998863786,26758,5.108905052481072e-12,2.0397510069880553e-11,0.8039770722389221,0.125,0,23.506294708000496,0,0.8888888955116272,8,-0.05163770914077759,0.0
0.0,0.0,0.6311302185058594,,0.021053625037893653,26807,5.1434924028259665e-12,2.054352694902395e-11,0.8039371967315674,0.125,0,23.579148957971483,0,0.8888888955116272,8,-0.05133996903896332,0.0
0.0,0.0,0.6317110061645508,,0.0016243749996647239,26857,5.17159102000897e-12,2.066216121809905e-11,0.8039037585258484,0.125,0,23.626244749990292,0,0.8888888955116272,8,-0.051283545792102814,0.0
0.0,0.0,0.6324015259742737,,0.0012417089892551303,26908,5.207510637983415e-12,2.0813822887433275e-11,0.8038628697395325,0.125,0,23.691458542016335,0,0.8888888955116272,8,-0.05219198018312454,0.0
0.0,0.0,0.631732702255249,,0.003111792029812932,27008,5.280716836031374e-12,2.1122966223363626e-11,0.803779661655426,0.125,0,23.761336750001647,0,0.8888888955116272,8,-0.051544297486543655,0.0
0.0,0.0,0.6320708990097046,,0.003752417047508061,27058,5.312483092323461e-12,2.1257141880060004e-11,0.8037441968917847,0.125,0,23.826432582980487,0,0.8888888955116272,8,-0.05104118585586548,0.0
0.0,0.0,0.6306554675102234,,0.009462665999308228,27158,5.383487926280406e-12,2.155707730377987e-11,0.8036688566207886,0.125,0,23.896838666987605,0,0.8888888955116272,8,-0.05053964629769325,0.0
0.0,0.0,0.6300030946731567,,0.018685667018871754,27207,5.421556866641586e-12,2.1717906986684632e-11,0.8036296367645264,0.125,0,23.97283341700677,0,0.8888888955116272,8,-0.050749897956848145,0.0
0.0,0.0,0.6292207837104797,,0.024006915977224708,27257,5.451772713827019e-12,2.1845577430346097e-11,0.8035970330238342,0.125,0,24.045237292011734,0,0.8888888955116272,8,-0.052148010581731796,0.0
0.0,0.0,0.6307893991470337,,0.008813666994683444,27357,5.525593437666343e-12,2.2157499793284963e-11,0.8035268783569336,0.125,0,24.0963052919833,0,0.8888888955116272,8,-0.050544373691082,0.0
0.0,0.0,0.6320712566375732,,0.013661750010214746,27407,5.563080811982202e-12,2.231591300638769e-11,0.8034901022911072,0.125,0,24.168387792014983,0,0.8888888955116272,8,-0.050169967114925385,0.0
0.0,0.0,0.6314868330955505,,0.023271042038686574,27458,5.594650610840635e-12,2.2449327119478113e-11,0.803458571434021,0.125,0,24.244694166991394,0,0.8888888955116272,8,-0.04966302588582039,0.0
0.0,0.0,0.6329095363616943,,0.006127959000878036,27508,5.632995805915364e-12,2.2611384986603866e-11,0.8034244775772095,0.125,0,24.29299670801265,0,0.8888888955116272,8,-0.047375693917274475,0.0
0.0,0.0,0.6337717771530151,,0.004732833011075854,27607,5.706318664117083e-12,2.2921279457799315e-11,0.8033587336540222,0.125,0,24.359435791964643,0,0.8888888955116272,8,-0.04887248948216438,0.0
0.0,0.0,0.633259654045105,,0.012324041977990419,27657,5.737230135416382e-12,2.3051935360562936e-11,0.8033302426338196,0.125,0,24.432322875014506,0,0.8888888955116272,8,-0.048095978796482086,0.0
0.0,0.0,0.6340631246566772,,0.01939641695935279,27757,5.8144118859904115e-12,2.3378158783837755e-11,0.8032669425010681,0.125,0,24.507140291971155,0,0.8888888955116272,8,-0.047453202307224274,0.0
0.0,0.0,0.6341524720191956,,0.0006000419962219894,27807,5.851940459988825e-12,2.3536788837374978e-11,0.8032351732254028,0.125,0,24.553979916963726,0,0.8888888955116272,8,-0.047120366245508194,0.0
0.0,0.0,0.6331354379653931,,0.006264082971028984,27857,5.88926563765968e-12,2.3694567141685496e-11,0.8032050132751465,0.125,0,24.62649962498108,0,0.8888888955116272,8,-0.05038672685623169,0.0
0.0,0.0,0.6335312128067017,,0.012296541011892259,27958,5.9597439830416654e-12,2.3992471204214993e-11,0.803145706653595,0.125,0,24.699206624994986,0,0.8888888955116272,8,-0.05001591891050339,0.0
0.0,0.0,0.6316431760787964,,0.019452499982435256,28007,5.999342082146919e-12,2.4159845998794616e-11,0.8031132817268372,0.125,0,24.772989958000835,0,0.8888888955116272,8,-0.05013206601142883,0.0
0.0,0.0,0.6327674984931946,,0.0017333750147372484,28058,6.038482214254515e-12,2.4325277903081144e-11,0.8030816316604614,0.125,0,24.822016082995106,0,0.8888888955116272,8,-0.05095770210027695,0.0
0.0,0.0,0.6309056282043457,,0.007673375017475337,28107,6.069200263886243e-12,2.4455109812193676e-11,0.8030542731285095,0.125,0,24.89513454202097,0,0.8888888955116272,8,-0.05007794499397278,0.0
0.0,0.0,0.6317892074584961,,0.008449832967016846,28210,6.147575937892613e-12,2.4786356994654923e-11,0.8029900789260864,0.125,0,24.961987624992616,0,0.8888888955116272,8,-0.05029153823852539,0.0
0.0,0.0,0.6335532665252686,,0.015987665974535048,28257,6.189164198505681e-12,2.496211223834699e-11,0.8029608130455017,0.125,0,25.03559691697592,0,0.8888888955116272,8,-0.050168219953775406,0.0
0.0,0.0,0.6308364868164062,,0.0180507919867523,28358,6.261724645739708e-12,2.5268738490513698e-11,0.8029072284698486,0.125,0,25.10514262499055,0,0.8888888955116272,8,-0.04953055828809738,0.0
0.0,0.0,0.630989670753479,,0.00265633303206414,28408,6.3016263214532575e-12,2.543734667348474e-11,0.8028785586357117,0.125,0,25.156316875014454,0,0.8888888955116272,8,-0.04988868534564972,0.0
0.0,0.0,0.631591796875,,0.010006874974351376,28458,6.335913564636808e-12,2.5582220369857467e-11,0.8028539419174194,0.125,0,25.230577667010948,0,0.8888888955116272,8,-0.04757949709892273,0.0
0.0,0.0,0.6321845054626465,,0.014146375004202127,28558,6.4152416018314895e-12,2.5917356802351854e-11,0.8028026819229126,0.125,0,25.303078416967764,0,0.8888888955116272,8,-0.047435928136110306,0.0
0.0,0.0,0.6315034627914429,,0.016765041975304484,28607,6.4556294337991815e-12,2.6087966856214173e-11,0.802776575088501,0.125,0,25.37336608301848,0,0.8888888955116272,8,-0.04522750526666641,0.0
0.0,0.0,0.6310932636260986,,8.216698188334703e-05,28657,6.488967349560504e-12,2.6228788238547018e-11,0.8027538061141968,0.125,0,25.424870499991812,0,0.8888888955116272,8,-0.04557348042726517,0.0
0.0,0.0,0.6315240263938904,,0.0006537499721162021,28707,6.52890068397749e-12,2.6397441524328435e-11,0.8027299046516418,0.125,0,25.493253124994226,0,0.8888888955116272,8,-0.04683683440089226,0.0
0.0,0.0,0.6316593289375305,,0.0063652090029791,28807,6.609029296056335e-12,2.6735820154999423e-11,0.8026813268661499,0.125,0,25.564690582978074,0,0.8888888955116272,8,-0.046774011105298996,0.0
0.0,0.0,0.6322153210639954,,0.01359637500718236,28857,6.648216265697782e-12,2.690128328430852e-11,0.8026572465896606,0.125,0,25.63809374999255,0,0.8888888955116272,8,-0.04836686700582504,0.0
0.0,0.0,0.6316958069801331,,0.011078165960498154,28957,6.728476716760801e-12,2.724014763755278e-11,0.8026074171066284,0.125,0,25.702305416984018,0,0.8888888955116272,8,-0.04728509113192558,0.0
0.0,0.0,0.6313256025314331,,0.01224916597129777,29008,6.769511166904163e-12,2.7413364980799493e-11,0.8025816679000854,0.125,0,25.769249207980465,0,0.8888888955116272,8,-0.04971424862742424,0.0
0.0,0.0,0.6315786242485046,,0.018087209027726203,29057,6.810818402314123e-12,2.7587716833199494e-11,0.8025586009025574,0.125,0,25.84121383301681,0,0.8888888955116272,8,-0.04828641563653946,0.0
0.0,0.0,0.6305356025695801,,0.001156834012363106,29107,6.8515917765743506e-12,2.7759796197845965e-11,0.8025360703468323,0.125,0,25.89135837496724,0,0.8888888955116272,8,-0.04792337492108345,0.0
0.0,0.0,0.6305861473083496,,0.00270716700470075,29207,6.933697973415809e-12,2.8106272517702813e-11,0.8024908900260925,0.125,0,25.960343791986816,0,0.8888888955116272,8,-0.04806717857718468,0.0
0.0,0.0,0.6326583623886108,,0.011043916048947722,29258,6.971534894512077e-12,2.826591044557958e-11,0.8024699091911316,0.125,0,26.03575441701105,0,0.8888888955116272,8,-0.048737261444330215,0.0
0.0,0.0,0.63283771276474,,0.010850624996237457,29357,7.054030970454761e-12,2.861392893460657e-11,0.8024283647537231,0.125,0,26.10286820802139,0,0.8888888955116272,8,-0.04839259758591652,0.0
0.0,0.0,0.6327576637268066,,0.017567749950103462,29407,7.095999569189937e-12,2.8790948791712623e-11,0.802405834197998,0.125,0,26.17732504196465,0,0.8888888955116272,8,-0.047837719321250916,0.0
0.0,0.0,0.6344152092933655,,0.0003154170117340982,29459,7.1396426097602994e-12,2.8975006421960714e-11,0.8023852109909058,0.125,0,26.22697841702029,0,0.8888888955116272,8,-0.04620237648487091,0.0
0.0,0.0,0.6348934769630432,,0.0020051669562235475,29508,7.173192161785691e-12,2.911647312142662e-11,0.8023665547370911,0.125,0,26.293591458001174,0,0.8888888955116272,8,-0.04521596059203148,0.0
0.0,0.0,0.6346617341041565,,0.002150125044863671,29608,7.262122327100773e-12,2.9491440539652913e-11,0.8023247718811035,0.125,0,26.361127917014528,0,0.8888888955116272,8,-0.04536645859479904,0.0
0.0,0.0,0.6348794102668762,,0.008532833016943187,29657,7.29939025889692e-12,2.9648523219849565e-11,0.8023032546043396,0.125,0,26.43292754201684,0,0.8888888955116272,8,-0.04399369657039642,0.0
0.0,0.0,0.635421633720398,,0.010057166975457221,29758,7.387960035409868e-12,3.002181489519806e-11,0.8022584915161133,0.125,0,26.50179779197788,0,0.8888888955116272,8,-0.04454982653260231,0.0
0.0,0.0,0.635047972202301,,0.012430874980054796,29807,7.432089665915242e-12,3.0207759904588016e-11,0.8022388815879822,0.125,0,26.57334516698029,0,0.8888888955116272,8,-0.04473567008972168,0.0
0.0,0.0,0.6346697807312012,,0.02004245901480317,29857,7.469897964074157e-12,3.036704915304611e-11,0.8022230267524719,0.125,0,26.647504416992888,0,0.8888888955116272,8,-0.04473308473825455,0.0
0.0,0.0,0.634562611579895,,0.003793833020608872,29908,7.512318891955694e-12,3.054572567107172e-11,0.8022066354751587,0.125,0,26.697946875006892,0,0.8888888955116272,8,-0.044795870780944824,0.0
0.0,0.0,0.6332982182502747,,0.0014067920274101198,30007,7.591200237855311e-12,3.08779599111908e-11,0.8021777868270874,0.125,0,26.773670749971643,0,0.8888888955116272,8,-0.04622449725866318,0.0
0.0,0.0,0.6337464451789856,,0.0011929169995710254,30057,7.633519684413503e-12,3.105615417609009e-11,0.8021624088287354,0.125,0,26.840188000001945,0,0.8888888955116272,8,-0.04527239501476288,0.0
0.0,0.0,0.6338085532188416,,0.008292082988191396,30157,7.718005921864002e-12,3.141178289700619e-11,0.8021200299263,0.125,0,26.914795249991585,0,0.8888888955116272,8,-0.04420628026127815,0.0
0.0,0.0,0.6329689025878906,,0.012332209036685526,30207,7.756106520928618e-12,3.157213032678463e-11,0.8021060228347778,0.125,0,26.986108292010613,0,0.8888888955116272,8,-0.04432230815291405,0.0
0.0,0.0,0.633115828037262,,0.019938957993872464,30307,7.844117716482302e-12,3.1942417461072736e-11,0.8020839095115662,0.125,0,27.061425999971107,0,0.8888888955116272,8,-0.04355602711439133,0.0
0.0,0.0,0.632387638092041,,0.02455591701436788,30358,7.888970726677158e-12,3.2131051291850454e-11,0.8020722270011902,0.125,0,27.133153292001225,0,0.8888888955116272,8,-0.043824173510074615,0.0
0.0,0.0,0.6325321793556213,,0.00622708402806893,30408,7.932813260447258e-12,3.231540382508946e-11,0.802058756351471,0.125,0,27.182712042005733,0,0.8888888955116272,8,-0.0441242977976799,0.0
0.0,0.0,0.6324596405029297,,0.005453500023577362,30507,8.022035292987173e-12,3.2690503082299927e-11,0.8020218014717102,0.125,0,27.24826562497765,0,0.8888888955116272,8,-0.04380945861339569,0.0
0.0,0.0,0.6321364045143127,,0.009802957996726036,30557,8.068385369541797e-12,3.288526048694784e-11,0.8020101189613342,0.125,0,27.31783087499207,0,0.8888888955116272,8,-0.044235192239284515,0.0
0.0,0.0,0.6316453218460083,,0.013156834000255913,30608,8.10784599181158e-12,3.305099943728962e-11,0.8020021915435791,0.125,0,27.38878024998121,0,0.8888888955116272,8,-0.044926680624485016,0.0
0.0,0.0,0.6316453218460083,,0.018480208003893495,30707,8.203928855698983e-12,3.345452734282439e-11,0.8019874691963196,0.125,0,27.46312270796625,0,0.8888888955116272,8,-0.044926680624485016,0.0
0.0,0.0,0.6326692700386047,,0.02152795804431662,30757,8.249525194903295e-12,3.364590897558806e-11,0.801969587802887,0.125,0,27.53207758301869,0,0.8888888955116272,8,-0.04401671886444092,0.0
0.0,0.0,0.6328067779541016,,0.006572915997821838,30807,8.288703924608232e-12,3.381028790272467e-11,0.8019528985023499,0.125,0,27.58325170801254,0,0.8888888955116272,8,-0.04336099326610565,0.0
0.0,0.0,0.6337718963623047,,0.011247417016420513,30908,8.383203853323806e-12,3.420667915587927e-11,0.8019319176673889,0.125,0,27.65414337499533,0,0.8888888955116272,8,-0.04506581276655197,0.0
0.0,0.0,0.6344514489173889,,0.005720250017475337,30957,8.430241747736655e-12,3.4403882520628315e-11,0.801927387714386,0.125,0,27.715405832976103,0,0.8888888955116272,8,-0.04530221223831177,0.0
0.0,0.0,0.634849488735199,,0.01080320798791945,31007,8.472347823307302e-12,3.458034206205163e-11,0.8019217848777771,0.125,0,27.787426042021252,0,0.8888888955116272,8,-0.045418206602334976,0.0
0.0,0.0,0.6350617408752441,,0.013664832978975028,31108,8.567308321105749e-12,3.497809680785835e-11,0.8018924593925476,0.125,0,27.856147249985952,0,0.8888888955116272,8,-0.045052845031023026,0.0
0.0,0.0,0.6366974711418152,,0.02055462496355176,31158,8.614809386686684e-12,3.517694469046262e-11,0.8018755316734314,0.125,0,27.931119374989066,0,0.8888888955116272,8,-0.04515274614095688,0.0
0.0,0.0,0.6366974711418152,,0.022182749991770834,31207,8.660732721266218e-12,3.536913123491914e-11,0.8018660545349121,0.125,0,28.000485124997795,0,0.8888888955116272,8,-0.04515274614095688,0.0
0.0,0.0,0.6370632648468018,,0.0024162090267054737,31259,8.712558452472763e-12,3.5585964730522335e-11,0.8018609881401062,0.125,0,28.047291875001974,0,0.8888888955116272,8,-0.04345367103815079,0.0
0.0,0.0,0.6367347240447998,,0.01408554200315848,31357,8.801308640227212e-12,3.5956987387564254e-11,0.8018465638160706,0.125,0,28.13422399997944,0,0.8888888955116272,8,-0.04346626624464989,0.0
0.0,0.0,0.6367347240447998,,0.00021162501070648432,31408,8.840182925962115e-12,3.61193852604913e-11,0.8018331527709961,0.125,0,28.185353707987815,0,0.8888888955116272,8,-0.04346626624464989,0.0
0.0,0.0,0.6371961236000061,,0.006133208051323891,31508,8.92822794862358e-12,3.6486990512285544e-11,0.8018057942390442,0.125,0,28.257369457976893,0,0.8888888955116272,8,-0.04308752343058586,0.0
0.0,0.0,0.6375921964645386,,0.008591290970798582,31558,8.980176845196919e-12,3.6703778905078366e-11,0.8017988801002502,0.125,0,28.327741499990225,0,0.8888888955116272,8,-0.04341157153248787,0.0
0.0,0.0,0.6372665166854858,,0.014275207999162376,31657,9.081392755849738e-12,3.712585447401828e-11,0.8017839789390564,0.125,0,28.401133999985177,0,0.8888888955116272,8,-0.04309340938925743,0.0
0.0,0.0,0.6373773217201233,,0.00046749995090067387,31708,9.121390275035335e-12,3.729249895001452e-11,0.8017703294754028,0.125,0,28.452386207995005,0,0.8888888955116272,8,-0.043034814298152924,0.0
0.0,0.0,0.6374014019966125,,0.0036451659980230033,31759,9.175119865256764e-12,3.751630256454419e-11,0.8017517328262329,0.125,0,28.522048874991015,0,0.8888888955116272,8,-0.043006546795368195,0.0
0.0,0.0,0.6369957327842712,,0.007068208011332899,31808,9.227313357840217e-12,3.773358014935724e-11,0.8017363548278809,0.125,0,28.592379582987633,0,0.8888888955116272,8,-0.04418673366308212,0.0
0.0,0.0,0.6379051208496094,,0.012901624955702573,31908,9.31905854567594e-12,3.811520890573128e-11,0.8017251491546631,0.125,0,28.666520582977682,0,0.8888888955116272,8,-0.04222128540277481,0.0
0.0,0.0,0.6373090147972107,,0.017076042015105486,31957,9.369643082235424e-12,3.832546432991357e-11,0.8017176389694214,0.125,0,28.736221875005867,0,0.8888888955116272,8,-0.04226978123188019,0.0
0.0,0.0,0.6373809576034546,,0.0008849170408211648,32008,9.416030455344782e-12,3.851816088307203e-11,0.8017042875289917,0.125,0,28.785985708003864,0,0.8888888955116272,8,-0.04217391088604927,0.0
0.0,0.0,0.6357033252716064,,0.0037804580060765147,32108,9.51368064189273e-12,3.8923524126044384e-11,0.8016704320907593,0.125,0,28.85590195801342,0,0.8888888955116272,8,-0.04162850230932236,0.0
0.0,0.0,0.6357928514480591,,0.0019387920037843287,32157,9.56808677426979e-12,3.9149170016905543e-11,0.8016576766967773,0.125,0,28.922463249997236,0,0.8888888955116272,8,-0.04129645973443985,0.0
0.0,0.0,0.6367838382720947,,0.008866249991115183,32208,9.614325828521952e-12,3.9340867369341836e-11,0.8016515970230103,0.125,0,28.994464125018567,0,0.8888888955116272,8,-0.042027056217193604,0.0
0.0,0.0,0.6367477178573608,,0.0144610830466263,32308,9.718643424749818e-12,3.977291759826862e-11,0.8016321063041687,0.125,0,29.0659525829833,0,0.8888888955116272,8,-0.04214856028556824,0.0
0.0,0.0,0.6361604928970337,,0.015514250029809773,32358,9.770911510442737e-12,3.9989199451806456e-11,0.8016142249107361,0.125,0,29.13627349998569,0,0.8888888955116272,8,-0.04253081977367401,0.0
0.0,0.0,0.6359052062034607,,0.0016592909814789891,32408,9.824924727952489e-12,4.0212569385467134e-11,0.8015941977500916,0.125,0,29.187831707997248,0,0.8888888955116272,8,-0.04279079660773277,0.0
0.0,0.0,0.6356034874916077,,0.006892415985930711,32508,9.922570577691747e-12,4.061594463533602e-11,0.8015738129615784,0.125,0,29.259611000015866,0,0.8888888955116272,8,-0.04214324802160263,0.0
0.0,0.0,0.6357123851776123,,0.014886584016494453,32557,9.974959226666247e-12,4.083216403882872e-11,0.8015680313110352,0.125,0,29.332990625000093,0,0.8888888955116272,8,-0.04222498834133148,0.0
0.0,0.0,0.6360689997673035,,0.01865887496387586,32658,1.0082133045097308e-11,4.127411259990943e-11,0.8015412092208862,0.125,0,29.40332479198696,0,0.8888888955116272,8,-0.04210555925965309,0.0
0.0,0.0,0.6359026432037354,,0.0011157079716213048,32707,1.0125288628370921e-11,4.1451855836704965e-11,0.8015249967575073,0.125,0,29.452164624992292,0,0.8888888955116272,8,-0.0438251830637455,0.0
0.0,0.0,0.6356927752494812,,0.002436625014524907,32758,1.0179767619133973e-11,4.167611047933839e-11,0.8015074729919434,0.125,0,29.523073374992236,0,0.8888888955116272,8,-0.044266752898693085,0.0
0.0,0.0,0.6364266872406006,,0.006174166977871209,32807,1.022961316349269e-11,4.188118948866837e-11,0.8014981746673584,0.125,0,29.59239833301399,0,0.8888888955116272,8,-0.04397965967655182,0.0
0.0,0.0,0.6368634104728699,,0.015435625042300671,32907,1.0326238128466336e-11,4.227819830338042e-11,0.8014858365058899,0.125,0,29.667947124980856,0,0.8888888955116272,8,-0.044046904891729355,0.0
0.0,0.0,0.6363154053688049,,0.00609916599933058,32958,1.039118530804517e-11,4.254484611831977e-11,0.8014713525772095,0.125,0,29.724645624984987,0,0.8888888955116272,8,-0.043481580913066864,0.0
0.0,0.0,0.6362333297729492,,0.010739916993770748,33008,1.0443639876511757e-11,4.276000387104517e-11,0.8014535307884216,0.125,0,29.795471457997337,0,0.8888888955116272,8,-0.04342273250222206,0.0
0.0,0.0,0.6340702772140503,,0.016705832968000323,33108,1.0538039191265725e-11,4.314674312277944e-11,0.80142742395401,0.125,0,29.869613707996905,0,0.8888888955116272,8,-0.043464384973049164,0.0
0.0,0.0,0.6338801980018616,,0.0009435419924557209,33157,1.059789755952778e-11,4.339173464984469e-11,0.8014196753501892,0.125,0,29.921206666971557,0,0.8888888955116272,8,-0.04372192919254303,0.0
0.0,0.0,0.6331368684768677,,0.0062310840003192425,33207,1.065291171248317e-11,4.361671440689108e-11,0.8014144897460938,0.125,0,29.992096707981545,0,0.8888888955116272,8,-0.04285154864192009,0.0
,,,after-land,,40226,1.7223118764508882e-11,6.918249306764324e-11,0.019890835508704185,,,37.029730750015005,,,,,
