cmd_vx,cmd_yaw,conf,event,frame_age,fw_ts,px,py,pz,size,size_bucket,t,tracking,wall,x,x_bin,x_soft,yaw
0.0,0.0,0.9937111139297485,,0.027360666019376367,16643,6.682307701968981e-13,2.638672049956603e-12,0.8446560502052307,0.375,1,13.43372883304255,0,1789088510.9398441,0.444444477558136,6,0.43212634325027466,0.0
0.0,0.0,0.994078516960144,,0.015100292046554387,16693,6.718310261409621e-13,2.6569033431678157e-12,0.8427876234054565,0.375,1,13.485053083044477,0,1789088510.99117,0.444444477558136,6,0.43203771114349365,0.0
0.2,-26.66666865348816,0.9947591423988342,,0.019036750018130988,16792,6.791116063595282e-13,2.6939767690942196e-12,0.8394149541854858,0.375,1,13.55420520802727,1,1789088511.060323,0.444444477558136,6,0.43271559476852417,0.0
0.2,-26.66666865348816,0.9965552091598511,,0.0030583339976146817,16842,9.987517159970594e-07,3.101587875420364e-09,0.8381555080413818,0.375,1,13.604596332996152,1,1789088511.110715,0.444444477558136,6,0.4298132061958313,0.0
0.2,-26.66666865348816,0.9937061667442322,,0.012234458001330495,16894,3.48687099176459e-05,1.813043581933016e-07,0.8367653489112854,0.375,1,13.679939916997682,1,1789088511.1860611,0.444444477558136,6,0.42816686630249023,-0.006990836001932621
0.2,-26.66666865348816,0.9854416847229004,,0.01911608298541978,16993,0.0015960106393322349,-1.6181249975488754e-06,0.8343195915222168,0.375,1,13.753022874996532,1,1789088511.259145,0.444444477558136,6,0.42448440194129944,-0.2583734393119812
0.2,-26.66666865348816,0.9947011470794678,,0.00043245800770819187,17042,0.0041090939193964005,-1.4396898222912569e-05,0.8331491351127625,0.375,1,13.800987958034966,1,1789088511.307111,0.444444477558136,6,0.41884052753448486,-0.6708196997642517
0.0,-26.66666865348816,0.9760252237319946,,0.0007223749998956919,17092,0.006534187123179436,-2.9867807825212367e-05,0.8322850465774536,0.625,2,13.868031083024107,1,1789088511.374156,0.444444477558136,6,0.38185760378837585,-1.1821956634521484
0.2,-26.66666865348816,0.9988136291503906,,0.006105625012423843,17144,0.011244011111557484,-5.0742975872708485e-05,0.831187903881073,0.375,1,13.940552667016163,1,1789088511.446679,0.444444477558136,6,0.3564993441104889,-2.2568366527557373
0.2,-13.333333432674408,0.9808313250541687,,0.007361042022239417,17243,0.018183674663305283,-0.00010270897473674268,0.8297783136367798,0.375,1,14.008176167029887,1,1789088511.514304,0.2222222238779068,5,0.24542739987373352,-4.418710708618164
0.2,-13.333333432674408,0.9974199533462524,,0.008568542019929737,17293,0.022066816687583923,-0.00014235837443266064,0.8291338682174683,0.375,1,14.077174417034257,1,1789088511.583304,0.2222222238779068,5,0.2490067481994629,-5.7844672203063965
0.2,-13.333333432674408,0.9705883860588074,,0.01108695799484849,17393,0.028398390859365463,-0.00034934698487631977,0.8280752897262573,0.375,1,14.147640917042736,1,1789088511.653771,0.2222222238779068,5,0.1806482970714569,-8.063572883605957
0.2,-13.333333432674408,0.9963032007217407,,0.01586799998767674,17443,0.03250610828399658,-0.0006598893087357283,0.8275567889213562,0.375,1,14.219055749999825,1,1789088511.725188,0.2222222238779068,5,0.21047832071781158,-8.878721237182617
0.2,-13.333333432674408,0.992595374584198,,0.01727645902428776,17493,0.03669632971286774,-0.0009962690528482199,0.8271277546882629,0.375,1,14.28715300001204,1,1789088511.7932868,0.2222222238779068,5,0.21549703180789948,-9.440956115722656
0.2,-13.333333432674408,0.9914445281028748,,0.024158791988156736,17592,0.04666217043995857,-0.0018860361305996776,0.8263736963272095,0.375,1,14.359338208043482,1,1789088511.865473,0.2222222238779068,5,0.19989269971847534,-10.263503074645996
0.2,-13.333333432674408,0.9978600144386292,,0.006061624968424439,17643,0.052372872829437256,-0.0025057606399059296,0.8260651230812073,0.375,1,14.407335166994017,1,1789088511.913471,0.2222222238779068,5,0.2084147334098816,-10.623005867004395
0.2,-13.333333432674408,0.9969935417175293,,0.011870625021401793,17693,0.05902174487709999,-0.0033273729495704174,0.8258154988288879,0.375,1,14.481201125017833,1,1789088511.987339,0.2222222238779068,5,0.20426206290721893,-11.089393615722656
0.2,-13.333333432674408,0.9849366545677185,,0.019533417013008147,17792,0.07118602842092514,-0.004916022531688213,0.8255149722099304,0.375,1,14.557091958005913,1,1789088512.063231,0.2222222238779068,5,0.18649570643901825,-12.096231460571289
0.2,-13.333333432674408,0.9909597635269165,,0.0032861660001799464,17843,0.07740860432386398,-0.0057726469822227955,0.8254031538963318,0.375,1,14.608658375043888,1,1789088512.114799,0.2222222238779068,5,0.16421933472156525,-12.676630973815918
0.2,-13.333333432674408,0.9888516068458557,,0.009840333019383252,17892,0.08266222476959229,-0.006529890466481447,0.8253235816955566,0.375,1,14.680826292023994,1,1789088512.186969,0.2222222238779068,5,0.12667500972747803,-13.215797424316406
0.2,0.0,0.982070803642273,,0.013765291951131076,17992,0.09810291230678558,-0.009060665965080261,0.8251829147338867,0.375,1,14.751010375039186,1,1789088512.257154,0.0,4,0.07500031590461731,-14.846818923950195
0.2,0.0,0.9957078695297241,,0.022404707968235016,18042,0.1042114645242691,-0.010082529857754707,0.8251210451126099,0.375,1,14.826024042034987,1,1789088512.332169,0.0,4,0.05379351228475571,-15.34022045135498
0.2,0.0,0.9923485517501831,,0.005357832997106016,18093,0.11213436722755432,-0.011548193171620369,0.8250502943992615,0.375,1,14.87528541701613,1,1789088512.381432,0.0,4,0.012222952209413052,-15.936921119689941
0.2,0.0,0.9807688593864441,,0.009866917040199041,18193,0.12804988026618958,-0.014732493087649345,0.8249045014381409,0.375,1,14.946539750031661,1,1789088512.452687,0.0,4,0.009683443233370781,-16.798824310302734
0.2,0.0,0.9824700355529785,,0.012312000035308301,18242,0.13601930439472198,-0.016431843861937523,0.8248323798179626,0.375,1,15.016190833004657,1,1789088512.52234,0.0,4,0.008044752292335033,-17.052780151367188
0.0,0.0,0.9935811758041382,,0.01366575004067272,18292,0.14256595075130463,-0.01786906085908413,0.8247696757316589,0.625,2,15.084147417044733,1,1789088512.590299,0.0,4,0.009175185114145279,-17.224401473999023
0.2,0.0,0.996852695941925,,0.014771291986107826,18393,0.1602696180343628,-0.022133169695734978,0.8245656490325928,0.375,1,15.152534332999494,1,1789088512.658686,0.0,4,0.01187168899923563,-17.54949378967285
0.2,0.0,0.9665887355804443,,0.02147629199316725,18443,0.16847831010818481,-0.02415511943399906,0.8244496583938599,0.375,1,15.226257083006203,1,1789088512.732411,0.0,4,0.0020312464330345392,-17.58386993408203
0.2,0.0,0.9640069007873535,,0.0024328749859705567,18493,0.1750226467847824,-0.02577897161245346,0.8243283033370972,0.375,1,15.273726082989015,1,1789088512.779881,0.0,4,0.011541791260242462,-17.63340950012207
0.2,0.0,0.974030613899231,,0.0010407499503344297,18593,0.18785899877548218,-0.029064778238534927,0.8239861130714417,0.375,1,15.347527375037316,1,1789088512.853684,0.0,4,0.02092435210943222,-17.68355369567871
0.2,0.0,0.9927813410758972,,0.009844582993537188,18642,0.194800466299057,-0.030829977244138718,0.8237624764442444,0.375,1,15.422405042045284,1,1789088512.9285629,0.0,4,0.009727916680276394,-17.584245681762695
0.2,0.0,0.9897075891494751,,0.0011888750013895333,18693,0.2032175064086914,-0.033052653074264526,0.8234726190567017,0.375,1,15.481361875019502,1,1789088512.987521,0.0,4,0.02454555034637451,-17.659008026123047
0.2,0.0,0.9859762191772461,,0.00615508301416412,18792,0.21858176589012146,-0.03719402477145195,0.8229501843452454,0.375,1,15.552446000045165,1,1789088513.058607,0.0,4,0.021737776696681976,-17.824121475219727
0.2,0.0,0.9936873316764832,,0.00789487495785579,18842,0.2276376187801361,-0.03974321112036705,0.8226452469825745,0.375,1,15.620317000022624,1,1789088513.1264791,0.0,4,0.017354663461446762,-17.91974449157715
0.0,0.0,0.9903542995452881,,0.014281374984420836,18942,0.243296816945076,-0.04420335218310356,0.8221549987792969,0.625,2,15.692491082998458,1,1789088513.198655,0.0,4,0.012574799358844757,-18.038921356201172
0.0,0.0,0.9915640354156494,,0.016857457987498492,18993,0.2520079016685486,-0.04675174877047539,0.8218961358070374,0.625,2,15.76275891700061,1,1789088513.268925,0.0,4,0.006677328143268824,-18.06705665588379
0.2,0.0,0.9838330149650574,,0.019689125008881092,19042,0.2603786885738373,-0.04921508580446243,0.8216467499732971,0.375,1,15.833790125034284,1,1789088513.339957,0.0,4,0.005926484242081642,-18.070613861083984
0.2,0.0,0.89817214012146,,0.0024589580134488642,19092,0.26715561747550964,-0.05122755095362663,0.8214277029037476,0.375,1,15.882122625014745,1,1789088513.3882902,0.0,4,-0.006255876738578081,-18.04024887084961
0.2,0.0,0.963155210018158,,0.006148707994725555,19193,0.2794058322906494,-0.054948840290308,0.820877730846405,0.375,1,15.953294875042047,1,1789088513.4594638,0.0,4,0.014931967481970787,-17.971506118774414
0.2,0.0,0.9803183674812317,,0.013485208968631923,19242,0.28512319922447205,-0.056677479296922684,0.8205715417861938,0.375,1,16.026330291992053,1,1789088513.532502,0.0,4,0.03212498128414154,-17.937889099121094
0.0,0.0,0.9930254220962524,,0.012606584001332521,19292,0.29071173071861267,-0.05832309648394585,0.8202872276306152,0.625,2,16.092654792009853,1,1789088513.5988271,0.0,4,0.0017213030951097608,-17.922327041625977
0.2,0.0,0.9900060296058655,,0.01831087499158457,19392,0.30511781573295593,-0.06268981099128723,0.8196308612823486,0.375,1,16.164322125026956,1,1789088513.670497,0.0,4,0.004662689752876759,-17.913848876953125
0.2,0.0,0.9661959409713745,,0.001822416961658746,19442,0.31216660141944885,-0.06483035534620285,0.8193306922912598,0.375,1,16.21430337498896,1,1789088513.720478,0.0,4,0.012210851535201073,-17.93101692199707
0.2,0.0,0.9655542373657227,,0.008590792014729232,19492,0.3186816871166229,-0.06682298332452774,0.8190469741821289,0.375,1,16.286949208006263,1,1789088513.7931259,0.0,4,0.012347739189863205,-17.953012466430664
0.2,0.0,0.968871533870697,,0.0110968750086613,19593,0.33223387598991394,-0.07105399668216705,0.8184264302253723,0.375,1,16.355995458026882,1,1789088513.8621728,0.0,4,0.026872294023633003,-17.993846893310547
0.2,0.0,0.9782907962799072,,0.018655417021363974,19643,0.33923545479774475,-0.07322811335325241,0.8181315064430237,0.375,1,16.430832332989667,1,1789088513.937012,0.0,4,0.0008412569295614958,-18.002534866333008
0.0,0.0,0.9924213290214539,,0.020640333008486778,19742,0.35356032848358154,-0.0777076929807663,0.8176085352897644,0.625,2,16.50119108299259,1,1789088514.0073721,0.0,4,0.004140037111938,-17.992935180664062
0.0,0.0,0.970562219619751,,0.006160708027891815,19792,0.3588539958000183,-0.0793432742357254,0.8174335956573486,0.625,2,16.552061250025872,1,1789088514.058244,0.0,4,0.0018957664724439383,-17.98001480102539
0.2,0.0,0.966016948223114,,0.014183959050569683,19842,0.36615195870399475,-0.08162691444158554,0.8172221779823303,0.375,1,16.62598304200219,1,1789088514.1321669,0.0,4,0.01294009480625391,-17.959991455078125
0.2,0.0,0.9938686490058899,,0.016140624997206032,19943,0.38000237941741943,-0.08604642003774643,0.8168030381202698,0.375,1,16.69492745801108,1,1789088514.201113,0.0,4,0.0027697915211319923,-17.92513656616211
0.0,0.0,0.9944774508476257,,0.020234083000104874,19993,0.38436105847358704,-0.08745461702346802,0.8166277408599854,0.625,2,16.768098000029568,1,1789088514.274285,0.0,4,0.011519910767674446,-17.917316436767578
0.0,0.0,0.9314560294151306,,0.0018609580001793802,20043,0.3901934027671814,-0.08931555598974228,0.8163901567459106,0.625,2,16.815365999995265,1,1789088514.321554,0.0,4,0.014212028123438358,-17.913715362548828
0.0,0.0,0.941511332988739,,0.011184667004272342,20092,0.3954389989376068,-0.09091905504465103,0.8161734342575073,0.625,2,16.890247417031787,1,1789088514.396437,0.0,4,-0.00026305147912353277,-17.913984298706055
0.2,0.0,0.9817203283309937,,0.01023875002283603,20193,0.4074697494506836,-0.09469912201166153,0.8156720995903015,0.375,1,16.957892542006448,1,1789088514.464084,0.0,4,0.005274565890431404,-17.923065185546875
0.2,0.0,0.978091299533844,,0.01484254200477153,20242,0.41204431653022766,-0.09616950154304504,0.8154367208480835,0.375,1,17.02800054202089,1,1789088514.5341928,0.0,4,0.011398282833397388,-17.917844772338867
0.0,0.0,0.9799193143844604,,0.01956675003748387,20342,0.42141321301460266,-0.09918501228094101,0.8150135278701782,0.625,2,17.09841887501534,1,1789088514.604613,0.0,4,0.00998240988701582,-17.925872802734375
0.0,0.0,0.9326257705688477,,0.0011782919755205512,20392,0.42569777369499207,-0.10052650421857834,0.8148879408836365,0.625,2,17.148185750003904,1,1789088514.654381,0.0,4,-0.00597565108910203,-17.92595672607422
0.2,0.0,0.9817365407943726,,0.008605458016972989,20444,0.4315815269947052,-0.10238230228424072,0.8147628903388977,0.375,1,17.22106279199943,1,1789088514.727259,0.0,4,0.009265408851206303,-17.925363540649414
0.2,0.0,0.9133668541908264,,0.010158042015973479,20493,0.4374324083328247,-0.1042315885424614,0.8146583437919617,0.375,1,17.289303792000283,1,1789088514.7955022,0.0,4,0.009703272953629494,-17.921588897705078
0.0,0.0,0.9209057688713074,,0.015399082971271127,20593,0.44560524821281433,-0.10688375681638718,0.8144484758377075,0.625,2,17.363116708002053,1,1789088514.869316,0.0,4,0.0018683108501136303,-17.909954071044922
0.0,0.0,0.9723942875862122,,0.019971915986388922,20642,0.45096585154533386,-0.10859840363264084,0.8142877221107483,0.625,2,17.433183374989312,1,1789088514.9393852,0.0,4,0.003923896700143814,-17.899093627929688
0.2,0.0,0.9232862591743469,,0.017308457987383008,20743,0.46083635091781616,-0.11167989671230316,0.8139744997024536,0.375,1,17.497930375044234,1,1789088515.0041332,0.0,4,0.003281290177255869,-17.887699127197266
0.2,0.0,0.9297678470611572,,0.0017255000420846045,20793,0.4655657708644867,-0.11321673542261124,0.8138177394866943,0.375,1,17.548476374999154,1,1789088515.05468,0.0,4,0.007479357533156872,-17.884523391723633
0.0,0.0,0.9081291556358337,,0.002960000012535602,20843,0.4697171449661255,-0.11459492892026901,0.8136674761772156,0.625,2,17.6155086249928,1,1789088515.1217139,0.0,4,0.0035624047741293907,-17.882568359375
0.0,0.0,0.9557684659957886,,0.011228542018216103,20893,0.47366592288017273,-0.11588150262832642,0.8135346174240112,0.625,2,17.69025095802499,1,1789088515.196458,0.0,4,-0.002005515154451132,-17.8820743560791
0.2,0.0,0.8834906220436096,,0.01731133396970108,20992,0.4823471009731293,-0.11860152333974838,0.813259482383728,0.375,1,17.762799541989807,1,1789088515.269008,0.0,4,0.00014984229346737266,-17.88132667541504
0.2,0.0,0.9357085824012756,,0.024978375004138798,21043,0.48747363686561584,-0.12026394158601761,0.8130725622177124,0.375,1,17.83916908298852,1,1789088515.345379,0.0,4,-0.005824542138725519,-17.88101577758789
0.0,0.0,0.9775770306587219,,0.009836999990511686,21093,0.49086010456085205,-0.12137938290834427,0.8129294514656067,0.625,2,17.88994675001595,1,1789088515.396158,0.0,4,-0.0037675548810511827,-17.88081932067871
0.0,0.0,0.9556063413619995,,0.018093874969054013,21192,0.4988741874694824,-0.1239088699221611,0.8126245737075806,0.625,2,17.96463100000983,1,1789088515.4708438,0.0,4,0.006113553419709206,-17.87615394592285
0.2,0.0,0.9061405658721924,,0.01604441599920392,21242,0.5037997364997864,-0.12544122338294983,0.8124716281890869,0.375,1,18.029931875003967,1,1789088515.536146,0.0,4,-0.008160877972841263,-17.87239646911621
0.0,0.0,0.9597280025482178,,0.01980599999660626,21342,0.5119873285293579,-0.12809112668037415,0.8121887445449829,0.625,2,18.099582249997184,1,1789088515.605798,0.0,4,-0.009047399275004864,-17.86092185974121
0.0,0.0,0.9488746523857117,,0.0009837919496931136,21392,0.514573872089386,-0.12893518805503845,0.812104344367981,0.625,2,18.147280625009444,1,1789088515.653497,0.0,4,-0.007569697219878435,-17.857765197753906
0.0,0.0,0.9925001263618469,,0.008586457988712937,21443,0.5182930827140808,-0.13011430203914642,0.8119844198226929,0.625,2,18.22261645802064,1,1789088515.728835,0.0,4,-0.007572551257908344,-17.854421615600586
0.0,0.0,0.9512838125228882,,0.011128166981507093,21492,0.5222681164741516,-0.13137662410736084,0.8118590116500854,0.625,2,18.291085625009146,1,1789088515.797305,0.0,4,-0.006336873862892389,-17.850770950317383
0.2,0.0,0.9879648685455322,,0.015155457949731499,21592,0.5287269949913025,-0.13348665833473206,0.8115635514259338,0.375,1,18.36256208299892,1,1789088515.868783,0.0,4,-0.009880817495286465,-17.837921142578125
0.0,0.0,0.9930110573768616,,0.0003993330174125731,21643,0.5314351320266724,-0.13437095284461975,0.811420738697052,0.625,2,18.414133292040788,1,1789088515.920356,0.0,4,-0.005315897520631552,-17.83787727355957
0.2,0.0,0.9674037098884583,,0.0023660410079173744,21692,0.5337325930595398,-0.1351042538881302,0.8113234639167786,0.375,1,18.482296208036132,1,1789088515.98852,0.0,4,-0.013484375551342964,-17.837875366210938
0.2,0.0,0.964149534702301,,0.009292125003412366,21793,0.5395559668540955,-0.1369546502828598,0.8111286163330078,0.375,1,18.555787875026,1,1789088516.062013,0.0,4,-0.013042671605944633,-17.827922821044922
0.0,0.0,0.9557226300239563,,0.012768167012836784,21844,0.5426599979400635,-0.1379343867301941,0.8110541105270386,0.625,2,18.6247427079943,1,1789088516.130969,0.0,4,-0.008179033175110817,-17.827957153320312
0.0,0.0,0.9913689494132996,,0.016464499989524484,21943,0.5503172278404236,-0.14032778143882751,0.8109092116355896,0.625,2,18.695565000001807,1,1789088516.201793,0.0,4,-0.010215961374342442,-17.82802391052246
0.0,0.0,0.99186110496521,,0.0008389590075239539,21993,0.5550728440284729,-0.14178083837032318,0.8108114004135132,0.625,2,18.746982625045348,1,1789088516.253212,0.0,4,-0.007992607541382313,-17.827850341796875
0.2,0.0,0.9298210144042969,,0.004741250013466924,22042,0.5586683750152588,-0.14291273057460785,0.8107267022132874,0.375,1,18.818822583009023,1,1789088516.325054,0.0,4,-0.003809681860730052,-17.827909469604492
0.2,0.0,0.985345721244812,,0.013062290963716805,22142,0.5651278495788574,-0.14502152800559998,0.8105594515800476,0.375,1,18.89252337499056,1,1789088516.398756,0.0,4,-0.008971411734819412,-17.827289581298828
0.0,0.0,0.9832605719566345,,0.01722570799756795,22193,0.5679882764816284,-0.1459398716688156,0.8105237483978271,0.625,2,18.964176875015255,1,1789088516.470411,0.0,4,-0.0066482992842793465,-17.827001571655273
0.0,0.0,0.9825708270072937,,0.019616332952864468,22242,0.5708438158035278,-0.1468147188425064,0.8104956746101379,0.625,2,19.032983125012834,1,1789088516.539218,0.0,4,-0.00443374365568161,-17.824729919433594
0.0,0.0,0.9845749139785767,,0.002437166986055672,22293,0.5749771595001221,-0.1480853110551834,0.8104552626609802,0.625,2,19.082335792016238,1,1789088516.588573,0.0,4,-0.0013299781130626798,-17.821496963500977
0.2,0.0,0.9474666118621826,,0.007721374975517392,22393,0.5833500623703003,-0.1506756991147995,0.8103843927383423,0.375,1,19.153851667011622,1,1789088516.6600902,0.0,4,-0.01344651635736227,-17.81236457824707
0.0,0.0,0.9862058758735657,,0.00982470903545618,22442,0.5872848033905029,-0.15192987024784088,0.810357928276062,0.625,2,19.223070292035118,1,1789088516.72931,0.0,4,-0.015617610886693,-17.80611801147461
0.0,0.0,0.907434344291687,,0.011990875005722046,22493,0.5900914669036865,-0.15282101929187775,0.8103410005569458,0.625,2,19.29169887502212,1,1789088516.79794,0.0,4,1.653778599575162e-05,-17.803081512451172
0.0,0.0,0.988232433795929,,0.017079124983865768,22592,0.5966585874557495,-0.15485557913780212,0.8102678060531616,0.625,2,19.362349167000502,1,1789088516.868592,0.0,4,-0.02159622497856617,-17.786596298217773
0.2,0.0,0.9518484473228455,,0.00015208299737423658,22642,0.6002495288848877,-0.15597863495349884,0.8101956844329834,0.375,1,19.412668833043426,1,1789088516.9189131,0.0,4,-0.010318093933165073,-17.785724639892578
0.0,0.0,0.9871289730072021,,0.014766709005925804,22743,0.6054196357727051,-0.15763160586357117,0.8100303411483765,0.625,2,19.495212832989637,1,1789088517.001459,0.0,4,-0.0015268422430381179,-17.78559112548828
0.0,0.0,0.9823002219200134,,0.01705362496431917,22793,0.6080237030982971,-0.15844236314296722,0.8099532723426819,0.625,2,19.56374258303549,1,1789088517.06999,0.0,4,-0.00070713902823627,-17.78546905517578
0.0,0.0,0.9804838299751282,,0.015970874985214323,22842,0.6114863157272339,-0.1595015823841095,0.8098488450050354,0.625,2,19.63025445799576,1,1789088517.136503,0.0,4,-0.00035792242852039635,-17.785385131835938
0.2,0.0,0.9537100791931152,,0.0012027500197291374,22892,0.6147759556770325,-0.16051220893859863,0.8097555637359619,0.375,1,19.68119845801266,1,1789088517.187448,0.0,4,-0.011346515268087387,-17.78510284423828
0.0,0.0,0.9761878848075867,,0.009439124958589673,22993,0.6203384399414062,-0.16229748725891113,0.8095254302024841,0.625,2,19.75545300001977,1,1789088517.261704,0.0,4,-0.00014393968740478158,-17.78484535217285
0.0,0.0,0.9840158224105835,,0.017931624955963343,23042,0.6233106255531311,-0.16325519979000092,0.8093865513801575,0.625,2,19.831014208029956,1,1789088517.337267,0.0,4,0.0019157399656251073,-17.78432846069336
0.0,0.0,0.9781528115272522,,0.0010412500123493373,23092,0.6263020634651184,-0.16417968273162842,0.8092628121376038,0.625,2,19.881419500045013,1,1789088517.3876731,0.0,4,-0.005901946686208248,-17.784265518188477
0.2,0.0,0.9564523100852966,,0.004891832999419421,23193,0.6323410868644714,-0.16606862843036652,0.8090084791183472,0.375,1,19.9518149580108,1,1789088517.45807,0.0,4,-0.008555336855351925,-17.773557662963867
0.0,0.0,0.9277728796005249,,0.008204541984014213,23242,0.6349833011627197,-0.1669333428144455,0.8088511228561401,0.625,2,20.022471125004813,1,1789088517.528728,0.0,4,-0.007569630164653063,-17.773426055908203
0.0,0.0,0.9868614077568054,,0.016696874983608723,23342,0.6400020122528076,-0.1685226410627365,0.8085960149765015,0.625,2,20.097558792040218,1,1789088517.603817,0.0,4,0.006373918149620295,-17.76243019104004
0.0,0.0,0.9797153472900391,,0.0021668749977834523,23393,0.6427937746047974,-0.16935670375823975,0.8084861040115356,0.625,2,20.14940233301604,1,1789088517.655662,0.0,4,-0.013392320834100246,-17.759483337402344
0.2,0.0,0.9901487827301025,,0.006148665968794376,23443,0.6462910175323486,-0.17044800519943237,0.8083453178405762,0.375,1,20.21876808302477,1,1789088517.7250292,0.0,4,-0.011951170861721039,-17.758975982666016
0.0,0.0,0.972599983215332,,0.01332920795539394,23493,0.6490928530693054,-0.1713448315858841,0.8082042336463928,0.625,2,20.295400458038785,1,1789088517.801663,0.0,4,-0.000916004297323525,-17.758926391601562
0.0,0.0,0.9639137387275696,,0.0209922079811804,23593,0.6534491777420044,-0.17271503806114197,0.8079994916915894,0.625,2,20.369272167037707,1,1789088517.875536,0.0,4,-0.0018616679590195417,-17.758644104003906
0.0,0.0,0.9619571566581726,,0.001980166998691857,23644,0.6567129492759705,-0.17370931804180145,0.8078916668891907,0.625,2,20.41619687504135,1,1789088517.922462,0.0,4,-0.0037069774698466063,-17.758575439453125
0.2,0.0,0.9934230446815491,,0.004451374989002943,23692,0.6602030992507935,-0.17478148639202118,0.8077947497367859,0.375,1,20.48646824999014,1,1789088517.992735,0.0,4,-0.014048251323401928,-17.758346557617188
0.0,0.0,0.9708874225616455,,0.014275374996941537,23793,0.6656323075294495,-0.1765202134847641,0.807608425617218,0.625,2,20.56213212502189,1,1789088518.0684001,0.0,4,-0.012887237593531609,-17.752389907836914
0.0,0.0,0.9864227175712585,,0.019265957991592586,23843,0.6676064729690552,-0.1771465241909027,0.8075478076934814,0.625,2,20.632813750009518,1,1789088518.139083,0.0,4,0.00016784743638709188,-17.749616622924805
0.0,0.0,0.9566380381584167,,0.0221062499913387,23943,0.6734665632247925,-0.17895247042179108,0.8073969483375549,0.625,2,20.703166583029088,1,1789088518.2094378,0.0,4,-0.0026812858413904905,-17.74332618713379
0.2,0.0,0.990398645401001,,0.006162250007037073,23994,0.6768470406532288,-0.18002553284168243,0.8072991371154785,0.375,1,20.753585583006497,1,1789088518.259858,0.0,4,-0.016365954652428627,-17.73980712890625
0.0,0.0,0.9739817976951599,,0.013072166999336332,24043,0.6792064309120178,-0.18079859018325806,0.8072082996368408,0.625,2,20.82582370802993,1,1789088518.332097,0.0,4,0.0006315828068181872,-17.73956298828125
0.0,0.0,0.9932261109352112,,0.02159162500174716,24093,0.6810791492462158,-0.18139967322349548,0.8071478009223938,0.625,2,20.901414250023663,1,1789088518.40769,0.0,4,0.0025863954797387123,-17.73932456970215
0.0,0.0,0.9748454093933105,,0.018266749975737184,24192,0.6869796514511108,-0.1832091212272644,0.8069906830787659,0.625,2,20.965980875014793,1,1789088518.472258,0.0,4,-0.005202195141464472,-17.73883819580078
0.2,0.0,0.9959898591041565,,0.0015312919858843088,24243,0.6896470785140991,-0.18403470516204834,0.8069140911102295,0.375,1,21.014878707996104,1,1789088518.521157,0.0,4,-0.012461047619581223,-17.737926483154297
0.0,0.0,0.944257378578186,,0.008458999975118786,24293,0.6926751136779785,-0.1850125640630722,0.8067945241928101,0.625,2,21.08794683299493,1,1789088518.594226,0.0,4,-0.0052408878691494465,-17.734172821044922
0.0,0.0,0.9946534633636475,,0.013326957996468991,24392,0.6970312595367432,-0.18639032542705536,0.8066553473472595,0.625,2,21.159146332996897,1,1789088518.665427,0.0,4,0.0039944713935256,-17.71872901916504
0.0,0.0,0.9690235257148743,,0.017182709008920938,24442,0.7003277540206909,-0.18738065659999847,0.8065739274024963,0.625,2,21.230154916993342,1,1789088518.736438,0.0,4,-0.00720595009624958,-17.718454360961914
0.0,0.0,0.9964935183525085,,0.022137332998681813,24542,0.7061871290206909,-0.1892087161540985,0.8064210414886475,0.625,2,21.303433792025317,1,1789088518.8097181,0.0,4,-0.007899531163275242,-17.71803855895996
0.0,0.0,0.9710256457328796,,0.0038813750143162906,24542,0.7061871290206909,-0.1892087161540985,0.8064210414886475,0.625,2,21.351245500030927,1,1789088518.8575308,0.0,4,-0.011442864313721657,-17.71803855895996
0.0,0.0,0.9685063362121582,,0.008408542023971677,24643,0.7108895778656006,-0.1906934231519699,0.8062871694564819,0.625,2,21.422244624991436,1,1789088518.928531,0.0,4,-0.012849274091422558,-17.717859268188477
0.0,0.0,0.9960307478904724,,0.006100374972447753,24695,0.7130041718482971,-0.19134953618049622,0.8062471747398376,0.625,2,21.487308375013527,1,1789088518.993597,0.0,4,-0.004638494923710823,-17.70762825012207
0.0,0.0,0.9751215577125549,,0.009877000004053116,24792,0.7167779207229614,-0.1925542652606964,0.8062012791633606,0.625,2,21.55942587502068,1,1789088519.065716,0.0,4,-0.012245004996657372,-17.709918975830078
0.0,0.0,0.9786408543586731,,0.017218667024280876,24842,0.718315064907074,-0.193010151386261,0.806182324886322,0.625,2,21.631933042022865,1,1789088519.1382248,0.0,4,-0.011232415214180946,-17.712383270263672
0.0,0.0,0.9747007489204407,,0.0012095409911125898,24892,0.7201889753341675,-0.19358445703983307,0.8061766624450684,0.625,2,21.681154082994908,1,1789088519.187446,0.0,4,-0.012475352734327316,-17.713726043701172
0.0,0.0,0.9720062017440796,,0.0024126670323312283,24992,0.7237840294837952,-0.1947033703327179,0.8061996698379517,0.625,2,21.750623167026788,1,1789088519.256917,0.0,4,-0.012376490980386734,-17.7137508392334
0.0,0.0,0.9546255469322205,,0.006121584039647132,25042,0.7255149483680725,-0.19523490965366364,0.8062137365341187,0.625,2,21.819547292019706,1,1789088519.3258429,0.0,4,-0.006343675311654806,-17.713769912719727
0.0,0.0,0.9729136228561401,,0.01213991700205952,25093,0.7270611524581909,-0.19570708274841309,0.8062275052070618,0.625,2,21.892664958024397,1,1789088519.398962,0.0,4,-0.01091447938233614,-17.713769912719727
0.0,0.0,0.9708446860313416,,0.021716791961807758,25192,0.7300694584846497,-0.19664344191551208,0.8062599897384644,0.625,2,21.968249708006624,1,1789088519.4745479,0.0,4,-0.011777063831686974,-17.710487365722656
0.0,0.0,0.9561865329742432,,0.0011912499903701246,25243,0.7315728664398193,-0.19710910320281982,0.8062713742256165,0.625,2,22.0137270000414,1,1789088519.5200262,0.0,4,-0.007874282076954842,-17.707380294799805
0.0,0.0,0.9693526029586792,,0.022501125000417233,25343,0.7342475056648254,-0.19794195890426636,0.8062889575958252,0.625,2,22.104382875026204,1,1789088519.610684,0.0,4,-0.00997518002986908,-17.69150161743164
0.0,0.0,0.9694386720657349,,0.008207458013202995,25393,0.7356023788452148,-0.1983657330274582,0.8062936067581177,0.625,2,22.155456083011813,1,1789088519.661759,0.0,4,-0.010195883922278881,-17.688148498535156
0.0,0.0,0.9561133980751038,,0.010748874978162348,25443,0.7369176745414734,-0.19877326488494873,0.8062931299209595,0.625,2,22.22439512499841,1,1789088519.730699,0.0,4,-0.007516374345868826,-17.686599731445312
0.0,0.0,0.9573923945426941,,0.0160610830062069,25493,0.7379893064498901,-0.1991005837917328,0.8062868118286133,0.625,2,22.295663958007935,1,1789088519.8019688,0.0,4,-0.00771209504455328,-17.686603546142578
0.0,0.0,0.9585590362548828,,0.023014792008325458,25593,0.7403914332389832,-0.19985650479793549,0.8062328100204468,0.625,2,22.372091833036393,1,1789088519.878399,0.0,4,-0.007940595969557762,-17.68660545349121
0.0,0.0,0.9538583159446716,,0.003964667033869773,25643,0.7414040565490723,-0.200165793299675,0.8062121868133545,0.625,2,22.4200290000299,1,1789088519.926337,0.0,4,-0.006070587318390608,-17.686607360839844
0.0,0.0,0.9563956260681152,,0.00812629098072648,25692,0.7425940632820129,-0.200545072555542,0.8061749935150146,0.625,2,22.49004895798862,1,1789088519.996358,0.0,4,-0.0068793813697993755,-17.686609268188477
0.0,0.0,0.9587041735649109,,0.0171963750035502,25793,0.7447136044502258,-0.20121218264102936,0.8061015605926514,0.625,2,22.564718792040367,1,1789088520.07103,0.0,4,-0.007525822147727013,-17.686603546142578
0.0,0.0,0.9571137428283691,,0.023157207993790507,25844,0.7458404302597046,-0.20156745612621307,0.8060513138771057,0.625,2,22.636861917038914,1,1789088520.143175,0.0,4,-0.006795482710003853,-17.68660545349121
0.0,0.0,0.9517727494239807,,0.001195583026856184,25894,0.7468971610069275,-0.2019030749797821,0.8059948086738586,0.625,2,22.681184167042375,1,1789088520.187498,0.0,4,-0.006390209775418043,-17.686603546142578
0.0,0.0,0.9559271931648254,,0.007371416955720633,25993,0.7490185499191284,-0.20257961750030518,0.805856466293335,0.625,2,22.754596375045367,1,1789088520.2609122,0.0,4,-0.006630943156778812,-17.686599731445312
0.0,0.0,0.9576025605201721,,0.009888375003356487,26043,0.7500965595245361,-0.2029200792312622,0.8057776093482971,0.625,2,22.823125792026985,1,1789088520.329443,0.0,4,-0.006806937977671623,-17.683565139770508
0.0,0.0,0.958398699760437,,0.014910291996784508,26093,0.7510219812393188,-0.20320941507816315,0.805708110332489,0.625,2,22.89442137500737,1,1789088520.4007401,0.0,4,-0.006389073096215725,-17.680877685546875
0.0,0.0,0.9592902064323425,,0.016824749996885657,26192,0.7530615329742432,-0.20386016368865967,0.80553138256073,0.625,2,22.963845624995884,1,1789088520.470165,0.0,4,-0.006228216923773289,-17.66469383239746
0.0,0.0,0.9596400260925293,,2.9207963962107897e-05,26242,0.7540826201438904,-0.20418119430541992,0.8054478764533997,0.625,2,23.014766500040423,1,1789088520.521087,0.0,4,-0.007861289195716381,-17.66164207458496
0.0,0.0,0.9605864882469177,,0.007394084008410573,26293,0.7549960613250732,-0.20446981489658356,0.8053780794143677,0.625,2,23.089098417025525,1,1789088520.5954208,0.0,4,-0.009306471794843674,-17.659767150878906
0.0,0.0,0.960364818572998,,0.012891624995972961,26392,0.7569779753684998,-0.20510748028755188,0.8052258491516113,0.625,2,23.16058762499597,1,1789088520.666912,0.0,4,-0.009391729719936848,-17.659770965576172
0.0,0.0,0.9624680876731873,,0.009643875004258007,26443,0.7580052018165588,-0.2054343819618225,0.8051503300666809,0.625,2,23.22450958302943,1,1789088520.730835,0.0,4,-0.00991362240165472,-17.659770965576172
0.0,0.0,0.9588748216629028,,0.015911458001937717,26493,0.7589135766029358,-0.20572488009929657,0.8050806522369385,0.625,2,23.2975139170303,1,1789088520.803841,0.0,4,-0.00953426118940115,-17.659772872924805
0.0,0.0,0.9561595916748047,,0.01944587501930073,26593,0.7608819603919983,-0.20636849105358124,0.8049089312553406,0.625,2,23.367572417017072,1,1789088520.8739011,0.0,4,-0.009473749436438084,-17.649673461914062
0.0,0.0,0.9546579718589783,,0.0009010420180857182,26642,0.7617465257644653,-0.20664183795452118,0.8048455715179443,0.625,2,23.41550212498987,1,1789088520.921831,0.0,4,-0.008641505613923073,-17.651750564575195
0.0,0.0,0.9395098090171814,,0.019791999948211014,26742,0.7636867165565491,-0.2072751820087433,0.8046973943710327,0.625,2,23.50259987503523,1,1789088521.008932,0.0,4,-0.009273952804505825,-17.657983779907227
0.0,0.0,0.9374656677246094,,0.00040154100861400366,26742,0.7636867165565491,-0.2072751820087433,0.8046973943710327,0.625,2,23.54896300000837,1,1789088521.055295,0.0,4,-0.00838523916900158,-17.657983779907227
0.0,0.0,0.932873547077179,,0.0036687080282717943,26843,0.7656192779541016,-0.20789797604084015,0.8045585751533508,0.625,2,23.617877083015628,1,1789088521.1242108,0.0,4,-0.008708002977073193,-17.648283004760742
0.0,0.0,0.9298794269561768,,0.013349541986826807,26894,0.7666041851043701,-0.20821796357631683,0.8044886589050293,0.625,2,23.69402745802654,1,1789088521.200363,0.0,4,-0.009428953751921654,-17.648286819458008
0.0,0.0,0.9328658580780029,,0.022883916040882468,26992,0.7685378789901733,-0.2088490128517151,0.804354727268219,0.625,2,23.770393667044118,1,1789088521.2767308,0.0,4,-0.008498200215399265,-17.64828872680664
0.0,0.0,0.9511916637420654,,0.001893125008791685,27043,0.7695484757423401,-0.20917342603206635,0.8042883276939392,0.625,2,23.8177344170399,1,1789088521.324073,0.0,4,-0.008413800969719887,-17.648286819458008
0.0,0.0,0.9465374946594238,,0.012253749999217689,27095,0.7704383730888367,-0.20945653319358826,0.8042312860488892,0.625,2,23.893062875024043,1,1789088521.399403,0.0,4,-0.0074350228533148766,-17.64828872680664
0.0,0.0,0.9454429745674133,,0.01723700005095452,27193,0.7723972797393799,-0.21007925271987915,0.8041081428527832,0.625,2,23.964878167025745,1,1789088521.47122,0.0,4,-0.0069641792215406895,-17.64828872680664
0.0,0.0,0.9480420351028442,,0.0008496670052409172,27243,0.7732412815093994,-0.21033504605293274,0.8040604591369629,0.625,2,24.015443333017174,1,1789088521.5217862,0.0,4,-0.0061461287550628185,-17.64828872680664
0.0,0.0,0.9527125358581543,,0.002319249964784831,27292,0.7742258906364441,-0.21064315736293793,0.8040034174919128,0.625,2,24.083053458016366,1,1789088521.589397,0.0,4,-0.0064507098868489265,-17.64828872680664
0.0,0.0,0.9492453932762146,,0.007261791964992881,27343,0.7751027345657349,-0.21091103553771973,0.803955078125,0.625,2,24.15524908300722,1,1789088521.6615942,0.0,4,-0.005990942008793354,-17.648286819458008
0.0,0.0,0.9468551278114319,,0.012857499998062849,27443,0.7771177887916565,-0.21153035759925842,0.80384761095047,0.625,2,24.227614833042026,1,1789088521.733962,0.0,4,-0.006394516676664352,-17.648284912109375
0.0,0.0,0.9472578763961792,,0.014102541957981884,27492,0.7779486179351807,-0.21178153157234192,0.8038064241409302,0.625,2,24.29459012503503,1,1789088521.800939,0.0,4,-0.006006066221743822,-17.647897720336914
0.0,0.0,0.9484546184539795,,0.017707207996863872,27593,0.7798663377761841,-0.2123682051897049,0.8037145137786865,0.625,2,24.36429591703927,1,1789088521.870646,0.0,4,-0.006321451161056757,-17.64159393310547
0.0,0.0,0.9502951502799988,,0.0022505419910885394,27643,0.780828058719635,-0.2126592993736267,0.8036706447601318,0.625,2,24.415781082992908,1,1789088521.922132,0.0,4,-0.007618366740643978,-17.6385440826416
0.0,0.0,0.9511868357658386,,0.00871566595742479,27692,0.7817288637161255,-0.2129351943731308,0.8036302328109741,0.625,2,24.48966904199915,1,1789088521.996021,0.0,4,-0.00663125142455101,-17.635494232177734
0.0,0.0,0.9515806436538696,,0.0062339589931070805,27793,0.783561110496521,-0.21349474787712097,0.8035497665405273,0.625,2,24.55529008299345,1,1789088522.061644,0.0,4,-0.006772597786039114,-17.631004333496094
0.0,0.0,0.948448121547699,,0.00892858300358057,27842,0.7845115065574646,-0.21378204226493835,0.8035087585449219,0.625,2,24.62336750002578,1,1789088522.1297228,0.0,4,-0.00615273229777813,-17.631006240844727
0.0,0.0,0.9476320743560791,,0.016746582987252623,27892,0.7854546904563904,-0.21407021582126617,0.8034682869911194,0.625,2,24.69767950003734,1,1789088522.2040372,0.0,4,-0.006377147976309061,-17.63100242614746
0.0,0.0,0.9466405510902405,,0.018471707997377962,27998,0.7873548865318298,-0.21465082466602325,0.8033884167671204,0.625,2,24.766439125000034,1,1789088522.272798,0.0,4,-0.006502416916191578,-17.631006240844727
0.0,0.0,0.9485584497451782,,0.002140292024705559,28042,0.7881887555122375,-0.21489883959293365,0.8033535480499268,0.625,2,24.816003791987896,1,1789088522.322363,0.0,4,-0.0059165447019040585,-17.621187210083008
0.0,0.0,0.9497766494750977,,0.003633791988249868,28092,0.789150059223175,-0.2151927500963211,0.8033139705657959,0.625,2,24.884955167013686,1,1789088522.391316,0.0,4,-0.005010646767914295,-17.62118911743164
0.0,0.0,0.9512676000595093,,0.008856958011165261,28192,0.7909888625144958,-0.21575477719306946,0.8032393455505371,0.625,2,24.959140999999363,1,1789088522.465504,0.0,4,-0.004787838086485863,-17.62118911743164
0.0,0.0,0.9489128589630127,,0.01329654100118205,28242,0.7919527292251587,-0.2160424441099167,0.8032004237174988,0.625,2,25.029099292005412,1,1789088522.535464,0.0,4,-0.0038326187059283257,-17.62118911743164
0.0,0.0,0.9484601020812988,,0.009873334027361125,28292,0.7928350567817688,-0.21630443632602692,0.8031646609306335,0.625,2,25.091269833035767,1,1789088522.597635,0.0,4,-0.003023043042048812,-17.62118911743164
0.0,0.0,0.9527716040611267,,0.01542574999621138,28393,0.7946937680244446,-0.2168596237897873,0.8030925989151001,0.625,2,25.162401958019473,1,1789088522.6687691,0.0,4,-0.003443299327045679,-17.62118911743164
0.0,0.0,0.9514196515083313,,0.016161959036253393,28444,0.795685350894928,-0.217153862118721,0.8030555844306946,0.625,2,25.229690333013423,1,1789088522.736059,0.0,4,-0.0018351913895457983,-17.62118911743164
0.0,0.0,0.9529723525047302,,0.014553125016391277,28493,0.7965196371078491,-0.2173994928598404,0.8030250072479248,0.625,2,25.298383874993306,1,1789088522.804754,0.0,4,-0.0018145916983485222,-17.62118911743164
0.0,0.0,0.9525197148323059,,0.015716666006483138,28592,0.7984206080436707,-0.21796980500221252,0.8029583096504211,0.625,2,25.367178292013705,1,1789088522.8735502,0.0,4,-0.0015448646154254675,-17.600013732910156
0.0,0.0,0.950398862361908,,0.019706416002009064,28643,0.7994269132614136,-0.21826553344726562,0.8029236197471619,0.625,2,25.437568749999627,1,1789088522.9439418,0.0,4,-0.0011381220538169146,-17.56890869140625
0.0,0.0,0.9373055100440979,,0.018218374985735863,28692,0.8002182245254517,-0.21849800646305084,0.8028980493545532,0.625,2,25.503030541993212,1,1789088523.009405,0.0,4,-0.00254009454511106,-17.57036018371582
0.0,0.0,0.93144690990448,,0.0015324580017477274,28743,0.801211416721344,-0.21880045533180237,0.8028683662414551,0.625,2,25.55200095800683,1,1789088523.058377,0.0,4,-0.001263005891814828,-17.56793975830078
0.0,0.0,0.9374029636383057,,0.009196583006996661,28846,0.8030104041099548,-0.21934090554714203,0.8028152585029602,0.625,2,25.625503792020027,1,1789088523.131881,0.0,4,-0.00045125011820346117,-17.590200424194336
0.0,0.0,0.9295374751091003,,0.013183499977458268,28895,0.8039882183074951,-0.21964208781719208,0.8027888536453247,0.625,2,25.695092917012516,1,1789088523.201472,0.0,4,-0.0003051307867281139,-17.604360580444336
0.0,0.0,0.9262296557426453,,0.008064040972385556,28993,0.8056135177612305,-0.2201317399740219,0.8027462363243103,0.625,2,25.764928542019334,1,1789088523.2713091,0.0,4,0.0006665455875918269,-17.602514266967773
0.0,0.0,0.9226438999176025,,0.012356208986602724,29046,0.8065069317817688,-0.2203926295042038,0.802722156047821,0.625,2,25.832989083020948,1,1789088523.339371,0.0,4,0.0004414684954099357,-17.597890853881836
0.0,0.0,0.9234983325004578,,0.021201249968726188,29092,0.8073363304138184,-0.22063946723937988,0.8026965856552124,0.625,2,25.907652708003297,1,1789088523.414036,0.0,4,-0.0006132738199084997,-17.599628448486328
0.0,0.0,0.9164476990699768,,0.004861916997469962,29142,0.8082258701324463,-0.22090014815330505,0.8026670217514038,0.625,2,25.95740100002149,1,1789088523.463785,0.0,4,-0.0026821387000381947,-17.590654373168945
0.0,0.0,0.9148319959640503,,0.013637207972351462,29244,0.8099696636199951,-0.2214003950357437,0.802622377872467,0.625,2,26.032874041993637,1,1789088523.5392609,0.0,4,-0.002773523097857833,-17.57259750366211
0.0,0.0,0.9203010201454163,,0.011076624970883131,29293,0.8107569813728333,-0.22161875665187836,0.8026045560836792,0.625,2,26.09815941704437,1,1789088523.604547,0.0,4,-0.003920766059309244,-17.57524299621582
0.0,0.0,0.9128391146659851,,0.01601604197639972,29393,0.8125180006027222,-0.2221119999885559,0.8025677800178528,0.625,2,26.171151500020642,1,1789088523.67754,0.0,4,-0.002535943640395999,-17.587440490722656
0.0,0.0,0.9148516654968262,,0.0005938750109635293,29443,0.8134117722511292,-0.2223554402589798,0.8025453090667725,0.625,2,26.22296466701664,1,1789088523.729355,0.0,4,0.0007403370691463351,-17.594013214111328
0.0,0.0,0.9096399545669556,,0.021949457994196564,29542,0.8148800730705261,-0.2227552831172943,0.8024998903274536,0.625,2,26.319629875011742,1,1789088523.826022,0.0,4,6.268825381994247e-05,-17.58614730834961
0.0,0.0,0.9100685715675354,,0.0033352920436300337,29593,0.8157520890235901,-0.22298693656921387,0.8024809956550598,0.625,2,26.367108542006463,1,1789088523.8735008,0.0,4,-0.0006011296063661575,-17.59248924255371
0.0,0.0,0.9083157777786255,,0.014004375028889626,29643,0.8166086673736572,-0.2232213169336319,0.8024649620056152,0.625,2,26.443300250044558,1,1789088523.9496949,0.0,4,-0.00034560239873826504,-17.597612380981445
0.0,0.0,0.9139466285705566,,0.012384500005282462,29743,0.8183242678642273,-0.2236948311328888,0.8024371862411499,0.625,2,26.51039158302592,1,1789088524.016787,0.0,4,-0.0003199250204488635,-17.600784301757812
0.0,0.0,0.9094589948654175,,0.020521750033367425,29793,0.819087028503418,-0.2238985002040863,0.8024192452430725,0.625,2,26.58362412499264,1,1789088524.0900218,0.0,4,-0.0003153789439238608,-17.600784301757812
0.0,0.0,0.9132609963417053,,0.0027471250505186617,29843,0.8199854493141174,-0.2241491973400116,0.8023937940597534,0.625,2,26.631970292015467,1,1789088524.138369,0.0,4,-0.0004308299394324422,-17.600786209106445
0.0,0.0,0.9164774417877197,,0.004804875003173947,29892,0.8207691311836243,-0.22436542809009552,0.802374005317688,0.625,2,26.70266495802207,1,1789088524.209065,0.0,4,-0.00030473247170448303,-17.600786209106445
0.0,0.0,0.9170693159103394,,0.013678334013093263,29994,0.8224443793296814,-0.22483305633068085,0.802345871925354,0.625,2,26.776631208020262,1,1789088524.2830331,0.0,4,-0.001912314211949706,-17.595603942871094
0.0,0.0,0.9215288758277893,,0.01706108305370435,30042,0.8232802748680115,-0.22507064044475555,0.802334725856781,0.625,2,26.846567041997332,1,1789088524.35297,0.0,4,-0.003167162649333477,-17.59236717224121
0.0,0.0,0.9246975183486938,,0.01704929198604077,30144,0.824951708316803,-0.22554242610931396,0.8022987246513367,0.625,2,26.914939625014085,1,1789088524.421344,0.0,4,-0.004432891495525837,-17.588665008544922
0.0,0.0,0.9262514114379883,,0.021659124991856515,30192,0.8256875276565552,-0.2257445752620697,0.8022797703742981,0.625,2,26.984681458037812,1,1789088524.491088,0.0,4,-0.004143672529608011,-17.588665008544922
0.0,0.0,0.9297694563865662,,0.004839124972932041,30243,0.8265625834465027,-0.22599270939826965,0.8022630214691162,0.625,2,27.03374820802128,1,1789088524.5401568,0.0,4,-0.004594753030687571,-17.588665008544922
0.0,0.0,0.9345574378967285,,0.012330457975622267,30292,0.8273665904998779,-0.2262205183506012,0.8022524118423462,0.625,2,27.10760837502312,1,1789088524.614017,0.0,4,-0.004215295426547527,-17.588666915893555
0.0,0.0,0.9329153895378113,,0.015938416006974876,30392,0.8289249539375305,-0.2266520857810974,0.8022323250770569,0.625,2,27.181137500039767,1,1789088524.687548,0.0,4,-0.0039790356531739235,-17.588666915893555
0.0,0.0,0.9319636821746826,,0.0004556250059977174,30442,0.8297545313835144,-0.22688612341880798,0.8022132515907288,0.625,2,27.23052354203537,1,1789088524.736935,0.0,4,-0.005150851793587208,-17.588666915893555
0.0,0.0,0.9360302090644836,,0.006130458030384034,30492,0.8305110931396484,-0.22709152102470398,0.8021934628486633,0.625,2,27.302377749991138,1,1789088524.808791,0.0,4,-0.004395061172544956,-17.588668823242188
0.0,0.0,0.9368592500686646,,0.014299083966761827,30593,0.8321177959442139,-0.22752965986728668,0.8021653890609741,0.625,2,27.377781082992442,1,1789088524.884196,0.0,4,-0.00474476907402277,-17.588668823242188
0.0,0.0,0.9362448453903198,,6.541702896356583e-05,30643,0.8329790830612183,-0.22776459157466888,0.8021570444107056,0.625,2,27.428997417038772,1,1789088524.935413,0.0,4,-0.005205580033361912,-17.58867073059082
0.0,0.0,0.9390630722045898,,0.020796625001821667,30742,0.8345555663108826,-0.2281896471977234,0.8021335601806641,0.625,2,27.51614600000903,1,1789088525.0225642,0.0,4,-0.005563406273722649,-17.583375930786133
0.0,0.0,0.9441392421722412,,0.0018800830002874136,30792,0.8352943062782288,-0.22838439047336578,0.8021163940429688,0.625,2,27.5644105829997,1,1789088525.0708292,0.0,4,-0.003373447572812438,-17.580810546875
0.0,0.0,0.9447888135910034,,0.005256959004327655,30843,0.8361421823501587,-0.22861573100090027,0.8020949959754944,0.625,2,27.637281333038118,1,1789088525.143701,0.0,4,-0.002333951648324728,-17.57854461669922
0.0,0.0,0.9468552470207214,,0.011017124983482063,30893,0.8369218707084656,-0.2288295030593872,0.8020818829536438,0.625,2,27.708086416998412,1,1789088525.214509,0.0,4,-0.0026997439563274384,-17.57854461669922
0.0,0.0,0.9443079829216003,,0.01572687498992309,30992,0.8384432792663574,-0.22924020886421204,0.8020678758621216,0.625,2,27.778464917035308,1,1789088525.284888,0.0,4,-0.0015965750208124518,-17.57854461669922
0.0,0.0,0.9455401301383972,,0.02234016702277586,31045,0.8393691182136536,-0.22950060665607452,0.8020546436309814,0.625,2,27.851356542028952,1,1789088525.357781,0.0,4,-0.0016679551918059587,-17.57854461669922
0.0,0.0,0.9468041658401489,,0.005619957984890789,31092,0.8400586843490601,-0.2296915203332901,0.8020389080047607,0.625,2,27.902186583029106,1,1789088525.408621,0.0,4,-0.001643362920731306,-17.57854461669922
0.0,0.0,0.9541516900062561,,0.008282124996185303,31193,0.8416129946708679,-0.23012976348400116,0.8020049929618835,0.625,2,27.972614167025313,1,1789088525.479041,0.0,4,-0.0013075202004984021,-17.57854461669922
0.0,0.0,0.9529769420623779,,0.01565600000321865,31244,0.8424474596977234,-0.2303718477487564,0.801994800567627,0.625,2,28.046367041999474,1,1789088525.552796,0.0,4,-0.00142405997030437,-17.57854461669922
0.0,0.0,0.9523851871490479,,0.0005702499765902758,31293,0.8432462215423584,-0.23060134053230286,0.8019886612892151,0.625,2,28.09656224999344,1,1789088525.602992,0.0,4,-0.0005644537741318345,-17.577648162841797
0.0,0.0,0.9569880366325378,,0.0008661249885335565,31392,0.8448004126548767,-0.23104672133922577,0.8019634485244751,0.625,2,28.166001333040185,1,1789088525.672433,0.0,4,-0.0006544750649482012,-17.571735382080078
0.0,0.0,0.9568055272102356,,0.011376083013601601,31446,0.8456110954284668,-0.23127909004688263,0.8019443154335022,0.625,2,28.24128583300626,1,1789088525.7477188,0.0,4,-0.0011361500946804881,-17.570329666137695
0.0,0.0,0.9558850526809692,,0.016562125005293638,31542,0.8471506237983704,-0.2317257672548294,0.8019187450408936,0.625,2,28.31303983303951,1,1789088525.819475,0.0,4,0.0004411917761899531,-17.570331573486328
0.0,0.0,0.9565845131874084,,0.023977542005013674,31593,0.8478802442550659,-0.23193450272083282,0.8019127249717712,0.625,2,28.38896079204278,1,1789088525.8953972,0.0,4,0.004098991863429546,-17.570331573486328
0.0,0.0,0.9569936394691467,,0.004872917023021728,31643,0.8486602306365967,-0.23216553032398224,0.8019059896469116,0.625,2,28.435285833023954,1,1789088525.9417238,0.0,4,0.005120912566781044,-17.57033348083496
0.0,0.0,0.9549587368965149,,0.010409082984551787,31693,0.8494218587875366,-0.2323903739452362,0.8018935322761536,0.625,2,28.507004707993474,1,1789088526.0134442,0.0,4,0.006595803424715996,-17.570331573486328
0.0,0.0,0.9576134085655212,,0.010928709001746029,31793,0.8509877920150757,-0.23285797238349915,0.8018563389778137,0.625,2,28.5759162500035,1,1789088526.082356,0.0,4,0.007608364336192608,-17.570337295532227
0.0,0.0,0.9586832523345947,,0.014862250012811273,31842,0.851762056350708,-0.23309047520160675,0.8018446564674377,0.625,2,28.64552966703195,1,1789088526.151972,0.0,4,0.007711315993219614,-17.56865119934082
0.0,0.0,0.9562705755233765,,0.01724108395865187,31943,0.8533172607421875,-0.23355093598365784,0.801832377910614,0.625,2,28.714236167026684,1,1789088526.22068,0.0,4,0.008002658374607563,-17.554407119750977
0.0,0.0,0.9557723999023438,,7.474998710677028e-05,31992,0.8540208339691162,-0.23375263810157776,0.8018220067024231,0.625,2,28.765495708037633,1,1789088526.27194,0.0,4,0.009343457408249378,-17.554405212402344
0.0,0.0,0.9536901712417603,,0.007216624973807484,32042,0.8547990322113037,-0.2339843064546585,0.8018051981925964,0.625,2,28.838313916989136,1,1789088526.3447602,0.0,4,0.010143482126295567,-17.554405212402344
0.0,0.0,0.9549638628959656,,0.012604041956365108,32142,0.8562853336334229,-0.23441572487354279,0.801774263381958,0.625,2,28.909336832992267,1,1789088526.415784,0.0,4,0.009938939474523067,-17.55440330505371
0.0,0.0,0.9527522325515747,,0.019718458002898842,32193,0.857088029384613,-0.2346472293138504,0.8017659187316895,0.625,2,28.984510750044137,1,1789088526.49096,0.0,4,0.010924332775175571,-17.557231903076172
0.0,0.0,0.9506087303161621,,0.02134908299194649,32242,0.8578196167945862,-0.23485641181468964,0.801760196685791,0.625,2,29.053088332992047,1,1789088526.5595388,0.0,4,0.011339745484292507,-17.560222625732422
0.0,0.0,0.9557972550392151,,0.003629625018220395,32293,0.8586273789405823,-0.235087051987648,0.801753044128418,0.625,2,29.10042837500805,1,1789088526.60688,0.0,4,0.008950985036790371,-17.563581466674805
0.0,0.0,0.9578077793121338,,0.007346083002630621,32392,0.8601512312889099,-0.23551024496555328,0.8017217516899109,0.625,2,29.17066241701832,1,1789088526.677115,0.0,4,0.009186983108520508,-17.56401252746582
0.0,0.0,0.9582464098930359,,0.012943584006279707,32443,0.86094731092453,-0.23573316633701324,0.8017054200172424,0.625,2,29.243767750042025,1,1789088526.750222,0.0,4,0.008572379127144814,-17.555038452148438
0.0,0.0,0.9565152525901794,,0.019738250004593283,32542,0.8624820709228516,-0.23615968227386475,0.8016930818557739,0.625,2,29.31593325000722,1,1789088526.822389,0.0,4,0.00970492884516716,-17.55504035949707
0.0,0.0,0.9560955166816711,,0.0036802919930778444,32592,0.8631777763366699,-0.23634669184684753,0.8016881942749023,0.625,2,29.366652375028934,1,1789088526.87311,0.0,4,0.009958076290786266,-17.55504035949707
0.0,0.0,0.9596995711326599,,0.009051125030964613,32643,0.8640020489692688,-0.2365754097700119,0.8016766905784607,0.625,2,29.43917045800481,1,1789088526.945629,0.0,4,0.009886411018669605,-17.54587173461914
0.0,0.0,0.9571934342384338,,0.0017194579704664648,32694,0.8646975159645081,-0.23676370084285736,0.8016616106033325,0.625,2,29.499739833001513,1,1789088527.006201,0.0,4,0.010820494964718819,-17.54587173461914
0.0,0.0,0.9589534997940063,,0.002646000008098781,32794,0.8662164807319641,-0.2371765673160553,0.8016360998153687,0.625,2,29.566557125013787,1,1789088527.0730188,0.0,4,0.011931616812944412,-17.54587173461914
0.0,0.0,0.9587907791137695,,0.011577249970287085,32845,0.8670181632041931,-0.23739702999591827,0.8016306757926941,0.625,2,29.641250666987617,1,1789088527.1477141,0.0,4,0.01109574269503355,-17.547212600708008
0.0,0.0,0.9563355445861816,,0.01605908403871581,32943,0.8685016632080078,-0.23780524730682373,0.8016206622123718,0.625,2,29.712878542020917,1,1789088527.2193432,0.0,4,0.012149164453148842,-17.553314208984375
0.0,0.0,0.9585089683532715,,0.019444082980044186,32992,0.8691803812980652,-0.23798570036888123,0.8016079068183899,0.625,2,29.784645250008907,1,1789088527.291111,0.0,4,0.011490706354379654,-17.55472755432129
0.0,0.0,0.9586918950080872,,0.022219459002371877,33042,0.8699268102645874,-0.23818941414356232,0.8015918731689453,0.625,2,29.852811583026778,1,1789088527.3592792,0.0,4,0.012115166522562504,-17.55472755432129
0.0,0.0,0.961377739906311,,0.006121291022282094,33094,0.8707719445228577,-0.23842114210128784,0.8015778660774231,0.625,2,29.902568124991376,1,1789088527.409037,0.0,4,0.013004577718675137,-17.55472755432129
0.0,0.0,0.9623669385910034,,0.008719917037524283,33192,0.8722142577171326,-0.23880542814731598,0.8015697002410889,0.625,2,29.973575375042856,1,1789088527.480046,0.0,4,0.01415218785405159,-17.55472755432129
,,,after-land,,40192,0.923825740814209,-0.24697411060333252,0.019894978031516075,,,37.03431833302602,,,,,,
