1789088494.4566,0.0500,3.5000,-1.0000
1789088494.5714,0.1000,3.5000,-1.0000
1789088494.6568,0.1500,3.5000,-1.0000
1789088494.7438,0.2000,3.5000,-1.0000
1789088494.8104,0.2500,3.5000,-1.0000
1789088494.8771,0.3000,3.5000,-1.0000
1789088494.9443,0.3500,3.5000,-1.0000
1789088495.0137,0.4000,3.5000,-1.0000
1789088495.0802,0.4500,3.5000,-1.0000
1789088495.1460,0.5000,3.5000,-1.0000
1789088495.2120,0.5500,3.5000,-1.0000
1789088495.2778,0.6000,3.5000,-1.0000
1789088495.3453,0.6500,3.5000,-1.0000
1789088495.4108,0.7000,3.5000,-1.0000
1789088495.4772,0.7500,3.5000,-1.0000
1789088495.5443,0.8000,3.5000,-1.0000
1789088495.6101,0.8500,3.5000,-1.0000
1789088495.6776,0.9000,3.5000,-1.0000
1789088495.7455,0.9500,3.5000,-1.0000
1789088495.8128,1.0000,3.5000,-1.0000
1789088495.8799,1.0500,3.5000,-1.0000
1789088495.9460,1.1000,3.5000,-1.0000
1789088496.0123,1.1500,3.5000,-1.0000
1789088496.0786,1.2000,3.5000,-1.0000
1789088496.1445,1.2500,3.5000,-1.0000
1789088496.2116,1.3000,3.5000,-1.0000
1789088496.2794,1.3500,3.5000,-1.0000
1789088496.3456,1.4000,3.5000,-1.0000
1789088496.4118,1.4500,3.5000,-1.0000
1789088496.4781,1.5000,3.5000,-1.0000
1789088496.5460,1.5500,3.5000,-1.0000
1789088496.6114,1.6000,3.5000,-1.0000
1789088496.6783,1.6500,3.5000,-1.0000
1789088496.7428,1.7000,3.5000,-1.0000
1789088496.8100,1.7500,3.5000,-1.0000
1789088496.8766,1.8000,3.5000,-1.0000
1789088496.9431,1.8500,3.5000,-1.0000
1789088497.0201,1.9000,3.5000,-1.0000
1789088497.1114,1.9500,3.5000,-1.0000
1789088497.1837,2.0000,3.5000,-1.0000
1789088497.2801,2.0500,3.5000,-1.0000
1789088497.3453,2.1000,3.5000,-1.0000
1789088497.4118,2.1500,3.5000,-1.0000
1789088497.4776,2.2000,3.5000,-1.0000
1789088497.5434,2.2500,3.5000,-1.0000
1789088497.6124,2.3000,3.5000,-1.0000
1789088497.6782,2.3500,3.5000,-1.0000
1789088497.7445,2.4000,3.5000,-1.0000
1789088497.8112,2.4500,3.5000,-1.0000
1789088497.8777,2.5000,3.5000,-1.0000
1789088497.9453,2.5500,3.5000,-1.0000
1789088498.0144,2.6000,3.5000,-1.0000
1789088498.0804,2.6500,3.5000,-1.0000
1789088498.1481,2.7000,3.5000,-1.0000
1789088498.2150,2.7500,3.5000,-1.0000
1789088498.2826,2.8000,3.5000,-1.0000
1789088498.3495,2.8500,3.5000,-1.0000
1789088498.4166,2.9000,3.5000,-1.0000
1789088498.4838,2.9500,3.5000,-1.0000
1789088498.5517,3.0000,3.5000,-1.0000
1789088498.6188,3.0500,3.5000,-1.0000
1789088498.6863,3.1000,3.5000,-1.0000
1789088498.7534,3.1500,3.5000,-1.0000
1789088498.8262,3.2000,3.5000,-1.0000
1789088498.8927,3.2500,3.5000,-1.0000
1789088498.9595,3.3000,3.5000,-1.0000
1789088499.0263,3.3500,3.5000,-1.0000
1789088499.0937,3.4000,3.5000,-1.0000
1789088499.1607,3.4500,3.5000,-1.0000
1789088499.2273,3.5000,3.5000,-1.0000
1789088499.2956,3.5500,3.5000,-1.0000
1789088499.3613,3.6000,3.5000,-1.0000
1789088499.4274,3.6500,3.5000,-1.0000
1789088499.4958,3.7000,3.5000,-1.0000
1789088499.5626,3.7500,3.5000,-1.0000
1789088499.6291,3.8000,3.5000,-1.0000
1789088499.6948,3.8500,3.5000,-1.0000
1789088499.7606,3.9000,3.5000,-1.0000
1789088499.8273,3.9500,3.5000,-1.0000
1789088499.8935,4.0000,3.5000,-1.0000
1789088499.9607,4.0500,3.5000,-1.0000
1789088500.0272,4.1000,3.5000,-1.0000
1789088500.0939,4.1500,3.5000,-1.0000
1789088500.1619,4.2000,3.5000,-1.0000
1789088500.2282,4.2500,3.5000,-1.0000
1789088500.2948,4.3000,3.5000,-1.0000
1789088500.3622,4.3500,3.5000,-1.0000
1789088500.4287,4.4000,3.5000,-1.0000
1789088500.4951,4.4500,3.5000,-1.0000
1789088500.5607,4.5000,3.5000,-1.0000
1789088500.6274,4.5500,3.5000,-1.0000
1789088500.6960,4.6000,3.5000,-1.0000
1789088500.7625,4.6500,3.5000,-1.0000
1789088500.8292,4.7000,3.5000,-1.0000
1789088500.8957,4.7500,3.5000,-1.0000
1789088500.9618,4.8000,3.5000,-1.0000
1789088501.0277,4.8500,3.5000,-1.0000
1789088501.0943,4.9000,3.5000,-1.0000
1789088501.1604,4.9500,3.5000,-1.0000
1789088501.2265,5.0000,3.5000,-1.0000
1789088501.2945,5.0500,3.5000,-1.0000
1789088501.3628,5.1000,3.5000,-1.0000
1789088501.4290,5.1500,3.5000,-1.0000
1789088501.4946,5.2000,3.5000,-1.0000
1789088501.5621,5.2500,3.5000,-1.0000
1789088501.6280,5.3000,3.5000,-1.0000
1789088501.6941,5.3500,3.5000,-1.0000
1789088501.7612,5.4000,3.5000,-1.0000
1789088501.8273,5.4500,3.5000,-1.0000
1789088501.8950,5.5000,3.5000,-1.0000
1789088501.9610,5.5500,3.5000,-1.0000
1789088502.0278,5.6000,3.5000,-1.0000
1789088502.0935,5.6500,3.5000,-1.0000
1789088502.1598,5.7000,3.5000,-1.0000
1789088502.2281,5.7500,3.5000,-1.0000
1789088502.2964,5.8000,3.5000,-1.0000
1789088502.3627,5.8500,3.5000,-1.0000
1789088502.4295,5.9000,3.5000,-1.0000
1789088502.4963,5.9500,3.5000,-1.0000
1789088502.5628,6.0000,3.5000,-1.0000
1789088502.6286,6.0500,3.5000,-1.0000
1789088502.6956,6.1000,3.5000,-1.0000
1789088502.7617,6.1500,3.5000,-1.0000
1789088502.8302,6.2000,3.5000,-1.0000
1789088502.8963,6.2500,3.5000,-1.0000
1789088502.9631,6.3000,3.5000,-1.0000
1789088503.0297,6.3500,3.5000,-1.0000
1789088503.0971,6.4000,3.5000,-1.0000
1789088503.1636,6.4500,3.5000,-1.0000
1789088503.2307,6.5000,3.5000,-1.0000
1789088503.2975,6.5500,3.5000,-1.0000
1789088503.3641,6.6000,3.5000,-1.0000
1789088503.4304,6.6500,3.5000,-1.0000
1789088503.4969,6.7000,3.5000,-1.0000
1789088503.5644,6.7500,3.5000,-1.0000
1789088503.6315,6.8000,3.5000,-1.0000
1789088503.6984,6.8500,3.5000,-1.0000
1789088503.7663,6.9000,3.5000,-1.0000
1789088503.8360,6.9500,3.5000,-1.0000
1789088503.9028,7.0000,3.5000,-1.0000
1789088503.9695,7.0500,3.5000,-1.0000
1789088504.0364,7.1000,3.5000,-1.0000
1789088504.1037,7.1500,3.5000,-1.0000
1789088504.1715,7.2000,3.5000,-1.0000
1789088504.2382,7.2500,3.5000,-1.0000
1789088504.3041,7.3000,3.5000,-1.0000
1789088504.3698,7.3500,3.5000,-1.0000
1789088504.4368,7.4000,3.5000,-1.0000
1789088504.5029,7.4500,3.5000,-1.0000
1789088504.5686,7.5000,3.5000,-1.0000
1789088504.6386,7.5500,3.5000,-1.0000
1789088504.7051,7.6000,3.5000,-1.0000
1789088504.7711,7.6500,3.5000,-1.0000
1789088504.8373,7.7000,3.5000,-1.0000
1789088504.9045,7.7500,3.5000,-1.0000
1789088504.9712,7.8000,3.5000,-1.0000
1789088505.0399,7.8500,3.5000,-1.0000
1789088505.1065,7.9000,3.5000,-1.0000
1789088505.1723,7.9500,3.5000,-1.0000
1789088505.2385,8.0000,3.5000,-1.0000
1789088505.3052,8.0500,3.5000,-1.0000
1789088505.3715,8.1000,3.5000,-1.0000
1789088505.4376,8.1500,3.5000,-1.0000
1789088505.5055,8.2000,3.5000,-1.0000
1789088505.5721,8.2500,3.5000,-1.0000
1789088505.6386,8.3000,3.5000,-1.0000
1789088505.7055,8.3500,3.5000,-1.0000
1789088505.7715,8.4000,3.5000,-1.0000
1789088505.8390,8.4500,3.5000,-1.0000
1789088505.9061,8.5000,3.5000,-1.0000
1789088505.9735,8.5500,3.5000,-1.0000
1789088506.0410,8.6000,3.5000,-1.0000
1789088506.1097,8.6500,3.5000,-1.0000
1789088506.1784,8.7000,3.5000,-1.0000
1789088506.2458,8.7500,3.5000,-1.0000
1789088506.3122,8.8000,3.5000,-1.0000
1789088506.3788,8.8500,3.5000,-1.0000
1789088506.4449,8.9000,3.5000,-1.0000
1789088506.5109,8.9500,3.5000,-1.0000
1789088506.5765,9.0000,3.5000,-1.0000
1789088506.6436,9.0500,3.5000,-1.0000
1789088506.7124,9.1000,3.5000,-1.0000
1789088506.7789,9.1500,3.5000,-1.0000
1789088506.8454,9.2000,3.5000,-1.0000
1789088506.9120,9.2500,3.5000,-1.0000
1789088506.9791,9.3000,3.5000,-1.0000
1789088507.0445,9.3500,3.5000,-1.0000
1789088507.1110,9.4000,3.5000,-1.0000
1789088507.1779,9.4500,3.5000,-1.0000
1789088507.2456,9.5000,3.5000,-1.0000
1789088507.3130,9.5500,3.5000,-1.0000
1789088507.3800,9.6000,3.5000,-1.0000
1789088507.4462,9.6500,3.5000,-1.0000
1789088507.5130,9.7000,3.5000,-1.0000
1789088507.5804,9.7500,3.5000,-1.0000
1789088507.6471,9.8000,3.5000,-1.0000
1789088507.7138,9.8500,3.5000,-1.0000
1789088507.7818,9.9000,3.5000,-1.0000
1789088507.8586,9.9500,3.5000,-1.0000
1789088507.9283,10.0000,3.5000,-1.0000
1789088507.9947,10.0500,3.5000,-1.0000
1789088508.0607,10.1000,3.5000,-1.0000
1789088508.1277,10.1500,3.5000,-1.0000
1789088508.1942,10.2000,3.5000,-1.0000
1789088508.2624,10.2500,3.5000,-1.0000
1789088508.3293,10.3000,3.5000,-1.0000
1789088508.3977,10.3500,3.5000,-1.0000
1789088508.4656,10.4000,3.5000,-1.0000
1789088508.5348,10.4500,3.5000,-1.0000
1789088508.6015,10.5000,3.5000,-1.0000
1789088508.6681,10.5500,3.5000,-1.0000
1789088508.7374,10.6000,3.5000,-1.0000
1789088508.8053,10.6500,3.5000,-1.0000
1789088508.8728,10.7000,3.5000,-1.0000
1789088508.9410,10.7500,3.5000,-1.0000
1789088509.0096,10.8000,3.5000,-1.0000
1789088509.0776,10.8500,3.5000,-1.0000
1789088509.1515,10.9000,3.5000,-1.0000
1789088509.2184,10.9500,3.5000,-1.0000
1789088509.2842,11.0000,3.5000,-1.0000
1789088509.3513,11.0500,3.5000,-1.0000
1789088509.4316,11.1000,3.5000,-1.0000
1789088509.4996,11.1500,3.5000,-1.0000
1789088509.5680,11.2000,3.5000,-1.0000
1789088509.6346,11.2500,3.5000,-1.0000
1789088509.7013,11.3000,3.5000,-1.0000
1789088509.7678,11.3500,3.5000,-1.0000
1789088509.8347,11.4000,3.5000,-1.0000
1789088509.9021,11.4500,3.5000,-1.0000
1789088509.9687,11.5000,3.5000,-1.0000
1789088510.0355,11.5500,3.5000,-1.0000
1789088510.1016,11.6000,3.5000,-1.0000
1789088510.1681,11.6500,3.5000,-1.0000
1789088510.2348,11.7000,3.5000,-1.0000
1789088510.3025,11.7500,3.5000,-1.0000
1789088510.3687,11.8000,3.5000,-1.0000
1789088510.4348,11.8500,3.5000,-1.0000
1789088510.5035,11.9000,3.5000,-1.0000
1789088510.5694,11.9500,3.5000,-1.0000
1789088510.6357,12.0000,3.5000,-1.0000
1789088510.7021,12.0500,3.5000,-1.0000
1789088510.7694,12.1000,3.5000,-1.0000
1789088510.8355,12.1500,3.5000,-1.0000
1789088510.9018,12.2000,3.5000,-1.0000
1789088510.9694,12.2500,3.5000,-1.0000
1789088511.0344,12.3000,3.5000,-1.0000
1789088511.1006,12.3500,3.5000,-1.0000
1789088511.1665,12.4000,3.5000,-1.0000
1789088511.2329,12.4500,3.5000,-1.0000
1789088511.2989,12.5000,3.5000,-1.0000
1789088511.3655,12.5500,3.5000,-1.0000
1789088511.4326,12.6000,3.5000,-1.0000
1789088511.4993,12.6500,3.5000,-1.0000
1789088511.5662,12.7000,3.5000,-1.0000
1789088511.6341,12.7500,3.5000,-1.0000
1789088511.7013,12.8000,3.5000,-1.0000
1789088511.7683,12.8500,3.5000,-1.0000
1789088511.8345,12.9000,3.5000,-1.0000
1789088511.9003,12.9500,3.5000,-1.0000
1789088511.9665,13.0000,3.5000,-1.0000
1789088512.0340,13.0500,3.5000,-1.0000
1789088512.1048,13.1000,3.5000,-1.0000
1789088512.1704,13.1500,3.5000,-1.0000
1789088512.2355,13.2000,3.5000,-1.0000
1789088512.3030,13.2500,3.5000,-1.0000
1789088512.3690,13.3000,3.5000,-1.0000
1789088512.4345,13.3500,3.5000,-1.0000
1789088512.5019,13.4000,3.5000,-1.0000
1789088512.5692,13.4500,3.5000,-1.0000
1789088512.6359,13.5000,3.5000,-1.0000
1789088512.7033,13.5500,3.5000,-1.0000
1789088512.7694,13.6000,3.5000,-1.0000
1789088512.8405,13.6500,3.5000,-1.0000
1789088512.9118,13.7000,3.5000,-1.0000
1789088512.9780,13.7500,3.5000,-1.0000
1789088513.0454,13.8000,3.5000,-1.0000
1789088513.1115,13.8500,3.5000,-1.0000
1789088513.1774,13.9000,3.5000,-1.0000
1789088513.2436,13.9500,3.5000,-1.0000
1789088513.3109,14.0000,3.5000,-1.0000
1789088513.3793,14.0500,3.5000,-1.0000
1789088513.4452,14.1000,3.5000,-1.0000
1789088513.5119,14.1500,3.5000,-1.0000
1789088513.5780,14.2000,3.5000,-1.0000
1789088513.6459,14.2500,3.5000,-1.0000
1789088513.7113,14.3000,3.5000,-1.0000
1789088513.7775,14.3500,3.5000,-1.0000
1789088513.8431,14.4000,3.5000,-1.0000
1789088513.9102,14.4500,3.5000,-1.0000
1789088513.9777,14.5000,3.5000,-1.0000
1789088514.0453,14.5500,3.5000,-1.0000
1789088514.1111,14.6000,3.5000,-1.0000
1789088514.1773,14.6500,3.5000,-1.0000
1789088514.2444,14.7000,3.5000,-1.0000
1789088514.3130,14.7500,3.5000,-1.0000
1789088514.3781,14.8000,3.5000,-1.0000
1789088514.4440,14.8500,3.5000,-1.0000
1789088514.5129,14.9000,3.5000,-1.0000
1789088514.5783,14.9500,3.5000,-1.0000
1789088514.6442,15.0000,3.5000,-1.0000
1789088514.7125,15.0500,3.5000,-1.0000
1789088514.7778,15.1000,3.5000,-1.0000
1789088514.8441,15.1500,3.5000,-1.0000
1789088514.9126,15.2000,3.5000,-1.0000
1789088514.9778,15.2500,3.5000,-1.0000
1789088515.0461,15.3000,3.5000,-1.0000
1789088515.1118,15.3500,3.5000,-1.0000
1789088515.1776,15.4000,3.5000,-1.0000
1789088515.2443,15.4500,3.5000,-1.0000
1789088515.3115,15.5000,3.5000,-1.0000
1789088515.3797,15.5500,3.5000,-1.0000
1789088515.4456,15.6000,3.5000,-1.0000
1789088515.5113,15.6500,3.5000,-1.0000
1789088515.5790,15.7000,3.5000,-1.0000
1789088515.6451,15.7500,3.5000,-1.0000
1789088515.7109,15.8000,3.5000,-1.0000
1789088515.7794,15.8500,3.5000,-1.0000
1789088515.8455,15.9000,3.5000,-1.0000
1789088515.9124,15.9500,3.5000,-1.0000
1789088515.9792,16.0000,3.5000,-1.0000
1789088516.0455,16.0500,3.5000,-1.0000
1789088516.1113,16.1000,3.5000,-1.0000
1789088516.1770,16.1500,3.5000,-1.0000
1789088516.2444,16.2000,3.5000,-1.0000
1789088516.3110,16.2500,3.5000,-1.0000
1789088516.3790,16.3000,3.5000,-1.0000
1789088516.4452,16.3500,3.5000,-1.0000
1789088516.5126,16.4000,3.5000,-1.0000
1789088516.5784,16.4500,3.5000,-1.0000
1789088516.6448,16.5000,3.5000,-1.0000
1789088516.7111,16.5500,3.5000,-1.0000
1789088516.7789,16.6000,3.5000,-1.0000
1789088516.8451,16.6500,3.5000,-1.0000
1789088516.9101,16.7000,3.5000,-1.0000
1789088516.9778,16.7500,3.5000,-1.0000
1789088517.0460,16.8000,3.5000,-1.0000
1789088517.1116,16.8500,3.5000,-1.0000
1789088517.1801,16.9000,3.5000,-1.0000
1789088517.2454,16.9500,3.5000,-1.0000
1789088517.3115,17.0000,3.5000,-1.0000
1789088517.3780,17.0500,3.5000,-1.0000
1789088517.4461,17.1000,3.5000,-1.0000
1789088517.5122,17.1500,3.5000,-1.0000
1789088517.5793,17.2000,3.5000,-1.0000
1789088517.6462,17.2500,3.5000,-1.0000
1789088517.7121,17.3000,3.5000,-1.0000
1789088517.7783,17.3500,3.5000,-1.0000
1789088517.8468,17.4000,3.5000,-1.0000
1789088517.9129,17.4500,3.5000,-1.0000
1789088517.9796,17.5000,3.5000,-1.0000
1789088518.0463,17.5500,3.5000,-1.0000
1789088518.1130,17.6000,3.5000,-1.0000
1789088518.1794,17.6500,3.5000,-1.0000
1789088518.2465,17.7000,3.5000,-1.0000
1789088518.3123,17.7500,3.5000,-1.0000
1789088518.3784,17.8000,3.5000,-1.0000
1789088518.4448,17.8500,3.5000,-1.0000
1789088518.5129,17.9000,3.5000,-1.0000
1789088518.5791,17.9500,3.5000,-1.0000
1789088518.6449,18.0000,3.5000,-1.0000
1789088518.7114,18.0500,3.5000,-1.0000
1789088518.7782,18.1000,3.5000,-1.0000
1789088518.8469,18.1500,3.5000,-1.0000
1789088518.9129,18.2000,3.5000,-1.0000
1789088518.9788,18.2500,3.5000,-1.0000
1789088519.0464,18.3000,3.5000,-1.0000
1789088519.1147,18.3500,3.5000,-1.0000
1789088519.1801,18.4000,3.5000,-1.0000
1789088519.2460,18.4500,3.5000,-1.0000
1789088519.3123,18.5000,3.5000,-1.0000
1789088519.3785,18.5500,3.5000,-1.0000
1789088519.4459,18.6000,3.5000,-1.0000
1789088519.5115,18.6500,3.5000,-1.0000
1789088519.5778,18.7000,3.5000,-1.0000
1789088519.6469,18.7500,3.5000,-1.0000
1789088519.7125,18.8000,3.5000,-1.0000
1789088519.7790,18.8500,3.5000,-1.0000
1789088519.8455,18.9000,3.5000,-1.0000
1789088519.9146,18.9500,3.5000,-1.0000
1789088519.9818,19.0000,3.5000,-1.0000
1789088520.0475,19.0500,3.5000,-1.0000
1789088520.1132,19.1000,3.5000,-1.0000
1789088520.1791,19.1500,3.5000,-1.0000
1789088520.2458,19.2000,3.5000,-1.0000
1789088520.3121,19.2500,3.5000,-1.0000
1789088520.3787,19.3000,3.5000,-1.0000
1789088520.4453,19.3500,3.5000,-1.0000
1789088520.5127,19.4000,3.5000,-1.0000
1789088520.5808,19.4500,3.5000,-1.0000
1789088520.6472,19.5000,3.5000,-1.0000
1789088520.7133,19.5500,3.5000,-1.0000
1789088520.7808,19.6000,3.5000,-1.0000
1789088520.8471,19.6500,3.5000,-1.0000
1789088520.9134,19.7000,3.5000,-1.0000
1789088520.9803,19.7500,3.5000,-1.0000
1789088521.0485,19.8000,3.5000,-1.0000
1789088521.1141,19.8500,3.5000,-1.0000
1789088521.1802,19.9000,3.5000,-1.0000
1789088521.2463,19.9500,3.5000,-1.0000
1789088521.3130,20.0000,3.5000,-1.0000
1789088521.3809,20.0500,3.5000,-1.0000
1789088521.4464,20.1000,3.5000,-1.0000
1789088521.5126,20.1500,3.5000,-1.0000
1789088521.5798,20.2000,3.5000,-1.0000
1789088521.6455,20.2500,3.5000,-1.0000
1789088521.7131,20.3000,3.5000,-1.0000
1789088521.7798,20.3500,3.5000,-1.0000
1789088521.8458,20.4000,3.5000,-1.0000
1789088521.9122,20.4500,3.5000,-1.0000
1789088521.9789,20.5000,3.5000,-1.0000
1789088522.0446,20.5500,3.5000,-1.0000
1789088522.1134,20.6000,3.5000,-1.0000
1789088522.1793,20.6500,3.5000,-1.0000
1789088522.2462,20.7000,3.5000,-1.0000
1789088522.3138,20.7500,3.5000,-1.0000
1789088522.3795,20.8000,3.5000,-1.0000
1789088522.4466,20.8500,3.5000,-1.0000
1789088522.5158,20.9000,3.5000,-1.0000
1789088522.5810,20.9500,3.5000,-1.0000
1789088522.6468,21.0000,3.5000,-1.0000
1789088522.7123,21.0500,3.5000,-1.0000
1789088522.7788,21.1000,3.5000,-1.0000
1789088522.8489,21.1500,3.5000,-1.0000
1789088522.9159,21.2000,3.5000,-1.0000
1789088522.9831,21.2500,3.5000,-1.0000
1789088523.0500,21.3000,3.5000,-1.0000
1789088523.1156,21.3500,3.5000,-1.0000
1789088523.1816,21.4000,3.5000,-1.0000
1789088523.2513,21.4500,3.5000,-1.0000
1789088523.3206,21.5000,3.5000,-1.0000
1789088523.3859,21.5500,3.5000,-1.0000
1789088523.4512,21.6000,3.5000,-1.0000
1789088523.5178,21.6500,3.5000,-1.0000
1789088523.5847,21.7000,3.5000,-1.0000
1789088523.6524,21.7500,3.5000,-1.0000
1789088523.7208,21.8000,3.5000,-1.0000
1789088523.7928,21.8500,3.5000,-1.0000
1789088523.8636,21.9000,3.5000,-1.0000
1789088523.9288,21.9500,3.5000,-1.0000
1789088523.9946,22.0000,3.5000,-1.0000
1789088524.0631,22.0500,3.5000,-1.0000
1789088524.1285,22.1000,3.5000,-1.0000
1789088524.1945,22.1500,3.5000,-1.0000
1789088524.2633,22.2000,3.5000,-1.0000
1789088524.3289,22.2500,3.5000,-1.0000
1789088524.3950,22.3000,3.5000,-1.0000
1789088524.4628,22.3500,3.5000,-1.0000
1789088524.5283,22.4000,3.5000,-1.0000
1789088524.5942,22.4500,3.5000,-1.0000
1789088524.6609,22.5000,3.5000,-1.0000
1789088524.7301,22.5500,3.5000,-1.0000
1789088524.7954,22.6000,3.5000,-1.0000
1789088524.8616,22.6500,3.5000,-1.0000
1789088524.9292,22.7000,3.5000,-1.0000
1789088524.9946,22.7500,3.5000,-1.0000
1789088525.0610,22.8000,3.5000,-1.0000
1789088525.1283,22.8500,3.5000,-1.0000
1789088525.1968,22.9000,3.5000,-1.0000
1789088525.2624,22.9500,3.5000,-1.0000
1789088525.3277,23.0000,3.5000,-1.0000
1789088525.3943,23.0500,3.5000,-1.0000
1789088525.4616,23.1000,3.5000,-1.0000
1789088525.5298,23.1500,3.5000,-1.0000
1789088525.5953,23.2000,3.5000,-1.0000
1789088525.6609,23.2500,3.5000,-1.0000
1789088525.7304,23.3000,3.5000,-1.0000
1789088525.7956,23.3500,3.5000,-1.0000
1789088525.8613,23.4000,3.5000,-1.0000
1789088525.9303,23.4500,3.5000,-1.0000
1789088525.9958,23.5000,3.5000,-1.0000
1789088526.0620,23.5500,3.5000,-1.0000
1789088526.1305,23.6000,3.5000,-1.0000
1789088526.1961,23.6500,3.5000,-1.0000
1789088526.2618,23.7000,3.5000,-1.0000
1789088526.3306,23.7500,3.5000,-1.0000
1789088526.3963,23.8000,3.5000,-1.0000
1789088526.4624,23.8500,3.5000,-1.0000
1789088526.5301,23.9000,3.5000,-1.0000
1789088526.5963,23.9500,3.5000,-1.0000
1789088526.6623,24.0000,3.5000,-1.0000
1789088526.7288,24.0500,3.5000,-1.0000
1789088526.7955,24.1000,3.5000,-1.0000
1789088526.8617,24.1500,3.5000,-1.0000
1789088526.9285,24.2000,3.5000,-1.0000
1789088526.9957,24.2500,3.5000,-1.0000
1789088527.0633,24.3000,3.5000,-1.0000
1789088527.1291,24.3500,3.5000,-1.0000
1789088527.1950,24.4000,3.5000,-1.0000
1789088527.2628,24.4500,3.5000,-1.0000
1789088527.3304,24.5000,3.5000,-1.0000
1789088527.3956,24.5500,3.5000,-1.0000
1789088527.4621,24.6000,3.5000,-1.0000
1789088527.5296,24.6500,3.5000,-1.0000
1789088527.5954,24.7000,3.5000,-1.0000
1789088527.6615,24.7500,3.5000,-1.0000
1789088527.7375,24.8000,3.5000,-1.0000
1789088527.8033,24.8500,3.5000,-1.0000
1789088527.8693,24.9000,3.5000,-1.0000
1789088527.9346,24.9500,3.5000,-1.0000
1789088528.0012,25.0000,3.5000,-1.0000
1789088528.0679,25.0500,3.5000,-1.0000
1789088528.1334,25.1000,3.5000,-1.0000
1789088528.2039,25.1500,3.5000,-1.0000
1789088528.2715,25.2000,3.5000,-1.0000
1789088528.3388,25.2500,3.5000,-1.0000
1789088528.4054,25.3000,3.5000,-1.0000
1789088528.4738,25.3500,3.5000,-1.0000
1789088528.5451,25.4000,3.5000,-1.0000
1789088528.6110,25.4500,3.5000,-1.0000
1789088528.6769,25.5000,3.5000,-1.0000
1789088528.7460,25.5500,3.5000,-1.0000
1789088528.8117,25.6000,3.5000,-1.0000
1789088528.8774,25.6500,3.5000,-1.0000
1789088528.9436,25.7000,3.5000,-1.0000
1789088529.0105,25.7500,3.5000,-1.0000
1789088529.0783,25.8000,3.5000,-1.0000
1789088529.1459,25.8500,3.5000,-1.0000
1789088529.2121,25.9000,3.5000,-1.0000
1789088529.2785,25.9500,3.5000,-1.0000
1789088529.3452,26.0000,3.5000,-1.0000
1789088529.4113,26.0500,3.5000,-1.0000
1789088529.4774,26.1000,3.5000,-1.0000
1789088529.5447,26.1500,3.5000,-1.0000
1789088529.6136,26.2000,3.5000,-1.0000
1789088529.6807,26.2500,3.5000,-1.0000
1789088529.7483,26.3000,3.5000,-1.0000
1789088529.8162,26.3500,3.5000,-1.0000
1789088529.8835,26.4000,3.5000,-1.0000
1789088529.9512,26.4500,3.5000,-1.0000
1789088530.0184,26.5000,3.5000,-1.0000
1789088530.0848,26.5500,3.5000,-1.0000
1789088530.1514,26.6000,3.5000,-1.0000
1789088530.2171,26.6500,3.5000,-1.0000
1789088530.2845,26.7000,3.5000,-1.0000
1789088530.3518,26.7500,3.5000,-1.0000
1789088530.4188,26.8000,3.5000,-1.0000
1789088530.4920,26.8500,3.5000,-1.0000
1789088530.5600,26.9000,3.5000,-1.0000
1789088530.6265,26.9500,3.5000,-1.0000
1789088530.6929,27.0000,3.5000,-1.0000
1789088530.7593,27.0500,3.5000,-1.0000
1789088530.8258,27.1000,3.5000,-1.0000
1789088530.8927,27.1500,3.5000,-1.0000
1789088530.9628,27.2000,3.5000,-1.0000
1789088531.0294,27.2500,3.5000,-1.0000
1789088531.0965,27.3000,3.5000,-1.0000
1789088531.1627,27.3500,3.5000,-1.0000
1789088531.2316,27.4000,3.5000,-1.0000
1789088531.2983,27.4500,3.5000,-1.0000
1789088531.3643,27.5000,3.5000,-1.0000
1789088531.4305,27.5500,3.5000,-1.0000
1789088531.4964,27.6000,3.5000,-1.0000
1789088531.5625,27.6500,3.5000,-1.0000
1789088531.6298,27.7000,3.5000,-1.0000
1789088531.6953,27.7500,3.5000,-1.0000
1789088531.7606,27.8000,3.5000,-1.0000
1789088531.8282,27.8500,3.5000,-1.0000
1789088531.8948,27.9000,3.5000,-1.0000
1789088531.9609,27.9500,3.5000,-1.0000
1789088532.0273,28.0000,3.5000,-1.0000
1789088532.0942,28.0500,3.5000,-1.0000
1789088532.1609,28.1000,3.5000,-1.0000
1789088532.2275,28.1500,3.5000,-1.0000
1789088532.2952,28.2000,3.5000,-1.0000
1789088532.3616,28.2500,3.5000,-1.0000
1789088532.4276,28.3000,3.5000,-1.0000
1789088532.4946,28.3500,3.5000,-1.0000
1789088532.5610,28.4000,3.5000,-1.0000
1789088532.6280,28.4500,3.5000,-1.0000
1789088532.6949,28.5000,3.5000,-1.0000
1789088532.7608,28.5500,3.5000,-1.0000
1789088532.8272,28.6000,3.5000,-1.0000
1789088532.8931,28.6500,3.5000,-1.0000
1789088532.9598,28.7000,3.5000,-1.0000
1789088533.0267,28.7500,3.5000,-1.0000
1789088533.0936,28.8000,3.5000,-1.0000
1789088533.1610,28.8500,3.5000,-1.0000
1789088533.2279,28.9000,3.5000,-1.0000
1789088533.2961,28.9500,3.5000,-1.0000
1789088533.3626,29.0000,3.5000,-1.0000
1789088533.4287,29.0500,3.5000,-1.0000
1789088533.4946,29.1000,3.5000,-1.0000
1789088533.5604,29.1500,3.5000,-1.0000
1789088533.6277,29.2000,3.5000,-1.0000
1789088533.6946,29.2500,3.5000,-1.0000
1789088533.7615,29.3000,3.5000,-1.0000
1789088533.8278,29.3500,3.5000,-1.0000
1789088533.8940,29.4000,3.5000,-1.0000
1789088533.9614,29.4500,3.5000,-1.0000
1789088534.0282,29.5000,3.5000,-1.0000
1789088534.0953,29.5500,3.5000,-1.0000
1789088534.1621,29.6000,3.5000,-1.0000
1789088534.2296,29.6500,3.5000,-1.0000
1789088534.2954,29.7000,3.5000,-1.0000
1789088534.3604,29.7500,3.5000,-1.0000
1789088534.4274,29.8000,3.5000,-1.0000
1789088534.4941,29.8500,3.5000,-1.0000
1789088534.5610,29.9000,3.5000,-1.0000
1789088534.6274,29.9500,3.5000,-1.0000
1789088534.6952,30.0000,3.5000,-1.0000
1789088534.7631,30.0500,3.5000,-1.0000
1789088534.8293,30.1000,3.5000,-1.0000
1789088534.8952,30.1500,3.5000,-1.0000
1789088534.9607,30.2000,3.5000,-1.0000
1789088535.0285,30.2500,3.5000,-1.0000
1789088535.0961,30.3000,3.5000,-1.0000
1789088535.1643,30.3500,3.5000,-1.0000
1789088535.2308,30.4000,3.5000,-1.0000
1789088535.2982,30.4500,3.5000,-1.0000
1789088535.3656,30.5000,3.5000,-1.0000
1789088535.4334,30.5500,3.5000,-1.0000
1789088535.5090,30.6000,3.5000,-1.0000
1789088535.5763,30.6500,3.5000,-1.0000
1789088535.6422,30.7000,3.5000,-1.0000
