applied_lat_ms,applied_t,cmd_vx,cmd_yaw,conf,event,frame_age,frame_count,fw_ts,infer_ms,pitch,px,py,pz,roll,round_trip_ms,size,size_bucket,streak,t,t_proc,torn_frames,tracking,vis_gate,wall,x,x_bin,x_soft,yaw
154.9422920215875,12.826036666985601,0.0,0.0,0.42893470074643486,,0.047502375033218414,151,15736,1.7429589643143117,0.0,1.586134381389298e-13,5.639842434214393e-13,0.8631424903869629,0.0,2.213125000707805,0.125,0,0,12.721715499996208,12.718596749997232,0,0,0,1789192602.713475,-0.6666666666666667,1,-0.28645837186541573,0.0
154.686791007407,12.987656332959887,0.0,0.0,0.3532563753433732,,0.04188266600249335,153,15886,0.721332966350019,0.0,1.6255805024550235e-13,5.753135056026093e-13,0.8529926538467407,0.0,0.8603330352343619,0.125,0,0,12.876228124951012,12.874852207954973,0,0,0,1789192602.8679738,-0.6666666666666667,1,-0.2784247314542766,0.0
153.24633294949308,13.15081287495559,0.0,0.0,0.2793208786837507,,0.03660754096927121,155,16085,0.9525420027785003,0.0,1.6844033492221383e-13,5.920809632506407e-13,0.8395215272903442,0.0,1.1724999640136957,0.125,0,0,13.035877124988474,13.034174082975369,0,0,0,1789192603.027613,-0.6666666666666667,1,-0.19761951638822695,0.0
160.1657080464065,13.324608583003283,0.0,0.0,0.23686975845191718,,0.027180958015378565,157,16236,1.0089580318890512,0.0,1.7285592445251408e-13,6.04580025365814e-13,0.8312419652938843,0.0,1.2154579744674265,0.125,0,0,13.193413332977798,13.191623832972255,0,0,0,1789192603.18514,-0.6666666666666667,1,-0.1979853344844703,0.0
159.22208299161866,13.49234112497652,0.0,0.0,0.3471735442134733,,0.021521540998946875,159,16386,1.0382079635746777,0.0,1.770788648092908e-13,6.164678142961399e-13,0.8245582580566406,0.0,1.2457499979063869,0.125,0,0,13.356652791961096,13.354640582983848,0,0,0,1789192603.348369,-0.6666666666666667,1,-0.1664775088647611,0.0
153.32845802186057,13.656820332980715,0.0,0.0,0.34927186111019665,,0.01305916701676324,161,16535,1.2270830338820815,0.0,1.8242418480755168e-13,6.314397789364268e-13,0.8183659911155701,0.0,1.4397500199265778,0.125,0,0,13.518717291997746,13.516551041975617,0,0,0,1789192603.5104241,-0.6666666666666667,1,-0.15121900402518695,0.0
153.50133401807398,13.742336916970089,0.0,0.0,0.41413544692020654,,0.0849265000433661,162,16686,1.0877909953705966,0.0,1.874774071880178e-13,6.455236193671221e-13,0.8142882585525513,0.0,1.3070829445496202,0.125,0,0,13.675765833002515,13.673762082995381,0,0,0,1789192603.6674619,-0.6666666666666667,1,-0.12206720702363937,0.0
159.83487502671778,13.919772833003663,0.0,0.0,0.4352968101887454,,0.06861449999269098,164,16835,0.9719579829834402,0.0,1.923489037318482e-13,6.590444336096457e-13,0.8117185831069946,0.0,1.1787090334109962,0.125,0,0,13.830364374967758,13.828552457969636,0,0,0,1789192603.822052,-0.6666666666666667,1,-0.0655369300867443,0.0
160.1970000192523,14.087875958008226,0.0,0.0,0.3867359309750732,,0.05631008400814608,166,17035,1.9413340487517416,0.0,2.0010051558425057e-13,6.804722800859975e-13,0.8100076913833618,0.0,2.2192089818418026,0.125,0,0,13.987596874998417,13.98398904199712,0,0,0,1789192603.979274,-0.6666666666666667,1,-0.15891599597538664,0.0
155.6865419843234,14.253095124964602,0.0,0.0,0.4332229798467607,,0.044343542016576976,168,17193,1.0629579774104059,0.0,2.0590660795329063e-13,6.964679484175451e-13,0.8099421262741089,0.0,1.2620000052265823,0.125,0,0,14.143728416995145,14.141752124996856,0,0,0,1789192604.135396,-0.6666666666666667,1,-0.1283538754011173,0.0
158.70995802106336,14.422725624986924,0.0,0.0,0.4589415272122576,,0.03376695798942819,170,17336,1.0072499862872064,0.0,2.1176536544285918e-13,7.125725790674275e-13,0.8106752038002014,0.0,1.1668329825624824,0.125,0,0,14.299669875006657,14.297782624955289,0,0,0,1789192604.291328,-0.6666666666666667,1,-0.07431462896378853,0.0
154.4285409618169,14.587690332962666,0.0,0.0,0.3561084507684964,,0.019496124994475394,172,17486,1.0819159797392786,0.0,2.1788839721197106e-13,7.293723459401991e-13,0.811957597732544,0.0,1.268249994609505,0.125,0,0,14.454815999954008,14.452757916995324,0,0,0,1789192604.446466,-0.6666666666666667,1,-0.12075857380103001,0.0
156.10287501476705,14.759030541987158,0.0,0.0,0.3880237346982527,,0.010793082998134196,174,17635,1.0778330033645034,0.0,2.246999109131384e-13,7.480289716636779e-13,0.8136392831802368,0.0,1.2777079828083515,0.125,0,0,14.615796457976103,14.613720749970526,0,0,0,1789192604.607438,-0.6666666666666667,1,-0.13171097310704044,0.0
158.2302909810096,14.846052832959685,0.0,0.0,0.3505519688604134,,0.08163587498711422,175,17787,1.0337079875171185,0.0,2.312935541877448e-13,7.660602295740671e-13,0.815333902835846,0.0,1.2583750067278743,0.125,0,0,14.77127233298961,14.76945841696579,0,0,0,1789192604.7629042,-0.6666666666666667,1,-0.1006072150434843,0.0
153.99258403340355,15.01285816699965,0.0,0.0,0.3526596744163191,,0.07380345900310203,177,17985,1.2229580315761268,0.0,2.4018368674147417e-13,7.90328089431136e-13,0.8174411654472351,0.0,1.4424999826587737,0.125,0,0,14.934759416966699,14.932669041969348,0,0,0,1789192604.926382,-0.6666666666666667,1,-0.1569978859340978,0.0
155.67587496479973,15.185029374959413,0.0,0.0,0.3637016003250603,,0.05907237500650808,179,18136,1.1682910262607038,0.0,2.47713037148517e-13,8.108459650241207e-13,0.8188605308532715,0.0,1.3694579829461873,0.125,0,0,15.09055870800512,15.088425875001121,0,0,0,1789192605.0821729,-0.6666666666666667,1,-0.099918031804694,0.0
157.46504202252254,15.35507150000194,0.0,0.0,0.3396510551519984,,0.045790333999320865,181,18286,1.2760410318151116,0.0,2.5508341641201915e-13,8.308998562973902e-13,0.8198654055595398,0.0,1.4976250240579247,0.125,0,0,15.245684041990899,15.24339679197874,0,0,0,1789192605.23729,-0.6666666666666667,1,-0.15849364240317523,0.0
153.1850410392508,15.519807083008345,0.0,0.0,0.330383078653591,,0.038756499998271465,183,18435,1.2347910087555647,0.0,2.627401334692747e-13,8.517015218090229e-13,0.8205057978630066,0.0,1.4596249675378203,0.125,0,0,15.407708041951992,15.405378541967366,0,0,0,1789192605.399306,-0.6666666666666667,1,-0.17639410694394492,0.0
156.38666599988937,15.693659582990222,0.0,0.0,0.30495197109797834,,0.027813958004117012,185,18586,1.2460419675335288,0.0,2.7040319310923933e-13,8.724918574079532e-13,0.8207874298095703,0.0,1.4725839719176292,0.125,0,0,15.567424332955852,15.56508687499445,0,0,0,1789192605.5590138,-0.6666666666666667,1,-0.15904311687970463,0.0
153.42966601019725,15.861716207989957,0.0,0.0,0.3362784228545399,,0.01162804098566994,187,18736,1.042500021867454,0.0,2.784486779604939e-13,8.942925068013141e-13,0.8207022547721863,0.0,1.2246670085005462,0.125,0,0,15.721915874979459,15.71991458296543,0,0,0,1789192605.713496,-0.6666666666666667,1,-0.16133028770884683,0.0
154.37616704730317,16.027145667001605,0.0,0.0,0.3332795731242481,,0.0018455420504324138,189,18894,0.8832910098135471,0.0,2.872853051370111e-13,9.18208759893846e-13,0.8202533721923828,0.0,1.029832987114787,0.125,0,0,15.87617845798377,15.874615042004734,0,0,0,1789192605.867751,-0.6666666666666667,1,-0.16849505155958538,0.0
160.47216701554134,16.11775687499903,0.0,0.0,0.31466382323502085,,0.07185216702055186,190,19037,1.3509999844245613,0.0,2.9637251854064406e-13,9.427764558617158e-13,0.8194311261177063,0.0,1.6768750501796603,0.125,0,0,16.031681874999776,16.029136875004042,0,0,0,1789192606.023248,-0.6666666666666667,1,-0.10524829620942695,0.0
161.512374994345,16.28905370796565,0.0,0.0,0.3197130775484551,,0.055991250032093376,192,19185,1.212958013638854,0.0,3.053368647330801e-13,9.669806188411512e-13,0.8185058236122131,0.0,1.3897499884478748,0.125,0,0,16.185772166994866,16.183532583003398,0,0,0,1789192606.1773288,-0.6666666666666667,1,-0.1145662875175489,0.0
153.2072910340503,16.448136207996868,0.0,0.0,0.30871360281811944,,0.04598658299073577,194,19338,1.1956660309806466,0.0,3.1489036638604473e-13,9.92737034070934e-13,0.8173744082450867,0.0,1.3839589664712548,0.125,0,0,16.343152624962386,16.340915499953553,0,0,0,1789192606.334702,-0.6666666666666667,1,-0.1680393622274362,0.0
162.2416250174865,16.62666458298918,0.0,0.0,0.33029415802614154,,0.03172100003575906,196,19535,1.014667039271444,0.0,3.266652627651606e-13,1.0244207825776952e-12,0.8159697651863098,0.0,1.1674160487018526,0.125,0,0,16.49799962498946,16.49614395800745,0,0,0,1789192606.4895418,-0.6666666666666667,1,-0.146340978086468,0.0
156.02770901750773,16.789239917008672,0.0,0.0,0.4273600475915208,,0.02347695897333324,198,19687,1.193040981888771,0.0,3.368640544461343e-13,1.051812499944238e-12,0.8147938847541809,0.0,1.3746250187978148,0.125,0,0,16.658796417003032,16.656689166964497,0,0,0,1789192606.65033,-0.6666666666666667,1,-0.09559324588031515,0.0
153.47983298124745,16.95839658298064,0.0,0.0,0.39482202464546995,,0.012833291955757886,200,19836,1.011249958537519,0.0,3.4583046062269807e-13,1.0758476358049829e-12,0.8138344883918762,0.0,1.1735840234905481,0.125,0,0,16.819594457978383,16.81775004195515,0,0,0,1789192606.811121,-0.6666666666666667,1,-0.11893040653442759,0.0
153.91533297952265,17.127086207969114,0.0,0.0,0.38778513389926794,,0.005041749973315746,202,19992,0.8517910027876496,0.0,3.573238710127824e-13,1.1065943083740648e-12,0.8127531409263611,0.0,1.0287910117767751,0.125,0,0,16.979912457987666,16.978212624962907,0,0,0,1789192606.971431,-0.6666666666666667,1,-0.13366933296573671,0.0
153.47412502160296,17.209960541978944,0.0,0.0,0.3765389686901095,,0.07606099999975413,203,20136,1.115166989620775,0.0,3.6679982510536e-13,1.1318857092920687e-12,0.8119872212409973,0.0,1.3194580096751451,0.125,0,0,17.13470995798707,17.132547416957095,0,0,0,1789192607.1262221,-0.6666666666666667,1,-0.14697851288378405,0.0
153.64345803391188,17.379391708003823,0.0,0.0,0.4065978295427293,,0.06768233299953863,205,20285,1.5481250011362135,0.0,3.7760292397222284e-13,1.160660001268965e-12,0.8112625479698181,0.0,1.855374954175204,0.125,0,0,17.2962727919803,17.29343058296945,0,0,0,1789192607.2877781,-0.6666666666666667,1,-0.09862280806866967,0.0
153.50462502101436,17.549015249998774,0.0,0.0,0.3738063711824878,,0.05442279198905453,207,20485,1.303749973885715,0.0,3.9236945940587797e-13,1.1998819906405833e-12,0.8104888796806335,0.0,1.5473749954253435,0.125,0,0,17.45214487495832,17.449933416966815,0,0,0,1789192607.4436429,-0.6666666666666667,1,-0.14569348168252827,0.0
153.67504197638482,17.713012416963466,0.0,0.0,0.4287377897217562,,0.04532049997942522,209,20636,0.8099579717963934,0.0,4.0404699442990466e-13,1.2308141702013775e-12,0.8100501298904419,0.0,0.9575840085744858,0.125,0,0,17.606181624985766,17.604657874966506,0,0,0,1789192607.597672,-0.6666666666666667,1,-0.054801161055263364,0.0
156.0017089941539,17.8740640420001,0.0,0.0,0.40630690899715804,,0.04065908398479223,211,20785,0.9846250177361071,0.0,4.166507633698857e-13,1.2641261735307774e-12,0.8097118139266968,0.0,1.1728329700417817,0.125,0,0,17.76056070800405,17.75872141699074,0,0,0,1789192607.7520452,-0.6666666666666667,1,-0.08856780710060924,0.0
156.60320804454386,18.031754249997903,0.0,0.0,0.3952543069231631,,0.037940458045341074,213,20936,1.0851669940166175,0.0,4.301579708751446e-13,1.2997435159395332e-12,0.8094825148582458,0.0,1.378666958771646,0.125,0,0,17.91514154197648,17.9130914999987,0,0,0,1789192607.906621,-0.6666666666666667,1,-0.1345194743814604,0.0
154.3874170165509,18.18785749998642,0.0,0.0,0.41389164897276504,,0.03433833399321884,215,21085,1.0865830117836595,0.0,4.4307027664836074e-13,1.333718942578277e-12,0.8093364834785461,0.0,1.274875015951693,0.125,0,0,18.06972320796922,18.06780841696309,0,0,0,1789192608.061194,-0.6666666666666667,1,-0.15104559565983194,0.0
163.00370800308883,18.359800582984462,0.0,0.0,0.4585422994770617,,0.026074749999679625,217,21238,0.9173749713227153,0.0,4.563560358598895e-13,1.368611387414509e-12,0.8092356324195862,0.0,1.090165984351188,0.125,0,0,18.224629707983695,18.222871624981053,0,0,0,1789192608.216094,-0.6666666666666667,1,-0.14499832774340515,0.0
154.7051669913344,18.51857612497406,0.0,0.0,0.5461445044735848,,0.02132320898817852,219,21386,1.0849999962374568,0.0,4.688796551542695e-13,1.4014434144421495e-12,0.8091635704040527,0.0,1.283499994315207,0.375,1,0,18.38722916698316,18.385194166970905,0,0,0,1789192608.378687,-0.6666666666666667,1,-0.11062358638338383,0.0
155.13516700593755,18.689452791993972,0.0,0.0,0.4983419016816809,,0.004841832967940718,221,21538,1.011375046800822,0.0,4.82511871170016e-13,1.4371307963112478e-12,0.809084951877594,0.0,1.197666977532208,0.125,0,0,18.540881041961256,18.539159457955975,0,0,0,1789192608.532332,-0.6666666666666667,1,-0.16093200363466487,0.0
156.1135839438066,18.77471591695212,0.0,0.0,0.4021443630757747,,0.07619370898464695,222,21686,1.1187079944647849,0.0,4.953857961863262e-13,1.4707804201971597e-12,0.809001624584198,0.0,1.3941670185886323,0.125,0,0,18.69692183297593,18.69479604199296,0,0,0,1789192608.6883671,-0.6666666666666667,1,-0.1480074865312898,0.0
160.29433300718665,18.94984224997461,0.0,0.0,0.4471389363927077,,0.06458466598996893,224,21885,2.0687500364147127,0.0,5.126853802606135e-13,1.5159154313770795e-12,0.808879017829895,0.0,2.5019999593496323,0.125,0,0,18.857404624985065,18.85413258295739,0,0,0,1789192608.8488462,-0.6666666666666667,1,-0.19154948932842325,0.0
161.60662495531142,19.120988499955274,0.0,0.0,0.43065862542318933,,0.050554332963656634,226,22038,1.3043329818174243,0.0,5.274858241172131e-13,1.5544623964761084e-12,0.8087412714958191,0.0,1.557915995363146,0.125,0,0,19.014982583001256,19.00993620796362,0,0,0,1789192609.0064151,-0.6666666666666667,1,-0.16238340095440712,0.0
153.99708301993087,19.2829547500005,0.0,0.0,0.43920367154923046,,0.037501208018511534,228,22187,1.0127919958904386,0.0,5.416591112271385e-13,1.5913096578293318e-12,0.8085734248161316,0.0,1.1750420089811087,0.125,0,0,19.168312457972206,19.16645887499908,0,0,0,1789192609.1597388,-0.6666666666666667,1,-0.15824124555759714,0.0
154.08704202855006,19.451973041985184,0.0,0.0,0.5200874174841777,,0.02583754202350974,230,22336,1.2218339834362268,0.0,5.560314036458236e-13,1.6286076220256573e-12,0.8083707690238953,0.0,1.413749996572733,0.375,1,0,19.326055541983806,19.323723541980144,0,0,0,1789192609.317476,-0.6666666666666667,1,-0.067747937457609,0.0
157.35012496588752,19.623878916958347,0.0,0.0,0.5173277858381147,,0.015483999974094331,232,22486,1.0954579920507967,0.0,5.707590975366494e-13,1.6667544081028218e-12,0.8081357479095459,0.0,1.2617919710464776,0.125,0,0,19.483949499961454,19.482012791966554,0,0,0,1789192609.4753642,-0.6666666666666667,1,-0.17813140538771538,0.0
155.45108303194866,19.79135795799084,0.0,0.0,0.481016297539691,,0.005281499994453043,234,22638,1.0504579986445606,0.0,5.861460405584551e-13,1.7065338942315322e-12,0.8078768849372864,0.0,1.2322909897193313,0.125,0,0,19.642998249968514,19.641188374953344,0,0,0,1789192609.6344068,-0.6666666666666667,1,-0.12973788189307695,0.0
162.1160419890657,19.883285916992463,0.0,0.0,0.4715415423292903,,0.07390866696368903,235,22786,1.2446669861674309,0.0,6.013763163663366e-13,1.7458292840902279e-12,0.807630181312561,0.0,1.4802499790675938,0.125,0,0,19.797323125007097,19.795078541967086,0,0,0,1789192609.788727,-0.6666666666666667,1,-0.1290285355864899,0.0
157.14362502330914,20.049481750000268,0.0,0.0,0.4836257957059987,,0.06467120797606185,237,22985,2.0652920356951654,0.0,6.222340351302869e-13,1.7995043389423815e-12,0.8073008060455322,0.0,2.3279580054804683,0.125,0,0,19.960423124954104,19.95700933295302,0,0,0,1789192609.9518201,-0.6666666666666667,1,-0.05188357196303155,0.0
158.25212496565655,20.21975837496575,0.0,0.0,0.49100700970766065,,0.05048920796252787,239,23140,1.1787920375354588,0.0,6.380507558932658e-13,1.8400986030037148e-12,0.8070539236068726,0.0,1.3517090119421482,0.125,0,0,20.1142394579947,20.11199545796262,0,0,0,1789192610.1056309,-0.6666666666666667,1,-0.13318402529144563,0.0
154.81466596247628,20.379779832961503,0.0,0.0,0.5031654297387221,,0.04381704097613692,241,23285,0.5184590118005872,0.0,6.540701682523908e-13,1.8811209100827453e-12,0.8068221807479858,0.0,0.6500830058939755,0.125,0,0,20.26971295796102,20.268782207975164,0,0,0,1789192610.261099,-0.6666666666666667,1,-0.1236464494273849,0.0
154.09799996996298,20.538700874953065,0.0,0.0,0.5189335291114872,,0.04070175002561882,243,23435,0.6631670403294265,0.0,6.715939111258395e-13,1.9258904367103202e-12,0.8065778613090515,0.0,0.7962500094436109,0.375,1,0,20.426616582961287,20.42530462500872,0,0,0,1789192610.4179971,-0.6666666666666667,1,-0.11230272248338397,0.0
158.5443330113776,20.706538875005208,0.0,0.0,0.5555424341327374,,0.03344741597538814,245,23586,0.8239159942604601,0.0,6.897741926248369e-13,1.9722264186367022e-12,0.806345522403717,0.0,0.9864159510470927,0.375,1,0,20.58299054199597,20.58144195796922,0,0,0,1789192610.5743659,-0.6666666666666667,1,-0.14692434766651663,0.0
159.5523749710992,20.874311707972083,0.0,0.0,0.5211407809156494,,0.021420584002044052,247,23736,0.9057919960469007,0.0,7.079815791781463e-13,2.0185144788270604e-12,0.8061304092407227,0.0,1.0657500242814422,0.375,1,0,20.73775366699556,20.736179917003028,0,0,0,1789192610.729124,-0.6666666666666667,1,-0.17438915339939176,0.0
153.7069589830935,21.037989416974597,0.0,0.0,0.5263544864893523,,0.009079792012926191,249,23885,1.0258329566568136,0.0,7.244039352746756e-13,2.0601582505913596e-12,0.8059569597244263,0.0,1.1972919455729425,0.375,1,0,20.89526904199738,20.89336225000443,0,0,0,1789192610.8866339,-0.6666666666666667,1,-0.17633647054570656,0.0
154.39558401703835,21.12339416699251,0.0,0.0,0.5480368984094078,,0.08107129199197516,250,24038,1.029666978865862,0.0,7.426797891951775e-13,2.1063955701200454e-12,0.8057894706726074,0.0,1.2102499604225159,0.125,0,0,21.051874707976822,21.05006987496745,0,0,0,1789192611.043235,-0.6666666666666667,1,-0.20580161996314333,0.0
154.39591702306643,21.291601167002227,0.0,0.0,0.4818692957152335,,0.06775674998061731,252,24185,1.0049580014310777,0.0,7.604229745883373e-13,2.1511713851202208e-12,0.8056444525718689,0.0,1.1582080041989684,0.125,0,0,21.206733124970924,21.204961999959778,0,0,0,1789192611.198088,-0.6666666666666667,1,-0.18299365609175233,0.0
157.3357920278795,21.463640375004616,0.0,0.0,0.5722464257970178,,0.0589592499891296,254,24385,1.2096670106984675,0.0,7.852899103558131e-13,2.2137359220048003e-12,0.8054609894752502,0.0,1.3962079538032413,0.125,0,0,21.36750954197487,21.365263832965866,0,0,0,1789192611.35886,-0.6666666666666667,1,-0.17838908177332502,0.0
158.23616704437882,21.631597667001188,0.0,0.0,0.4731444802811661,,0.04780770803336054,256,24535,1.2102089822292328,0.0,8.038885312630639e-13,2.2603887078059826e-12,0.8053337931632996,0.0,1.4020829694345593,0.125,0,0,21.52338274999056,21.52116920799017,0,0,0,1789192611.5147278,-0.6666666666666667,1,-0.15468356862041982,0.0
158.59083301620558,21.80134387500584,0.0,0.0,0.5098468618956825,,0.033123500004876405,258,24688,1.0759169817902148,0.0,8.243422220874375e-13,2.3115569788151324e-12,0.8052015900611877,0.0,1.2738340301439166,0.125,0,0,21.677899667003658,21.675876541994512,0,0,0,1789192611.66924,-0.6666666666666667,1,-0.13141822513081008,0.0
158.51754101458937,21.972085832967423,0.0,0.0,0.5687499253215507,,0.01781362504698336,260,24835,1.0566670098342001,0.0,8.41990648210722e-13,2.3555779722628234e-12,0.8050730228424072,0.0,1.2443330488167703,0.375,1,0,21.833337416988797,21.831381916999817,0,0,0,1789192611.824673,-0.6666666666666667,1,-0.13801313743670357,0.0
154.93733301991597,22.13814408297185,0.0,0.0,0.5391114920495882,,0.007577417010907084,262,24986,1.0241669951938093,0.0,8.626216060902969e-13,2.4069056209913287e-12,0.8049496412277222,0.0,1.1915829963982105,0.375,1,0,21.992701582959853,21.99078416696284,0,0,0,1789192611.984032,-0.6666666666666667,1,-0.18631762964021545,0.0
153.5410829819739,22.220948249974754,0.0,0.0,0.5064310805572969,,0.07842008298030123,263,25135,1.0104579851031303,0.0,8.824098678313075e-13,2.455995476435824e-12,0.8048359155654907,0.0,1.175624958705157,0.125,0,0,22.147769999981392,22.14582724997308,0,0,0,1789192612.139096,-0.6666666666666667,1,-0.12516353857948118,0.0
154.50270799919963,22.38734558300348,0.0,0.0,0.5044717380808741,,0.06923904200084507,265,25285,0.7868329994380474,0.0,9.028010001903286e-13,2.506434079382891e-12,0.8047080636024475,0.0,0.9212910081259906,0.375,1,0,22.303399208001792,22.302081917005125,0,0,0,1789192612.29472,-0.6666666666666667,1,-0.1666272224818332,0.0
158.94904203014448,22.55948337499285,0.0,0.0,0.4991458258388296,,0.057632625044789165,267,25485,1.262791978660971,0.0,9.323474067443605e-13,2.5792636255961288e-12,0.8045570850372314,0.0,1.4914169441908598,0.125,0,0,22.46043383295182,22.458166958007496,0,0,0,1789192612.451751,-0.6666666666666667,1,-0.20015899162415063,0.0
153.3582920092158,22.723089416977018,0.0,0.0,0.5287589442147494,,0.04485954198753461,269,25636,1.2382499990053475,0.0,9.533292124469517e-13,2.630791418045675e-12,0.8044517636299133,0.0,1.4520830009132624,0.125,0,0,22.616864749987144,22.614590666955337,0,0,0,1789192612.608178,-0.6666666666666667,1,-0.19961415577038355,0.0
155.67708300659433,22.89405349997105,0.0,0.0,0.5108513427926179,,0.03018212498864159,271,25786,1.0749159846454859,0.0,9.74504331396897e-13,2.6826316775613313e-12,0.8043330907821655,0.0,1.2767500011250377,0.125,0,0,22.770466374990065,22.768558541953098,0,0,0,1789192612.761775,-0.6666666666666667,1,-0.1669877168064916,0.0
155.2037910441868,23.062866332998965,0.0,0.0,0.5484848956703664,,0.018589416053146124,273,25935,1.0173750342801213,0.0,9.949193162037129e-13,2.732455971557468e-12,0.8042424917221069,0.0,1.1697920272126794,0.125,0,0,22.927981582994107,22.926251958007924,0,0,0,1789192612.919285,-0.6666666666666667,1,-0.1514107464578111,0.0
160.4302499908954,23.237236791988835,0.0,0.0,0.5843520710051489,,0.00431225000647828,275,26087,1.060625014360994,0.0,1.0196764222911159e-12,2.7926925095372868e-12,0.8041365146636963,0.0,1.2208330444991589,0.375,1,0,23.082927249954082,23.081118792004418,0,0,0,1789192613.0742269,-0.6666666666666667,1,-0.18991424943865284,0.0
153.72966701397672,23.315098416991532,0.0,0.0,0.5491816238602416,,0.07586804201127961,276,26237,1.1153329978697002,0.0,1.041581209303144e-12,2.845813862339952e-12,0.8040322065353394,0.0,1.3389170053415,0.125,0,0,23.23916991695296,23.237236791988835,0,0,0,1789192613.2304661,-0.6666666666666667,1,-0.21932957865021024,0.0
158.04383298382163,23.48923983296845,0.0,0.0,0.5230965215464353,,0.06386562500847504,278,26386,1.893417036626488,0.0,1.0645164220599024e-12,2.9012621298452057e-12,0.8039478659629822,0.0,2.1574589773081243,0.125,0,0,23.398050707997754,23.395061624993104,0,0,0,1789192613.389343,-0.6666666666666667,1,-0.17420090789189485,0.0
158.1376670510508,23.65712991700275,0.0,0.0,0.6188734721480698,,0.0540987920248881,280,26537,1.9207500154152513,0.0,1.0876415870372802e-12,2.956995108840954e-12,0.8038559556007385,0.0,2.3551249760203063,0.375,1,0,23.55619716696674,23.553091041976586,0,0,0,1789192613.547488,-0.6666666666666667,1,-0.18662579795880205,0.0
155.7318750419654,23.824050166993402,0.0,0.0,0.5333636655104188,,0.03882616601185873,282,26735,1.1598749551922083,0.0,1.1190282641487803e-12,3.032365591265629e-12,0.8037365674972534,0.0,1.418915984686464,0.125,0,0,23.709377374965698,23.707144457963295,0,0,0,1789192613.700662,-0.6666666666666667,1,-0.128038578012251,0.0
154.43804202368483,23.993473124981392,0.0,0.0,0.49909558040649177,,0.024444792012218386,284,26885,1.0379999876022339,0.0,1.1433094054824622e-12,3.090467552008258e-12,0.8036596179008484,0.0,1.2181249912828207,0.125,0,0,23.865440708003007,23.863479874969926,0,0,0,1789192613.856721,-0.6666666666666667,1,-0.17027407511027046,0.0
159.87550001591444,24.16874212498078,0.0,0.0,0.5598555595403859,,0.008645499998237938,286,27036,0.9927500505000353,0.0,1.1652659089381179e-12,3.1428455758014673e-12,0.8035703301429749,0.0,1.1355419992469251,0.375,1,0,24.01936737500364,24.017512124963105,0,0,0,1789192614.010643,-0.6666666666666667,1,-0.17923194449320634,0.0
158.98629202274606,24.2522682499839,0.0,0.0,0.4979399425581873,,0.07940383401000872,287,27185,0.9375829831697047,0.0,1.1916313205281859e-12,3.2055649367562777e-12,0.8034965991973877,0.0,1.1060410179197788,0.125,0,0,24.17428083298728,24.172685791971162,0,0,0,1789192614.1655529,-0.6666666666666667,1,-0.1593424275539374,0.0
156.79545799503103,24.415314374957234,0.0,0.0,0.5284584576707098,,0.07778679102193564,289,27340,0.8669160306453705,0.0,1.2177772895985428e-12,3.267576313692455e-12,0.8034113645553589,0.0,1.0020000045187771,0.125,0,0,24.33797804196365,24.33630570798414,0,0,0,1789192614.329246,-0.6666666666666667,1,-0.2065358570633372,0.0
154.22166598727927,24.581412707979325,0.0,0.0,0.5190840480083627,,0.0631384159787558,291,27489,1.2551670079119503,0.0,1.243434391909326e-12,3.3282532545947374e-12,0.8033382296562195,0.0,1.4907500008121133,0.125,0,0,24.492520041996613,24.4903294579708,0,0,0,1789192614.4837859,-0.6666666666666667,1,-0.25740921660265526,0.0
156.1508330050856,24.752369624970015,0.0,0.0,0.485232093775084,,0.05234120803652331,293,27635,1.219124998897314,0.0,1.2693577742736717e-12,3.389385343569029e-12,0.8032747507095337,0.0,1.421458029653877,0.125,0,0,24.650825958000496,24.648560000001453,0,0,0,1789192614.642088,-0.6666666666666667,1,-0.15735748493148816,0.0
154.38883297611028,24.91846183297457,0.0,0.0,0.5165247779072888,,0.040264332958031446,295,27786,1.247707987204194,0.0,1.2947647511432625e-12,3.449120763304725e-12,0.8031927347183228,0.0,1.4277499867603183,0.125,0,0,24.806606583006214,24.804337332956493,0,0,0,1789192614.797865,-0.6666666666666667,1,-0.1850477367443547,0.0
153.7629159865901,25.08208308299072,0.0,0.0,0.4884957911058709,,0.037369499972555786,297,27986,0.7350830128416419,0.0,1.3320005905551047e-12,3.5363847267211312e-12,0.8031109571456909,0.0,0.8817919879220426,0.125,0,0,24.967079832975287,24.965689666976687,0,0,0,1789192614.958334,-0.6666666666666667,1,-0.23551021942356765,0.0
160.70233401842415,25.249082916998304,0.0,0.0,0.5506739601591496,,0.03626112500205636,299,28136,0.5199999432079494,0.0,1.3607520058661615e-12,3.603531752507938e-12,0.8030311465263367,0.0,0.6477910210378468,0.125,0,0,25.12564216699684,25.124641707981937,0,0,0,1789192615.1168928,-0.6666666666666667,1,-0.23830746396514593,0.0
154.59887502947822,25.40324795799097,0.0,0.0,0.5544504052968335,,0.030814375029876828,301,28286,0.5169590003788471,0.0,1.3898212008339739e-12,3.6712213130618565e-12,0.8029799461364746,0.0,0.6334999925456941,0.375,1,0,25.280420374998357,25.27946345799137,0,0,0,1789192615.271668,-0.6666666666666667,1,-0.19525281651108106,0.0
154.24379199976102,25.564933499961626,0.0,0.0,0.5056272682205558,,0.02444891701452434,303,28435,0.6699999794363976,0.0,1.4180196730370631e-12,3.736691511768697e-12,0.802903950214386,0.0,0.8002500399015844,0.125,0,0,25.436423667008057,25.43513862497639,0,0,0,1789192615.4276679,-0.6666666666666667,1,-0.22768633870119048,0.0
154.95954197831452,25.73199979198398,0.0,0.0,0.5046727036229486,,0.013581832987256348,305,28585,0.8867090218700469,0.0,1.4481658060228053e-12,3.806492013952445e-12,0.8028479814529419,0.0,1.04825000744313,0.125,0,0,25.592306041973643,25.590622082992923,0,0,0,1789192615.5835469,-0.6666666666666667,1,-0.2058524408973853,0.0
157.0602499996312,25.90219191700453,0.0,0.0,0.5011556464609045,,0.005586499988567084,307,28736,1.0051249992102385,0.0,1.47793788925904e-12,3.875225661198467e-12,0.8027865290641785,0.0,1.152917044237256,0.125,0,0,25.752491582999937,25.750718166993465,0,0,0,1789192615.7437289,-0.6666666666666667,1,-0.17136932492312829,0.0
153.5956659936346,25.982259332959075,0.0,0.0,0.498643372459217,,0.07709000003524125,308,28935,1.3079590280540287,0.0,1.5150717052464513e-12,3.9606863795615954e-12,0.8027111887931824,0.0,1.5144579811021686,0.125,0,0,25.907903749961406,25.90575366700068,0,0,0,1789192615.8991392,-0.6666666666666667,1,-0.1779045120672119,0.0
153.86529196985066,26.152235374960583,0.0,0.0,0.5279576010378771,,0.06465504196239635,310,29086,1.0620839893817902,0.0,1.5459638777470808e-12,4.031597972131706e-12,0.8026580810546875,0.0,1.2748749577440321,0.125,0,0,26.065000832953956,26.06302512495313,0,0,0,1789192616.056233,-0.6666666666666667,1,-0.2426997806150914,0.0
157.48395898845047,26.323344916978385,0.0,0.0,0.4822707434945087,,0.05777966696768999,312,29236,1.1877499637193978,0.0,1.5757201316315972e-12,4.099747017566324e-12,0.8025965690612793,0.0,1.3707089819945395,0.125,0,0,26.225877832970582,26.223640624957625,0,0,0,1789192616.2171059,-0.6666666666666667,1,-0.20463802105144285,0.0
155.43574996991083,26.489923124958295,0.0,0.0,0.5171772285425323,,0.04512183298356831,314,29386,1.3491249992512167,0.0,1.6060015730484656e-12,4.168972025236917e-12,0.8025568723678589,0.0,1.5974999987520278,0.125,0,0,26.38203433295712,26.379609207971953,0,0,0,1789192616.37326,-0.6666666666666667,1,-0.16045088369428184,0.0
162.80191601254046,26.66623183299089,0.0,0.0,0.48488068884681623,,0.03799962502671406,316,29538,1.2275420012883842,0.0,1.6387381902849274e-12,4.24368136117681e-12,0.8024871945381165,0.0,1.422958041075617,0.125,0,0,26.543647499987856,26.541429542005062,0,0,0,1789192616.534871,-0.6666666666666667,1,-0.18852141444712492,0.0
154.43574998062104,26.827429791970644,0.0,0.0,0.4775553162788852,,0.024274749972391874,318,29686,1.2098330189473927,0.0,1.6691516875264045e-12,4.312975757786441e-12,0.8024521470069885,0.0,1.4287089579738677,0.125,0,0,26.699434541980736,26.697268791962415,0,0,0,1789192616.690654,-0.6666666666666667,1,-0.2167990721872154,0.0
157.15270797954872,26.999925582960714,0.0,0.0,0.5403097790998335,,0.009816124977078289,320,29836,0.999417039565742,0.0,1.699824417507323e-12,4.382779295736272e-12,0.8023900389671326,0.0,1.1417089845053852,0.125,0,0,26.8544537499547,26.852588999958243,0,0,0,1789192616.84567,-0.6666666666666667,1,-0.19800961590256771,0.0
157.7011249610223,27.081478874955792,0.0,0.0,0.5403596977111602,,0.08272704196861014,321,30035,0.7315410184673965,0.0,1.7400375845050275e-12,4.474184477770704e-12,0.8023423552513123,0.0,0.873417011462152,0.125,0,0,27.00803270796314,27.00650479196338,0,0,0,1789192616.999247,-0.6666666666666667,1,-0.14014299864328503,0.0
153.55012501822785,27.24367070797598,0.0,0.0,0.4873910313570143,,0.07431454199831933,323,30186,1.043458003550768,0.0,1.7768236968557227e-12,4.557716617309415e-12,0.8022748231887817,0.0,1.2399170082062483,0.125,0,0,27.166475332982372,27.16443512495607,0,0,0,1789192617.157687,-0.6666666666666667,1,-0.21137247683016153,0.0
153.32487499108538,27.413480499992147,0.0,0.0,0.5587161591045338,,0.06410337495617568,325,30335,2.13779101613909,0.0,1.8095769023854236e-12,4.632031737339393e-12,0.802243173122406,0.0,2.502167015336454,0.125,0,0,27.328159708005842,27.324258999957237,0,0,0,1789192617.319369,-0.6666666666666667,1,-0.18159760488630705,0.0
162.10162499919534,27.592006499995477,0.0,0.0,0.48327446194710794,,0.055741207965184,327,30487,1.7628750065341592,0.0,1.8420417101372433e-12,4.7056447280424685e-12,0.8021897673606873,0.0,2.059415972325951,0.125,0,0,27.488463457964826,27.485646082961466,0,0,0,1789192617.47967,-0.6666666666666667,1,-0.20056485179610428,0.0
153.66424998501316,27.74803099996643,0.0,0.0,0.5673691169864434,,0.04922883299877867,329,30640,0.9109170059673488,0.0,1.876051180724203e-12,4.782721094165332e-12,0.802148163318634,0.0,1.0834580170921981,0.125,0,0,27.64528270799201,27.643595582980197,0,0,0,1789192617.6364858,-0.6666666666666667,1,-0.15247444364121648,0.0
160.6222919654101,27.922867624962237,0.0,0.0,0.5537055379995013,,0.04296170896850526,331,30786,1.1909999884665012,0.0,1.9072115848423055e-12,4.85331046184978e-12,0.8021112680435181,0.0,1.3736250111833215,0.375,1,0,27.807306041999254,27.805207041965332,0,0,0,1789192617.798507,-0.6666666666666667,1,-0.20472709987670062,0.0
153.32562499679625,28.08412508299807,0.0,0.0,0.44272135660515977,,0.03456266695866361,333,30985,0.9390829945914447,0.0,1.9552213580825706e-12,4.962021678961426e-12,0.8020493984222412,0.0,1.1277499725110829,0.125,0,0,27.967048374994192,27.96536212495994,0,0,0,1789192617.958247,-0.6666666666666667,1,-0.23038063071988624,0.0
154.78483302285895,28.253317082999274,0.0,0.0,0.4778561904266609,,0.02442600001813844,335,31141,1.0139999794773757,0.0,1.991799954137452e-12,5.04482393359762e-12,0.8020076751708984,0.0,1.1842919629998505,0.125,0,0,28.124814292008523,28.122958249994554,0,0,0,1789192618.116011,-0.6666666666666667,1,-0.17232462366464107,0.0
153.93779100850224,28.422913582995534,0.0,0.0,0.4818692957152335,,0.008969665970653296,337,31286,1.08074996387586,0.0,2.0238895195173745e-12,5.117446397195913e-12,0.8019625544548035,0.0,1.284708036109805,0.125,0,0,28.27994612499606,28.277945457957685,0,0,0,1789192618.27114,-0.6666666666666667,1,-0.18486016727016652,0.0
154.34050001204014,28.506322417000774,0.0,0.0,0.5468916644623577,,0.08425849996274337,338,31436,0.8942089625634253,0.0,2.0605787041938495e-12,5.200460288096176e-12,0.8019332885742188,0.0,1.0524590034037828,0.125,0,0,28.437951750005595,28.436240416951478,0,0,0,1789192618.429143,-0.6666666666666667,1,-0.19587941516199975,0.0
156.91474999766797,28.67820224998286,0.0,0.0,0.4756501671899956,,0.07796895800856873,340,31586,1.1217499850317836,0.0,2.0959549200394445e-12,5.280489587256021e-12,0.8018796443939209,0.0,1.3308330089785159,0.125,0,0,28.60134658298921,28.59925645799376,0,0,0,1789192618.592536,-0.6666666666666667,1,-0.2028083664768625,0.0
153.47516600741073,28.844712082995102,0.0,0.0,0.5133621439579228,,0.06999420799547806,342,31788,2.066124987322837,0.0,2.14420820508765e-12,5.389628847385364e-12,0.8018442988395691,0.0,2.3863340029492974,0.125,0,0,28.7646114579984,28.76123112498317,0,0,0,1789192618.755799,-0.6666666666666667,1,-0.22386623489011215,0.0
160.14820797136053,29.02560449996963,0.0,0.0,0.5066320286090813,,0.050530040985904634,344,31936,1.3107089907862246,0.0,2.1778865603311326e-12,5.4657892795129115e-12,0.8017959594726562,0.0,1.5697079943493009,0.125,0,0,28.918336541973986,28.915986332984176,0,0,0,1789192618.9095218,-0.6666666666666667,1,-0.17945846855360725,0.0
160.99866695003584,29.195196541957557,0.0,0.0,0.5253021451296694,,0.03857379197143018,346,32090,1.0162079706788063,0.0,2.2148591554554953e-12,5.549379965968937e-12,0.8017727136611938,0.0,1.17591698653996,0.125,0,0,29.074612416967284,29.07277166697895,0,0,0,1789192619.0657952,-0.6666666666666667,1,-0.17913919847855247,0.0
162.01700002420694,29.3654805420083,0.0,0.0,0.5449984564954312,,0.023869915981777012,348,32235,1.2098750448785722,0.0,2.2523265804513803e-12,5.634069599746994e-12,0.8017351627349854,0.0,1.3973750174045563,0.125,0,0,29.22951449995162,29.22733345796587,0,0,0,1789192619.220695,-0.6666666666666667,1,-0.2116789882382218,0.0
161.84799995971844,29.532524374953937,0.0,0.0,0.48814426393454285,,0.018372207996435463,350,32385,1.0122500243596733,0.0,2.2889194879749386e-12,5.716765602570284e-12,0.8017038106918335,0.0,1.1753339786082506,0.125,0,0,29.39090566697996,29.389048582990654,0,0,0,1789192619.3820841,-0.6666666666666667,1,-0.21128497748556363,0.0
162.13966603390872,29.699729082989506,0.0,0.0,0.5146675021196127,,0.010501958022359759,352,32536,0.7869999972172081,0.0,2.3282380797601254e-12,5.805595153923759e-12,0.8016785979270935,0.0,1.019707997329533,0.125,0,0,29.549635124974884,29.548091374977957,0,0,0,1789192619.540811,-0.6666666666666667,1,-0.1844095943581365,0.0
158.9433749904856,29.860629124974366,0.0,0.0,0.524199451339359,,0.0013586250133812428,354,32686,0.7754580001346767,0.0,2.3659772058204354e-12,5.890827322468928e-12,0.8016393780708313,0.0,0.9428330231457949,0.125,0,0,29.70433574996423,29.703044374997262,0,0,0,1789192619.69551,-0.6666666666666667,1,-0.2070371413715294,0.0
154.2633330100216,29.94131500000367,0.0,0.0,0.4747479720441849,,0.07357745798071846,355,32886,0.8885000133886933,0.0,2.4196927014136227e-12,6.012109646930108e-12,0.8016116619110107,0.0,1.072417013347149,0.125,0,0,29.862290291988757,29.860629124974366,0,0,0,1789192619.853463,-0.6666666666666667,1,-0.21875480556356375,0.0
162.31104196049273,30.119089041952975,0.0,0.0,0.4941215371038889,,0.0591897499980405,357,32986,1.0908329859375954,0.0,2.44538785922066e-12,6.070095381199847e-12,0.8015808463096619,0.0,1.3115840265527368,0.125,0,0,30.018197958008386,30.015967749990523,0,0,0,1789192620.0093691,-0.6666666666666667,1,-0.2118349523103189,0.0
156.55329200671986,30.27825924998615,0.0,0.0,0.5410584727877423,,0.051762167015112936,359,33136,1.0837080189958215,0.0,2.4850588167119048e-12,6.1595936684533115e-12,0.8015678524971008,0.0,1.2968750088475645,0.125,0,0,30.175443957967218,30.173468124994542,0,0,0,1789192620.166613,-0.6666666666666667,1,-0.20538078978070928,0.0
159.50450004311278,30.44785579200834,0.0,0.0,0.5498284131673379,,0.04270641598850489,361,33335,0.8887920412234962,0.0,2.53898009387743e-12,6.281188243140168e-12,0.8015202283859253,0.0,1.0471250279806554,0.125,0,0,30.332654666970484,30.331057707953732,0,0,0,1789192620.323822,-0.6666666666666667,1,-0.2301662680076179,0.0
158.8317919522524,30.614946124958806,0.0,0.0,0.43376590288330036,,0.033058833971153945,363,33486,1.0056659812107682,0.0,2.5787562189794055e-12,6.370832680846483e-12,0.801511287689209,0.0,1.1684579658322036,0.125,0,0,30.491037041996606,30.489173166977707,0,0,0,1789192620.482202,-0.6666666666666667,1,-0.1762623534177286,0.0
160.8170839608647,30.786440041963942,0.0,0.0,0.5141152585945356,,0.0183934589731507,365,33636,1.053541956935078,0.0,2.6205337812917895e-12,6.464941863099094e-12,0.8014739751815796,0.0,1.239416014868766,0.125,0,0,30.645926249970216,30.64401641697623,0,0,0,1789192620.63709,-0.6666666666666667,1,-0.2242596884975343,0.0
157.87941601593047,30.950381457980257,0.0,0.0,0.4475364419674111,,0.011066250037401915,367,33785,0.891583040356636,0.0,2.6604213623770967e-12,6.554751533216496e-12,0.8014551997184753,0.0,1.0513330344110727,0.125,0,0,30.805310916970484,30.803568292001728,0,0,0,1789192620.796473,-0.6666666666666667,1,-0.19549355696597667,0.0
161.3024999969639,31.037857624993194,0.0,0.0,0.46228708009779795,,0.08438662497792393,368,33936,0.9775410289876163,0.0,2.7002087631816662e-12,6.644291020152515e-12,0.8014380931854248,0.0,1.1715830187313259,0.125,0,0,30.96286212495761,30.960941749974154,0,0,0,1789192620.954022,-0.6666666666666667,1,-0.16620291369851414,0.0
153.4919170080684,31.200404417002574,0.0,0.0,0.4649859841059871,,0.06857754196971655,370,34135,1.2325409916229546,0.0,2.7537152245959984e-12,6.76462271614886e-12,0.8014037013053894,0.0,1.4487499720416963,0.125,0,0,31.117677166999783,31.11549004196422,0,0,0,1789192621.1088362,-0.6666666666666667,1,-0.19983525667527108,0.0
156.27079096157104,31.373182832961902,0.0,0.0,0.5227956829606901,,0.0612834999919869,372,34285,2.0834580063819885,0.0,2.79782642366444e-12,6.86376866801397e-12,0.8013866543769836,0.0,2.428625011816621,0.125,0,0,31.281433874974027,31.278195541992318,0,0,0,1789192621.2725918,-0.6666666666666667,1,-0.20240341949740298,0.0
160.26012500515208,31.54585820797365,0.0,0.0,0.5560386342232352,,0.047089166997466236,374,34435,1.287166029214859,0.0,2.8383994373631927e-12,6.954908437356577e-12,0.8013567924499512,0.0,1.5295000048354268,0.125,0,0,31.43482458300423,31.432687249965966,0,0,0,1789192621.425981,-0.6666666666666667,1,-0.20322184174428437,0.0
158.7506670039147,31.713942166999914,0.0,0.0,0.5247508284038052,,0.03269541700137779,376,34592,1.086624979507178,0.0,2.8845482859946037e-12,7.058511761193209e-12,0.8013466596603394,0.0,1.2938750442117453,0.125,0,0,31.589924332976807,31.587886916997377,0,0,0,1789192621.581079,-0.6666666666666667,1,-0.1462140932340898,0.0
159.76558398688212,31.872511541994754,0.0,0.0,0.5649007962201688,,0.031220249948091805,378,34685,0.7777090067975223,0.0,2.919853161337249e-12,7.137730944489773e-12,0.8013180494308472,0.0,0.9107500081881881,0.125,0,0,31.745249542000238,31.743966207955964,0,0,0,1789192621.736402,-0.6666666666666667,1,-0.21760046541448896,0.0
153.67283299565315,32.0325252499897,0.0,0.0,0.49080609383684576,,0.019797374960035086,380,34835,0.8767080144025385,0.0,2.9745646050460817e-12,7.2604370432438614e-12,0.8013023734092712,0.0,1.019375049509108,0.125,0,0,31.900319874985144,31.898649791954085,0,0,0,1789192621.8914711,-0.6666666666666667,1,-0.18004685475039173,0.0
153.759041975718,32.20158004196128,0.0,0.0,0.49492536988740027,,0.007728207972832024,382,34986,0.951250025536865,0.0,3.016041843356687e-12,7.35339567015103e-12,0.8012818694114685,0.0,1.1519170366227627,0.125,0,0,32.05741379200481,32.05554920795839,0,0,0,1789192622.048564,-0.6666666666666667,1,-0.17476271071573085,0.0
156.51583299040794,32.28774020797573,0.0,0.0,0.5488830495173984,,0.08209179202094674,383,35185,1.0537919588387012,0.0,3.0708055456102334e-12,7.476039752540853e-12,0.8012542724609375,0.0,1.272291992790997,0.375,1,0,32.21526541700587,32.21331616700627,0,0,0,1789192622.2064152,-0.6666666666666667,1,-0.1759727719833306,0.0
156.9933340069838,32.45896341698244,0.0,0.0,0.5216423170589749,,0.06876687501790002,385,35336,1.3838750310242176,0.0,3.1166718511554947e-12,7.578703289934374e-12,0.8012376427650452,0.0,1.6352080274373293,0.125,0,0,32.37325870798668,32.37073695799336,0,0,0,1789192622.364407,-0.6666666666666667,1,-0.18397551785843846,0.0
157.7755840262398,32.62974129198119,0.0,0.0,0.5268054188130895,,0.05752587504684925,387,35486,1.3430000399239361,0.0,3.161567578915947e-12,7.67913597293779e-12,0.801212728023529,0.0,1.5592079726047814,0.125,0,0,32.53183524997439,32.5294915830018,0,0,0,1789192622.522982,-0.6666666666666667,1,-0.17582814918886652,0.0
156.75491600995883,32.79708295798628,0.0,0.0,0.5421562206949956,,0.04934654099633917,389,35635,1.2965829810127616,0.0,3.205138411621622e-12,7.776558043348647e-12,0.8012073636054993,0.0,1.5579580212943256,0.125,0,0,32.692047749995254,32.68967458297266,0,0,0,1789192622.6831932,-0.6666666666666667,1,-0.1488770420599842,0.0
156.7196249961853,32.96611579199089,0.0,0.0,0.4562477883161156,,0.03767262498149648,391,35786,1.0488329571671784,0.0,3.2546769099250916e-12,7.887255085159417e-12,0.8011735081672668,0.0,1.236459007486701,0.125,0,0,32.84900862496579,32.8470687919762,0,0,0,1789192622.840152,-0.6666666666666667,1,-0.21741170595704762,0.0
161.61558299791068,33.139693999954034,0.0,0.0,0.4862361871342562,,0.02677920804126188,393,35935,1.0279170237481594,0.0,3.298209578714295e-12,7.98446812139142e-12,0.801173210144043,0.0,1.2099170126020908,0.125,0,0,33.00664241699269,33.004857624997385,0,0,0,1789192622.997785,-0.6666666666666667,1,-0.17200609603330952,0.0
156.37854201486334,33.30220366700087,0.0,0.0,0.5807352499844067,,0.02239508298225701,395,36138,1.009875035379082,0.0,3.3602391702469703e-12,8.122891248518727e-12,0.8011371493339539,0.0,1.1679170420393348,0.375,1,0,33.170119916961994,33.16822020796826,0,0,0,1789192623.161261,-0.6666666666666667,1,-0.1808645157169772,0.0
162.6717080362141,33.47725024999818,0.0,0.0,0.5496294189083599,,0.015746832999866456,397,36285,1.0458749602548778,0.0,3.403616147604205e-12,8.219606419113124e-12,0.8011364936828613,0.0,1.2417079997248948,0.125,0,0,33.33231224998599,33.33032537496183,0,0,0,1789192623.323453,-0.6666666666666667,1,-0.15551864892768702,0.0
157.50749997096136,33.64515570795629,0.0,0.0,0.4649859841059871,,9.29197994992137e-06,399,36436,1.1041249963454902,0.0,3.4519004408345433e-12,8.327197438540157e-12,0.8011061549186707,0.0,1.333374995738268,0.125,0,0,33.48947533295723,33.48765749996528,0,0,0,1789192623.480615,-0.6666666666666667,1,-0.19186899138519045,0.0
155.0808750325814,33.72740679199342,0.0,0.0,0.5316124963839963,,0.07282979099545628,400,36585,1.4761250349693,0.0,3.4987718017936986e-12,8.431548861875804e-12,0.8011032342910767,0.0,1.7150839557871222,0.125,0,0,33.64777108299313,33.64515570795629,0,0,0,1789192623.6389241,-0.6666666666666667,1,-0.2265141850075066,0.0
153.56766601325944,33.88817095797276,0.0,0.0,0.44301889429802904,,0.06527370802359655,402,36735,1.9558329950086772,0.0,3.549319475479318e-12,8.54398496397124e-12,0.8010786175727844,0.0,2.2711250348947942,0.125,0,0,33.80307833297411,33.7998769999831,0,0,0,1789192623.794216,-0.6666666666666667,1,-0.1922600623315244,0.0
160.05420900182799,34.063591166981496,0.0,0.0,0.5194352452499267,,0.050509334017988294,404,36886,1.4360839850269258,0.0,3.5981116090072485e-12,8.652413854837171e-12,0.8010683655738831,0.0,1.6869590035639703,0.125,0,0,33.956521124986466,33.954046291997656,0,0,0,1789192623.947658,-0.6666666666666667,1,-0.1987114247621194,0.0
153.98404200095683,34.226795416965615,0.0,0.0,0.5253522617938061,,0.03630008304025978,406,37036,0.7849999819882214,0.0,3.6454975323174654e-12,8.757597945441287e-12,0.8010542392730713,0.0,0.9515830315649509,0.125,0,0,34.11068612500094,34.10911145800492,0,0,0,1789192624.101821,-0.6666666666666667,1,-0.21329799562329932,0.0
154.9322500359267,34.39433966699289,0.0,0.0,0.4878429642506713,,0.024374291009735316,408,37185,0.9847080218605697,0.0,3.695367362804847e-12,8.868178760779166e-12,0.801035463809967,0.0,1.1238339939154685,0.125,0,0,34.265572000003885,34.2637817079667,0,0,0,1789192624.256706,-0.6666666666666667,1,-0.1965132051015489,0.0
162.18087496235967,34.57150049996562,0.0,0.0,0.51707685527787,,0.012758166994899511,410,37391,1.028583967126906,0.0,3.7663548495270316e-12,9.025351646596569e-12,0.8010185956954956,0.0,1.1928339954465628,0.125,0,0,34.42389524995815,34.42207779199816,0,0,0,1789192624.415029,-0.6666666666666667,1,-0.21544074706031802,0.0
153.70383398840204,34.647720791981556,0.0,0.0,0.5414077999561427,,0.084130416973494,411,37535,1.0451249545440078,0.0,3.8119863168817325e-12,9.12622147991593e-12,0.8010053634643555,0.0,1.2238339986652136,0.125,0,0,34.58015779196285,34.57814737496665,0,0,0,1789192624.57129,-0.6666666666666667,1,-0.1172638056645822,0.0
157.86483301781118,34.821692499972414,0.0,0.0,0.5232970713073363,,0.07423495803959668,413,37685,1.061916002072394,0.0,3.86036168309456e-12,9.233032741140512e-12,0.800999641418457,0.0,1.2708749854937196,0.125,0,0,34.7401971250074,34.7380626249942,0,0,0,1789192624.7313302,-0.6666666666666667,1,-0.18923725053495033,0.0
154.45687499595806,34.988337499962654,0.0,0.0,0.5049239084196957,,0.06222166703082621,415,37842,2.289916970767081,0.0,3.913687950107825e-12,9.350597553192674e-12,0.8009771704673767,0.0,2.761292038485408,0.125,0,0,34.899675749999005,34.89610229199752,0,0,0,1789192624.89081,-0.6666666666666667,1,-0.11895479062710045,0.0
,,,,,after-land,,,44936,,,5.913327553314085e-12,1.3619110179885485e-11,0.019887011498212814,,,,,,42.0203779169824,,,,,,,,,
