# bodies: subj_clut_chair,subj_clut_couch,subj_clut_plant,subj_clut_tv
1789192586.9705,0.0500,2.4000,-1.3000,0.4750,3.0000,1.9000,0.4250,1.8000,1.2000,0.5500,4.5000,-2.0000,0.3000
1789192587.1280,0.1000,2.4000,-1.3000,0.4750,3.0000,1.9000,0.4250,1.8000,1.2000,0.5500,4.5000,-2.0000,0.3000
1789192587.2114,0.1500,2.4000,-1.3000,0.4750,3.0000,1.9000,0.4250,1.8000,1.2000,0.5500,4.5000,-2.0000,0.3000
1789192587.2924,0.2000,2.4000,-1.3000,0.4750,3.0000,1.9000,0.4250,1.8000,1.2000,0.5500,4.5000,-2.0000,0.3000
1789192587.3744,0.2500,2.4000,-1.3000,0.4750,3.0000,1.9000,0.4250,1.8000,1.2000,0.5500,4.5000,-2.0000,0.3000
1789192587.4576,0.3000,2.4000,-1.3000,0.4750,3.0000,1.9000,0.4250,1.8000,1.2000,0.5500,4.5000,-2.0000,0.3000
1789192587.5408,0.3500,2.4000,-1.3000,0.4750,3.0000,1.9000,0.4250,1.8000,1.2000,0.5500,4.5000,-2.0000,0.3000
1789192587.6275,0.4000,2.4000,-1.3000,0.4750,3.0000,1.9000,0.4250,1.8000,1.2000,0.5500,4.5000,-2.0000,0.3000
1789192587.7107,0.4500,2.4000,-1.3000,0.4750,3.0000,1.9000,0.4250,1.8000,1.2000,0.5500,4.5000,-2.0000,0.3000
1789192587.8006,0.5000,2.4000,-1.3000,0.4750,3.0000,1.9000,0.4250,1.8000,1.2000,0.5500,4.5000,-2.0000,0.3000
1789192587.8852,0.5500,2.4000,-1.3000,0.4750,3.0000,1.9000,0.4250,1.8000,1.2000,0.5500,4.5000,-2.0000,0.3000
1789192587.9697,0.6000,2.4000,-1.3000,0.4750,3.0000,1.9000,0.4250,1.8000,1.2000,0.5500,4.5000,-2.0000,0.3000
1789192588.0560,0.6500,2.4000,-1.3000,0.4750,3.0000,1.9000,0.4250,1.8000,1.2000,0.5500,4.5000,-2.0000,0.3000
1789192588.1410,0.7000,2.4000,-1.3000,0.4750,3.0000,1.9000,0.4250,1.8000,1.2000,0.5500,4.5000,-2.0000,0.3000
1789192588.2264,0.7500,2.4000,-1.3000,0.4750,3.0000,1.9000,0.4250,1.8000,1.2000,0.5500,4.5000,-2.0000,0.3000
1789192588.3128,0.8000,2.4000,-1.3000,0.4750,3.0000,1.9000,0.4250,1.8000,1.2000,0.5500,4.5000,-2.0000,0.3000
1789192588.3994,0.8500,2.4000,-1.3000,0.4750,3.0000,1.9000,0.4250,1.8000,1.2000,0.5500,4.5000,-2.0000,0.3000
1789192588.4844,0.9000,2.4000,-1.3000,0.4750,3.0000,1.9000,0.4250,1.8000,1.2000,0.5500,4.5000,-2.0000,0.3000
1789192588.5701,0.9500,2.4000,-1.3000,0.4750,3.0000,1.9000,0.4250,1.8000,1.2000,0.5500,4.5000,-2.0000,0.3000
1789192588.6573,1.0000,2.4000,-1.3000,0.4750,3.0000,1.9000,0.4250,1.8000,1.2000,0.5500,4.5000,-2.0000,0.3000
1789192588.7419,1.0500,2.4000,-1.3000,0.4750,3.0000,1.9000,0.4250,1.8000,1.2000,0.5500,4.5000,-2.0000,0.3000
1789192588.8286,1.1000,2.4000,-1.3000,0.4750,3.0000,1.9000,0.4250,1.8000,1.2000,0.5500,4.5000,-2.0000,0.3000
1789192588.9163,1.1500,2.4000,-1.3000,0.4750,3.0000,1.9000,0.4250,1.8000,1.2000,0.5500,4.5000,-2.0000,0.3000
1789192589.0016,1.2000,2.4000,-1.3000,0.4750,3.0000,1.9000,0.4250,1.8000,1.2000,0.5500,4.5000,-2.0000,0.3000
1789192589.0868,1.2500,2.4000,-1.3000,0.4750,3.0000,1.9000,0.4250,1.8000,1.2000,0.5500,4.5000,-2.0000,0.3000
1789192589.1753,1.3000,2.4000,-1.3000,0.4750,3.0000,1.9000,0.4250,1.8000,1.2000,0.5500,4.5000,-2.0000,0.3000
1789192589.2594,1.3500,2.4000,-1.3000,0.4750,3.0000,1.9000,0.4250,1.8000,1.2000,0.5500,4.5000,-2.0000,0.3000
1789192589.3451,1.4000,2.4000,-1.3000,0.4750,3.0000,1.9000,0.4250,1.8000,1.2000,0.5500,4.5000,-2.0000,0.3000
1789192589.4268,1.4500,2.4000,-1.3000,0.4750,3.0000,1.9000,0.4250,1.8000,1.2000,0.5500,4.5000,-2.0000,0.3000
1789192589.5104,1.5000,2.4000,-1.3000,0.4750,3.0000,1.9000,0.4250,1.8000,1.2000,0.5500,4.5000,-2.0000,0.3000
1789192589.5935,1.5500,2.4000,-1.3000,0.4750,3.0000,1.9000,0.4250,1.8000,1.2000,0.5500,4.5000,-2.0000,0.3000
1789192589.6681,1.6000,2.4000,-1.3000,0.4750,3.0000,1.9000,0.4250,1.8000,1.2000,0.5500,4.5000,-2.0000,0.3000
1789192589.7500,1.6500,2.4000,-1.3000,0.4750,3.0000,1.9000,0.4250,1.8000,1.2000,0.5500,4.5000,-2.0000,0.3000
1789192589.8799,1.7000,2.4000,-1.3000,0.4750,3.0000,1.9000,0.4250,1.8000,1.2000,0.5500,4.5000,-2.0000,0.3000
1789192589.9662,1.7500,2.4000,-1.3000,0.4750,3.0000,1.9000,0.4250,1.8000,1.2000,0.5500,4.5000,-2.0000,0.3000
1789192590.0527,1.8000,2.4000,-1.3000,0.4750,3.0000,1.9000,0.4250,1.8000,1.2000,0.5500,4.5000,-2.0000,0.3000
1789192590.1505,1.8500,2.4000,-1.3000,0.4750,3.0000,1.9000,0.4250,1.8000,1.2000,0.5500,4.5000,-2.0000,0.3000
1789192590.2383,1.9000,2.4000,-1.3000,0.4750,3.0000,1.9000,0.4250,1.8000,1.2000,0.5500,4.5000,-2.0000,0.3000
1789192590.3178,1.9500,2.4000,-1.3000,0.4750,3.0000,1.9000,0.4250,1.8000,1.2000,0.5500,4.5000,-2.0000,0.3000
1789192590.3978,2.0000,2.4000,-1.3000,0.4750,3.0000,1.9000,0.4250,1.8000,1.2000,0.5500,4.5000,-2.0000,0.3000
1789192590.4791,2.0500,2.4000,-1.3000,0.4750,3.0000,1.9000,0.4250,1.8000,1.2000,0.5500,4.5000,-2.0000,0.3000
1789192590.5614,2.1000,2.4000,-1.3000,0.4750,3.0000,1.9000,0.4250,1.8000,1.2000,0.5500,4.5000,-2.0000,0.3000
1789192590.6454,2.1500,2.4000,-1.3000,0.4750,3.0000,1.9000,0.4250,1.8000,1.2000,0.5500,4.5000,-2.0000,0.3000
1789192590.7313,2.2000,2.4000,-1.3000,0.4750,3.0000,1.9000,0.4250,1.8000,1.2000,0.5500,4.5000,-2.0000,0.3000
1789192590.8157,2.2500,2.4000,-1.3000,0.4750,3.0000,1.9000,0.4250,1.8000,1.2000,0.5500,4.5000,-2.0000,0.3000
1789192590.9004,2.3000,2.4000,-1.3000,0.4750,3.0000,1.9000,0.4250,1.8000,1.2000,0.5500,4.5000,-2.0000,0.3000
1789192590.9828,2.3500,2.4000,-1.3000,0.4750,3.0000,1.9000,0.4250,1.8000,1.2000,0.5500,4.5000,-2.0000,0.3000
1789192591.0682,2.4000,2.4000,-1.3000,0.4750,3.0000,1.9000,0.4250,1.8000,1.2000,0.5500,4.5000,-2.0000,0.3000
1789192591.1527,2.4500,2.4000,-1.3000,0.4750,3.0000,1.9000,0.4250,1.8000,1.2000,0.5500,4.5000,-2.0000,0.3000
1789192591.2374,2.5000,2.4000,-1.3000,0.4750,3.0000,1.9000,0.4250,1.8000,1.2000,0.5500,4.5000,-2.0000,0.3000
1789192591.3219,2.5500,2.4000,-1.3000,0.4750,3.0000,1.9000,0.4250,1.8000,1.2000,0.5500,4.5000,-2.0000,0.3000
1789192591.4068,2.6000,2.4000,-1.3000,0.4750,3.0000,1.9000,0.4250,1.8000,1.2000,0.5500,4.5000,-2.0000,0.3000
1789192591.4920,2.6500,2.4000,-1.3000,0.4750,3.0000,1.9000,0.4250,1.8000,1.2000,0.5500,4.5000,-2.0000,0.3000
1789192591.5747,2.7000,2.4000,-1.3000,0.4750,3.0000,1.9000,0.4250,1.8000,1.2000,0.5500,4.5000,-2.0000,0.3000
1789192591.6518,2.7500,2.4000,-1.3000,0.4750,3.0000,1.9000,0.4250,1.8000,1.2000,0.5500,4.5000,-2.0000,0.3000
1789192591.7346,2.8000,2.4000,-1.3000,0.4750,3.0000,1.9000,0.4250,1.8000,1.2000,0.5500,4.5000,-2.0000,0.3000
1789192591.8163,2.8500,2.4000,-1.3000,0.4750,3.0000,1.9000,0.4250,1.8000,1.2000,0.5500,4.5000,-2.0000,0.3000
1789192591.8980,2.9000,2.4000,-1.3000,0.4750,3.0000,1.9000,0.4250,1.8000,1.2000,0.5500,4.5000,-2.0000,0.3000
1789192591.9771,2.9500,2.4000,-1.3000,0.4750,3.0000,1.9000,0.4250,1.8000,1.2000,0.5500,4.5000,-2.0000,0.3000
1789192592.0608,3.0000,2.4000,-1.3000,0.4750,3.0000,1.9000,0.4250,1.8000,1.2000,0.5500,4.5000,-2.0000,0.3000
1789192592.1454,3.0500,2.4000,-1.3000,0.4750,3.0000,1.9000,0.4250,1.8000,1.2000,0.5500,4.5000,-2.0000,0.3000
1789192592.2297,3.1000,2.4000,-1.3000,0.4750,3.0000,1.9000,0.4250,1.8000,1.2000,0.5500,4.5000,-2.0000,0.3000
1789192592.3138,3.1500,2.4000,-1.3000,0.4750,3.0000,1.9000,0.4250,1.8000,1.2000,0.5500,4.5000,-2.0000,0.3000
1789192592.3983,3.2000,2.4000,-1.3000,0.4750,3.0000,1.9000,0.4250,1.8000,1.2000,0.5500,4.5000,-2.0000,0.3000
1789192592.4837,3.2500,2.4000,-1.3000,0.4750,3.0000,1.9000,0.4250,1.8000,1.2000,0.5500,4.5000,-2.0000,0.3000
1789192592.5693,3.3000,2.4000,-1.3000,0.4750,3.0000,1.9000,0.4250,1.8000,1.2000,0.5500,4.5000,-2.0000,0.3000
1789192592.6542,3.3500,2.4000,-1.3000,0.4750,3.0000,1.9000,0.4250,1.8000,1.2000,0.5500,4.5000,-2.0000,0.3000
1789192592.7374,3.4000,2.4000,-1.3000,0.4750,3.0000,1.9000,0.4250,1.8000,1.2000,0.5500,4.5000,-2.0000,0.3000
1789192592.8224,3.4500,2.4000,-1.3000,0.4750,3.0000,1.9000,0.4250,1.8000,1.2000,0.5500,4.5000,-2.0000,0.3000
1789192592.9081,3.5000,2.4000,-1.3000,0.4750,3.0000,1.9000,0.4250,1.8000,1.2000,0.5500,4.5000,-2.0000,0.3000
1789192592.9939,3.5500,2.4000,-1.3000,0.4750,3.0000,1.9000,0.4250,1.8000,1.2000,0.5500,4.5000,-2.0000,0.3000
1789192593.0794,3.6000,2.4000,-1.3000,0.4750,3.0000,1.9000,0.4250,1.8000,1.2000,0.5500,4.5000,-2.0000,0.3000
1789192593.1635,3.6500,2.4000,-1.3000,0.4750,3.0000,1.9000,0.4250,1.8000,1.2000,0.5500,4.5000,-2.0000,0.3000
1789192593.2494,3.7000,2.4000,-1.3000,0.4750,3.0000,1.9000,0.4250,1.8000,1.2000,0.5500,4.5000,-2.0000,0.3000
1789192593.3354,3.7500,2.4000,-1.3000,0.4750,3.0000,1.9000,0.4250,1.8000,1.2000,0.5500,4.5000,-2.0000,0.3000
1789192593.4222,3.8000,2.4000,-1.3000,0.4750,3.0000,1.9000,0.4250,1.8000,1.2000,0.5500,4.5000,-2.0000,0.3000
1789192593.5075,3.8500,2.4000,-1.3000,0.4750,3.0000,1.9000,0.4250,1.8000,1.2000,0.5500,4.5000,-2.0000,0.3000
1789192593.5947,3.9000,2.4000,-1.3000,0.4750,3.0000,1.9000,0.4250,1.8000,1.2000,0.5500,4.5000,-2.0000,0.3000
1789192593.6782,3.9500,2.4000,-1.3000,0.4750,3.0000,1.9000,0.4250,1.8000,1.2000,0.5500,4.5000,-2.0000,0.3000
1789192593.7625,4.0000,2.4000,-1.3000,0.4750,3.0000,1.9000,0.4250,1.8000,1.2000,0.5500,4.5000,-2.0000,0.3000
1789192593.8470,4.0500,2.4000,-1.3000,0.4750,3.0000,1.9000,0.4250,1.8000,1.2000,0.5500,4.5000,-2.0000,0.3000
1789192593.9307,4.1000,2.4000,-1.3000,0.4750,3.0000,1.9000,0.4250,1.8000,1.2000,0.5500,4.5000,-2.0000,0.3000
1789192594.0175,4.1500,2.4000,-1.3000,0.4750,3.0000,1.9000,0.4250,1.8000,1.2000,0.5500,4.5000,-2.0000,0.3000
1789192594.1022,4.2000,2.4000,-1.3000,0.4750,3.0000,1.9000,0.4250,1.8000,1.2000,0.5500,4.5000,-2.0000,0.3000
1789192594.1872,4.2500,2.4000,-1.3000,0.4750,3.0000,1.9000,0.4250,1.8000,1.2000,0.5500,4.5000,-2.0000,0.3000
1789192594.2722,4.3000,2.4000,-1.3000,0.4750,3.0000,1.9000,0.4250,1.8000,1.2000,0.5500,4.5000,-2.0000,0.3000
1789192594.3567,4.3500,2.4000,-1.3000,0.4750,3.0000,1.9000,0.4250,1.8000,1.2000,0.5500,4.5000,-2.0000,0.3000
1789192594.4426,4.4000,2.4000,-1.3000,0.4750,3.0000,1.9000,0.4250,1.8000,1.2000,0.5500,4.5000,-2.0000,0.3000
1789192594.5258,4.4500,2.4000,-1.3000,0.4750,3.0000,1.9000,0.4250,1.8000,1.2000,0.5500,4.5000,-2.0000,0.3000
1789192594.6130,4.5000,2.4000,-1.3000,0.4750,3.0000,1.9000,0.4250,1.8000,1.2000,0.5500,4.5000,-2.0000,0.3000
1789192594.6973,4.5500,2.4000,-1.3000,0.4750,3.0000,1.9000,0.4250,1.8000,1.2000,0.5500,4.5000,-2.0000,0.3000
1789192594.7873,4.6000,2.4000,-1.3000,0.4750,3.0000,1.9000,0.4250,1.8000,1.2000,0.5500,4.5000,-2.0000,0.3000
1789192594.8721,4.6500,2.4000,-1.3000,0.4750,3.0000,1.9000,0.4250,1.8000,1.2000,0.5500,4.5000,-2.0000,0.3000
1789192594.9551,4.7000,2.4000,-1.3000,0.4750,3.0000,1.9000,0.4250,1.8000,1.2000,0.5500,4.5000,-2.0000,0.3000
1789192595.0441,4.7500,2.4000,-1.3000,0.4750,3.0000,1.9000,0.4250,1.8000,1.2000,0.5500,4.5000,-2.0000,0.3000
1789192595.1271,4.8000,2.4000,-1.3000,0.4750,3.0000,1.9000,0.4250,1.8000,1.2000,0.5500,4.5000,-2.0000,0.3000
1789192595.2112,4.8500,2.4000,-1.3000,0.4750,3.0000,1.9000,0.4250,1.8000,1.2000,0.5500,4.5000,-2.0000,0.3000
1789192595.2958,4.9000,2.4000,-1.3000,0.4750,3.0000,1.9000,0.4250,1.8000,1.2000,0.5500,4.5000,-2.0000,0.3000
1789192595.3800,4.9500,2.4000,-1.3000,0.4750,3.0000,1.9000,0.4250,1.8000,1.2000,0.5500,4.5000,-2.0000,0.3000
1789192595.4643,5.0000,2.4000,-1.3000,0.4750,3.0000,1.9000,0.4250,1.8000,1.2000,0.5500,4.5000,-2.0000,0.3000
1789192595.5628,5.0500,2.4000,-1.3000,0.4750,3.0000,1.9000,0.4250,1.8000,1.2000,0.5500,4.5000,-2.0000,0.3000
1789192595.6456,5.1000,2.4000,-1.3000,0.4750,3.0000,1.9000,0.4250,1.8000,1.2000,0.5500,4.5000,-2.0000,0.3000
1789192595.7304,5.1500,2.4000,-1.3000,0.4750,3.0000,1.9000,0.4250,1.8000,1.2000,0.5500,4.5000,-2.0000,0.3000
1789192595.8166,5.2000,2.4000,-1.3000,0.4750,3.0000,1.9000,0.4250,1.8000,1.2000,0.5500,4.5000,-2.0000,0.3000
1789192595.8998,5.2500,2.4000,-1.3000,0.4750,3.0000,1.9000,0.4250,1.8000,1.2000,0.5500,4.5000,-2.0000,0.3000
1789192595.9824,5.3000,2.4000,-1.3000,0.4750,3.0000,1.9000,0.4250,1.8000,1.2000,0.5500,4.5000,-2.0000,0.3000
1789192596.0684,5.3500,2.4000,-1.3000,0.4750,3.0000,1.9000,0.4250,1.8000,1.2000,0.5500,4.5000,-2.0000,0.3000
1789192596.1534,5.4000,2.4000,-1.3000,0.4750,3.0000,1.9000,0.4250,1.8000,1.2000,0.5500,4.5000,-2.0000,0.3000
1789192596.2383,5.4500,2.4000,-1.3000,0.4750,3.0000,1.9000,0.4250,1.8000,1.2000,0.5500,4.5000,-2.0000,0.3000
1789192596.3225,5.5000,2.4000,-1.3000,0.4750,3.0000,1.9000,0.4250,1.8000,1.2000,0.5500,4.5000,-2.0000,0.3000
1789192596.4068,5.5500,2.4000,-1.3000,0.4750,3.0000,1.9000,0.4250,1.8000,1.2000,0.5500,4.5000,-2.0000,0.3000
1789192596.4902,5.6000,2.4000,-1.3000,0.4750,3.0000,1.9000,0.4250,1.8000,1.2000,0.5500,4.5000,-2.0000,0.3000
1789192596.5777,5.6500,2.4000,-1.3000,0.4750,3.0000,1.9000,0.4250,1.8000,1.2000,0.5500,4.5000,-2.0000,0.3000
1789192596.6636,5.7000,2.4000,-1.3000,0.4750,3.0000,1.9000,0.4250,1.8000,1.2000,0.5500,4.5000,-2.0000,0.3000
1789192596.7481,5.7500,2.4000,-1.3000,0.4750,3.0000,1.9000,0.4250,1.8000,1.2000,0.5500,4.5000,-2.0000,0.3000
1789192596.8322,5.8000,2.4000,-1.3000,0.4750,3.0000,1.9000,0.4250,1.8000,1.2000,0.5500,4.5000,-2.0000,0.3000
1789192596.9191,5.8500,2.4000,-1.3000,0.4750,3.0000,1.9000,0.4250,1.8000,1.2000,0.5500,4.5000,-2.0000,0.3000
1789192597.0051,5.9000,2.4000,-1.3000,0.4750,3.0000,1.9000,0.4250,1.8000,1.2000,0.5500,4.5000,-2.0000,0.3000
1789192597.0903,5.9500,2.4000,-1.3000,0.4750,3.0000,1.9000,0.4250,1.8000,1.2000,0.5500,4.5000,-2.0000,0.3000
1789192597.1754,6.0000,2.4000,-1.3000,0.4750,3.0000,1.9000,0.4250,1.8000,1.2000,0.5500,4.5000,-2.0000,0.3000
1789192597.2598,6.0500,2.4000,-1.3000,0.4750,3.0000,1.9000,0.4250,1.8000,1.2000,0.5500,4.5000,-2.0000,0.3000
1789192597.3449,6.1000,2.4000,-1.3000,0.4750,3.0000,1.9000,0.4250,1.8000,1.2000,0.5500,4.5000,-2.0000,0.3000
1789192597.4279,6.1500,2.4000,-1.3000,0.4750,3.0000,1.9000,0.4250,1.8000,1.2000,0.5500,4.5000,-2.0000,0.3000
1789192597.5153,6.2000,2.4000,-1.3000,0.4750,3.0000,1.9000,0.4250,1.8000,1.2000,0.5500,4.5000,-2.0000,0.3000
1789192597.6014,6.2500,2.4000,-1.3000,0.4750,3.0000,1.9000,0.4250,1.8000,1.2000,0.5500,4.5000,-2.0000,0.3000
1789192597.6850,6.3000,2.4000,-1.3000,0.4750,3.0000,1.9000,0.4250,1.8000,1.2000,0.5500,4.5000,-2.0000,0.3000
1789192597.7692,6.3500,2.4000,-1.3000,0.4750,3.0000,1.9000,0.4250,1.8000,1.2000,0.5500,4.5000,-2.0000,0.3000
1789192597.8539,6.4000,2.4000,-1.3000,0.4750,3.0000,1.9000,0.4250,1.8000,1.2000,0.5500,4.5000,-2.0000,0.3000
1789192597.9390,6.4500,2.4000,-1.3000,0.4750,3.0000,1.9000,0.4250,1.8000,1.2000,0.5500,4.5000,-2.0000,0.3000
1789192598.0249,6.5000,2.4000,-1.3000,0.4750,3.0000,1.9000,0.4250,1.8000,1.2000,0.5500,4.5000,-2.0000,0.3000
1789192598.1105,6.5500,2.4000,-1.3000,0.4750,3.0000,1.9000,0.4250,1.8000,1.2000,0.5500,4.5000,-2.0000,0.3000
1789192598.1956,6.6000,2.4000,-1.3000,0.4750,3.0000,1.9000,0.4250,1.8000,1.2000,0.5500,4.5000,-2.0000,0.3000
1789192598.2795,6.6500,2.4000,-1.3000,0.4750,3.0000,1.9000,0.4250,1.8000,1.2000,0.5500,4.5000,-2.0000,0.3000
1789192598.3646,6.7000,2.4000,-1.3000,0.4750,3.0000,1.9000,0.4250,1.8000,1.2000,0.5500,4.5000,-2.0000,0.3000
1789192598.4505,6.7500,2.4000,-1.3000,0.4750,3.0000,1.9000,0.4250,1.8000,1.2000,0.5500,4.5000,-2.0000,0.3000
1789192598.5367,6.8000,2.4000,-1.3000,0.4750,3.0000,1.9000,0.4250,1.8000,1.2000,0.5500,4.5000,-2.0000,0.3000
1789192598.6222,6.8500,2.4000,-1.3000,0.4750,3.0000,1.9000,0.4250,1.8000,1.2000,0.5500,4.5000,-2.0000,0.3000
1789192598.7117,6.9000,2.4000,-1.3000,0.4750,3.0000,1.9000,0.4250,1.8000,1.2000,0.5500,4.5000,-2.0000,0.3000
1789192598.7950,6.9500,2.4000,-1.3000,0.4750,3.0000,1.9000,0.4250,1.8000,1.2000,0.5500,4.5000,-2.0000,0.3000
1789192598.8834,7.0000,2.4000,-1.3000,0.4750,3.0000,1.9000,0.4250,1.8000,1.2000,0.5500,4.5000,-2.0000,0.3000
1789192598.9704,7.0500,2.4000,-1.3000,0.4750,3.0000,1.9000,0.4250,1.8000,1.2000,0.5500,4.5000,-2.0000,0.3000
1789192599.0563,7.1000,2.4000,-1.3000,0.4750,3.0000,1.9000,0.4250,1.8000,1.2000,0.5500,4.5000,-2.0000,0.3000
1789192599.1424,7.1500,2.4000,-1.3000,0.4750,3.0000,1.9000,0.4250,1.8000,1.2000,0.5500,4.5000,-2.0000,0.3000
1789192599.2233,7.2000,2.4000,-1.3000,0.4750,3.0000,1.9000,0.4250,1.8000,1.2000,0.5500,4.5000,-2.0000,0.3000
1789192599.3049,7.2500,2.4000,-1.3000,0.4750,3.0000,1.9000,0.4250,1.8000,1.2000,0.5500,4.5000,-2.0000,0.3000
1789192599.3854,7.3000,2.4000,-1.3000,0.4750,3.0000,1.9000,0.4250,1.8000,1.2000,0.5500,4.5000,-2.0000,0.3000
1789192599.4695,7.3500,2.4000,-1.3000,0.4750,3.0000,1.9000,0.4250,1.8000,1.2000,0.5500,4.5000,-2.0000,0.3000
1789192599.5548,7.4000,2.4000,-1.3000,0.4750,3.0000,1.9000,0.4250,1.8000,1.2000,0.5500,4.5000,-2.0000,0.3000
1789192599.6405,7.4500,2.4000,-1.3000,0.4750,3.0000,1.9000,0.4250,1.8000,1.2000,0.5500,4.5000,-2.0000,0.3000
1789192599.7261,7.5000,2.4000,-1.3000,0.4750,3.0000,1.9000,0.4250,1.8000,1.2000,0.5500,4.5000,-2.0000,0.3000
1789192599.8119,7.5500,2.4000,-1.3000,0.4750,3.0000,1.9000,0.4250,1.8000,1.2000,0.5500,4.5000,-2.0000,0.3000
1789192599.8977,7.6000,2.4000,-1.3000,0.4750,3.0000,1.9000,0.4250,1.8000,1.2000,0.5500,4.5000,-2.0000,0.3000
1789192599.9838,7.6500,2.4000,-1.3000,0.4750,3.0000,1.9000,0.4250,1.8000,1.2000,0.5500,4.5000,-2.0000,0.3000
1789192600.0726,7.7000,2.4000,-1.3000,0.4750,3.0000,1.9000,0.4250,1.8000,1.2000,0.5500,4.5000,-2.0000,0.3000
1789192600.1576,7.7500,2.4000,-1.3000,0.4750,3.0000,1.9000,0.4250,1.8000,1.2000,0.5500,4.5000,-2.0000,0.3000
1789192600.2428,7.8000,2.4000,-1.3000,0.4750,3.0000,1.9000,0.4250,1.8000,1.2000,0.5500,4.5000,-2.0000,0.3000
1789192600.3307,7.8500,2.4000,-1.3000,0.4750,3.0000,1.9000,0.4250,1.8000,1.2000,0.5500,4.5000,-2.0000,0.3000
1789192600.4178,7.9000,2.4000,-1.3000,0.4750,3.0000,1.9000,0.4250,1.8000,1.2000,0.5500,4.5000,-2.0000,0.3000
1789192600.5028,7.9500,2.4000,-1.3000,0.4750,3.0000,1.9000,0.4250,1.8000,1.2000,0.5500,4.5000,-2.0000,0.3000
1789192600.5898,8.0000,2.4000,-1.3000,0.4750,3.0000,1.9000,0.4250,1.8000,1.2000,0.5500,4.5000,-2.0000,0.3000
1789192600.6743,8.0500,2.4000,-1.3000,0.4750,3.0000,1.9000,0.4250,1.8000,1.2000,0.5500,4.5000,-2.0000,0.3000
1789192600.7615,8.1000,2.4000,-1.3000,0.4750,3.0000,1.9000,0.4250,1.8000,1.2000,0.5500,4.5000,-2.0000,0.3000
1789192600.8462,8.1500,2.4000,-1.3000,0.4750,3.0000,1.9000,0.4250,1.8000,1.2000,0.5500,4.5000,-2.0000,0.3000
1789192600.9343,8.2000,2.4000,-1.3000,0.4750,3.0000,1.9000,0.4250,1.8000,1.2000,0.5500,4.5000,-2.0000,0.3000
1789192601.0209,8.2500,2.4000,-1.3000,0.4750,3.0000,1.9000,0.4250,1.8000,1.2000,0.5500,4.5000,-2.0000,0.3000
1789192601.1057,8.3000,2.4000,-1.3000,0.4750,3.0000,1.9000,0.4250,1.8000,1.2000,0.5500,4.5000,-2.0000,0.3000
1789192601.1939,8.3500,2.4000,-1.3000,0.4750,3.0000,1.9000,0.4250,1.8000,1.2000,0.5500,4.5000,-2.0000,0.3000
1789192601.2801,8.4000,2.4000,-1.3000,0.4750,3.0000,1.9000,0.4250,1.8000,1.2000,0.5500,4.5000,-2.0000,0.3000
1789192601.3644,8.4500,2.4000,-1.3000,0.4750,3.0000,1.9000,0.4250,1.8000,1.2000,0.5500,4.5000,-2.0000,0.3000
1789192601.4526,8.5000,2.4000,-1.3000,0.4750,3.0000,1.9000,0.4250,1.8000,1.2000,0.5500,4.5000,-2.0000,0.3000
1789192601.5384,8.5500,2.4000,-1.3000,0.4750,3.0000,1.9000,0.4250,1.8000,1.2000,0.5500,4.5000,-2.0000,0.3000
1789192601.6228,8.6000,2.4000,-1.3000,0.4750,3.0000,1.9000,0.4250,1.8000,1.2000,0.5500,4.5000,-2.0000,0.3000
1789192601.7093,8.6500,2.4000,-1.3000,0.4750,3.0000,1.9000,0.4250,1.8000,1.2000,0.5500,4.5000,-2.0000,0.3000
1789192601.7943,8.7000,2.4000,-1.3000,0.4750,3.0000,1.9000,0.4250,1.8000,1.2000,0.5500,4.5000,-2.0000,0.3000
1789192601.8802,8.7500,2.4000,-1.3000,0.4750,3.0000,1.9000,0.4250,1.8000,1.2000,0.5500,4.5000,-2.0000,0.3000
1789192601.9657,8.8000,2.4000,-1.3000,0.4750,3.0000,1.9000,0.4250,1.8000,1.2000,0.5500,4.5000,-2.0000,0.3000
1789192602.0517,8.8500,2.4000,-1.3000,0.4750,3.0000,1.9000,0.4250,1.8000,1.2000,0.5500,4.5000,-2.0000,0.3000
1789192602.1388,8.9000,2.4000,-1.3000,0.4750,3.0000,1.9000,0.4250,1.8000,1.2000,0.5500,4.5000,-2.0000,0.3000
1789192602.2228,8.9500,2.4000,-1.3000,0.4750,3.0000,1.9000,0.4250,1.8000,1.2000,0.5500,4.5000,-2.0000,0.3000
1789192602.3059,9.0000,2.4000,-1.3000,0.4750,3.0000,1.9000,0.4250,1.8000,1.2000,0.5500,4.5000,-2.0000,0.3000
1789192602.3909,9.0500,2.4000,-1.3000,0.4750,3.0000,1.9000,0.4250,1.8000,1.2000,0.5500,4.5000,-2.0000,0.3000
1789192602.4738,9.1000,2.4000,-1.3000,0.4750,3.0000,1.9000,0.4250,1.8000,1.2000,0.5500,4.5000,-2.0000,0.3000
1789192602.5571,9.1500,2.4000,-1.3000,0.4750,3.0000,1.9000,0.4250,1.8000,1.2000,0.5500,4.5000,-2.0000,0.3000
1789192602.6471,9.2000,2.4000,-1.3000,0.4750,3.0000,1.9000,0.4250,1.8000,1.2000,0.5500,4.5000,-2.0000,0.3000
1789192602.7327,9.2500,2.4000,-1.3000,0.4750,3.0000,1.9000,0.4250,1.8000,1.2000,0.5500,4.5000,-2.0000,0.3000
1789192602.8144,9.3000,2.4000,-1.3000,0.4750,3.0000,1.9000,0.4250,1.8000,1.2000,0.5500,4.5000,-2.0000,0.3000
1789192602.8960,9.3500,2.4000,-1.3000,0.4750,3.0000,1.9000,0.4250,1.8000,1.2000,0.5500,4.5000,-2.0000,0.3000
1789192602.9774,9.4000,2.4000,-1.3000,0.4750,3.0000,1.9000,0.4250,1.8000,1.2000,0.5500,4.5000,-2.0000,0.3000
1789192603.0605,9.4500,2.4000,-1.3000,0.4750,3.0000,1.9000,0.4250,1.8000,1.2000,0.5500,4.5000,-2.0000,0.3000
1789192603.1428,9.5000,2.4000,-1.3000,0.4750,3.0000,1.9000,0.4250,1.8000,1.2000,0.5500,4.5000,-2.0000,0.3000
1789192603.2273,9.5500,2.4000,-1.3000,0.4750,3.0000,1.9000,0.4250,1.8000,1.2000,0.5500,4.5000,-2.0000,0.3000
1789192603.3111,9.6000,2.4000,-1.3000,0.4750,3.0000,1.9000,0.4250,1.8000,1.2000,0.5500,4.5000,-2.0000,0.3000
1789192603.3955,9.6500,2.4000,-1.3000,0.4750,3.0000,1.9000,0.4250,1.8000,1.2000,0.5500,4.5000,-2.0000,0.3000
1789192603.4798,9.7000,2.4000,-1.3000,0.4750,3.0000,1.9000,0.4250,1.8000,1.2000,0.5500,4.5000,-2.0000,0.3000
1789192603.5656,9.7500,2.4000,-1.3000,0.4750,3.0000,1.9000,0.4250,1.8000,1.2000,0.5500,4.5000,-2.0000,0.3000
1789192603.6499,9.8000,2.4000,-1.3000,0.4750,3.0000,1.9000,0.4250,1.8000,1.2000,0.5500,4.5000,-2.0000,0.3000
1789192603.7372,9.8500,2.4000,-1.3000,0.4750,3.0000,1.9000,0.4250,1.8000,1.2000,0.5500,4.5000,-2.0000,0.3000
1789192603.8219,9.9000,2.4000,-1.3000,0.4750,3.0000,1.9000,0.4250,1.8000,1.2000,0.5500,4.5000,-2.0000,0.3000
1789192603.9051,9.9500,2.4000,-1.3000,0.4750,3.0000,1.9000,0.4250,1.8000,1.2000,0.5500,4.5000,-2.0000,0.3000
1789192603.9894,10.0000,2.4000,-1.3000,0.4750,3.0000,1.9000,0.4250,1.8000,1.2000,0.5500,4.5000,-2.0000,0.3000
1789192604.0739,10.0500,2.4000,-1.3000,0.4750,3.0000,1.9000,0.4250,1.8000,1.2000,0.5500,4.5000,-2.0000,0.3000
1789192604.1596,10.1000,2.4000,-1.3000,0.4750,3.0000,1.9000,0.4250,1.8000,1.2000,0.5500,4.5000,-2.0000,0.3000
1789192604.2432,10.1500,2.4000,-1.3000,0.4750,3.0000,1.9000,0.4250,1.8000,1.2000,0.5500,4.5000,-2.0000,0.3000
1789192604.3265,10.2000,2.4000,-1.3000,0.4750,3.0000,1.9000,0.4250,1.8000,1.2000,0.5500,4.5000,-2.0000,0.3000
1789192604.4103,10.2500,2.4000,-1.3000,0.4750,3.0000,1.9000,0.4250,1.8000,1.2000,0.5500,4.5000,-2.0000,0.3000
1789192604.4956,10.3000,2.4000,-1.3000,0.4750,3.0000,1.9000,0.4250,1.8000,1.2000,0.5500,4.5000,-2.0000,0.3000
1789192604.5795,10.3500,2.4000,-1.3000,0.4750,3.0000,1.9000,0.4250,1.8000,1.2000,0.5500,4.5000,-2.0000,0.3000
1789192604.6656,10.4000,2.4000,-1.3000,0.4750,3.0000,1.9000,0.4250,1.8000,1.2000,0.5500,4.5000,-2.0000,0.3000
1789192604.7502,10.4500,2.4000,-1.3000,0.4750,3.0000,1.9000,0.4250,1.8000,1.2000,0.5500,4.5000,-2.0000,0.3000
1789192604.8359,10.5000,2.4000,-1.3000,0.4750,3.0000,1.9000,0.4250,1.8000,1.2000,0.5500,4.5000,-2.0000,0.3000
1789192604.9198,10.5500,2.4000,-1.3000,0.4750,3.0000,1.9000,0.4250,1.8000,1.2000,0.5500,4.5000,-2.0000,0.3000
1789192605.0062,10.6000,2.4000,-1.3000,0.4750,3.0000,1.9000,0.4250,1.8000,1.2000,0.5500,4.5000,-2.0000,0.3000
1789192605.0912,10.6500,2.4000,-1.3000,0.4750,3.0000,1.9000,0.4250,1.8000,1.2000,0.5500,4.5000,-2.0000,0.3000
1789192605.1744,10.7000,2.4000,-1.3000,0.4750,3.0000,1.9000,0.4250,1.8000,1.2000,0.5500,4.5000,-2.0000,0.3000
1789192605.2597,10.7500,2.4000,-1.3000,0.4750,3.0000,1.9000,0.4250,1.8000,1.2000,0.5500,4.5000,-2.0000,0.3000
1789192605.3436,10.8000,2.4000,-1.3000,0.4750,3.0000,1.9000,0.4250,1.8000,1.2000,0.5500,4.5000,-2.0000,0.3000
1789192605.4289,10.8500,2.4000,-1.3000,0.4750,3.0000,1.9000,0.4250,1.8000,1.2000,0.5500,4.5000,-2.0000,0.3000
1789192605.5130,10.9000,2.4000,-1.3000,0.4750,3.0000,1.9000,0.4250,1.8000,1.2000,0.5500,4.5000,-2.0000,0.3000
1789192605.5994,10.9500,2.4000,-1.3000,0.4750,3.0000,1.9000,0.4250,1.8000,1.2000,0.5500,4.5000,-2.0000,0.3000
1789192605.6841,11.0000,2.4000,-1.3000,0.4750,3.0000,1.9000,0.4250,1.8000,1.2000,0.5500,4.5000,-2.0000,0.3000
1789192605.7708,11.0500,2.4000,-1.3000,0.4750,3.0000,1.9000,0.4250,1.8000,1.2000,0.5500,4.5000,-2.0000,0.3000
1789192605.8529,11.1000,2.4000,-1.3000,0.4750,3.0000,1.9000,0.4250,1.8000,1.2000,0.5500,4.5000,-2.0000,0.3000
1789192605.9342,11.1500,2.4000,-1.3000,0.4750,3.0000,1.9000,0.4250,1.8000,1.2000,0.5500,4.5000,-2.0000,0.3000
1789192606.0189,11.2000,2.4000,-1.3000,0.4750,3.0000,1.9000,0.4250,1.8000,1.2000,0.5500,4.5000,-2.0000,0.3000
1789192606.1042,11.2500,2.4000,-1.3000,0.4750,3.0000,1.9000,0.4250,1.8000,1.2000,0.5500,4.5000,-2.0000,0.3000
1789192606.1897,11.3000,2.4000,-1.3000,0.4750,3.0000,1.9000,0.4250,1.8000,1.2000,0.5500,4.5000,-2.0000,0.3000
1789192606.2718,11.3500,2.4000,-1.3000,0.4750,3.0000,1.9000,0.4250,1.8000,1.2000,0.5500,4.5000,-2.0000,0.3000
1789192606.3571,11.4000,2.4000,-1.3000,0.4750,3.0000,1.9000,0.4250,1.8000,1.2000,0.5500,4.5000,-2.0000,0.3000
1789192606.4413,11.4500,2.4000,-1.3000,0.4750,3.0000,1.9000,0.4250,1.8000,1.2000,0.5500,4.5000,-2.0000,0.3000
1789192606.5267,11.5000,2.4000,-1.3000,0.4750,3.0000,1.9000,0.4250,1.8000,1.2000,0.5500,4.5000,-2.0000,0.3000
1789192606.6102,11.5500,2.4000,-1.3000,0.4750,3.0000,1.9000,0.4250,1.8000,1.2000,0.5500,4.5000,-2.0000,0.3000
1789192606.6956,11.6000,2.4000,-1.3000,0.4750,3.0000,1.9000,0.4250,1.8000,1.2000,0.5500,4.5000,-2.0000,0.3000
1789192606.7806,11.6500,2.4000,-1.3000,0.4750,3.0000,1.9000,0.4250,1.8000,1.2000,0.5500,4.5000,-2.0000,0.3000
1789192606.8674,11.7000,2.4000,-1.3000,0.4750,3.0000,1.9000,0.4250,1.8000,1.2000,0.5500,4.5000,-2.0000,0.3000
1789192606.9515,11.7500,2.4000,-1.3000,0.4750,3.0000,1.9000,0.4250,1.8000,1.2000,0.5500,4.5000,-2.0000,0.3000
1789192607.0357,11.8000,2.4000,-1.3000,0.4750,3.0000,1.9000,0.4250,1.8000,1.2000,0.5500,4.5000,-2.0000,0.3000
1789192607.1188,11.8500,2.4000,-1.3000,0.4750,3.0000,1.9000,0.4250,1.8000,1.2000,0.5500,4.5000,-2.0000,0.3000
1789192607.2031,11.9000,2.4000,-1.3000,0.4750,3.0000,1.9000,0.4250,1.8000,1.2000,0.5500,4.5000,-2.0000,0.3000
1789192607.2865,11.9500,2.4000,-1.3000,0.4750,3.0000,1.9000,0.4250,1.8000,1.2000,0.5500,4.5000,-2.0000,0.3000
1789192607.3712,12.0000,2.4000,-1.3000,0.4750,3.0000,1.9000,0.4250,1.8000,1.2000,0.5500,4.5000,-2.0000,0.3000
1789192607.4575,12.0500,2.4000,-1.3000,0.4750,3.0000,1.9000,0.4250,1.8000,1.2000,0.5500,4.5000,-2.0000,0.3000
1789192607.5401,12.1000,2.4000,-1.3000,0.4750,3.0000,1.9000,0.4250,1.8000,1.2000,0.5500,4.5000,-2.0000,0.3000
1789192607.6181,12.1500,2.4000,-1.3000,0.4750,3.0000,1.9000,0.4250,1.8000,1.2000,0.5500,4.5000,-2.0000,0.3000
1789192607.6966,12.2000,2.4000,-1.3000,0.4750,3.0000,1.9000,0.4250,1.8000,1.2000,0.5500,4.5000,-2.0000,0.3000
1789192607.7748,12.2500,2.4000,-1.3000,0.4750,3.0000,1.9000,0.4250,1.8000,1.2000,0.5500,4.5000,-2.0000,0.3000
1789192607.8525,12.3000,2.4000,-1.3000,0.4750,3.0000,1.9000,0.4250,1.8000,1.2000,0.5500,4.5000,-2.0000,0.3000
1789192607.9317,12.3500,2.4000,-1.3000,0.4750,3.0000,1.9000,0.4250,1.8000,1.2000,0.5500,4.5000,-2.0000,0.3000
1789192608.0105,12.4000,2.4000,-1.3000,0.4750,3.0000,1.9000,0.4250,1.8000,1.2000,0.5500,4.5000,-2.0000,0.3000
1789192608.0916,12.4500,2.4000,-1.3000,0.4750,3.0000,1.9000,0.4250,1.8000,1.2000,0.5500,4.5000,-2.0000,0.3000
1789192608.1754,12.5000,2.4000,-1.3000,0.4750,3.0000,1.9000,0.4250,1.8000,1.2000,0.5500,4.5000,-2.0000,0.3000
1789192608.2593,12.5500,2.4000,-1.3000,0.4750,3.0000,1.9000,0.4250,1.8000,1.2000,0.5500,4.5000,-2.0000,0.3000
1789192608.3403,12.6000,2.4000,-1.3000,0.4750,3.0000,1.9000,0.4250,1.8000,1.2000,0.5500,4.5000,-2.0000,0.3000
1789192608.4257,12.6500,2.4000,-1.3000,0.4750,3.0000,1.9000,0.4250,1.8000,1.2000,0.5500,4.5000,-2.0000,0.3000
1789192608.5099,12.7000,2.4000,-1.3000,0.4750,3.0000,1.9000,0.4250,1.8000,1.2000,0.5500,4.5000,-2.0000,0.3000
1789192608.5964,12.7500,2.4000,-1.3000,0.4750,3.0000,1.9000,0.4250,1.8000,1.2000,0.5500,4.5000,-2.0000,0.3000
1789192608.6808,12.8000,2.4000,-1.3000,0.4750,3.0000,1.9000,0.4250,1.8000,1.2000,0.5500,4.5000,-2.0000,0.3000
1789192608.7658,12.8500,2.4000,-1.3000,0.4750,3.0000,1.9000,0.4250,1.8000,1.2000,0.5500,4.5000,-2.0000,0.3000
1789192608.8495,12.9000,2.4000,-1.3000,0.4750,3.0000,1.9000,0.4250,1.8000,1.2000,0.5500,4.5000,-2.0000,0.3000
1789192608.9351,12.9500,2.4000,-1.3000,0.4750,3.0000,1.9000,0.4250,1.8000,1.2000,0.5500,4.5000,-2.0000,0.3000
1789192609.0214,13.0000,2.4000,-1.3000,0.4750,3.0000,1.9000,0.4250,1.8000,1.2000,0.5500,4.5000,-2.0000,0.3000
1789192609.1055,13.0500,2.4000,-1.3000,0.4750,3.0000,1.9000,0.4250,1.8000,1.2000,0.5500,4.5000,-2.0000,0.3000
1789192609.1913,13.1000,2.4000,-1.3000,0.4750,3.0000,1.9000,0.4250,1.8000,1.2000,0.5500,4.5000,-2.0000,0.3000
1789192609.2748,13.1500,2.4000,-1.3000,0.4750,3.0000,1.9000,0.4250,1.8000,1.2000,0.5500,4.5000,-2.0000,0.3000
1789192609.3594,13.2000,2.4000,-1.3000,0.4750,3.0000,1.9000,0.4250,1.8000,1.2000,0.5500,4.5000,-2.0000,0.3000
1789192609.4434,13.2500,2.4000,-1.3000,0.4750,3.0000,1.9000,0.4250,1.8000,1.2000,0.5500,4.5000,-2.0000,0.3000
1789192609.5286,13.3000,2.4000,-1.3000,0.4750,3.0000,1.9000,0.4250,1.8000,1.2000,0.5500,4.5000,-2.0000,0.3000
1789192609.6123,13.3500,2.4000,-1.3000,0.4750,3.0000,1.9000,0.4250,1.8000,1.2000,0.5500,4.5000,-2.0000,0.3000
1789192609.6981,13.4000,2.4000,-1.3000,0.4750,3.0000,1.9000,0.4250,1.8000,1.2000,0.5500,4.5000,-2.0000,0.3000
1789192609.7828,13.4500,2.4000,-1.3000,0.4750,3.0000,1.9000,0.4250,1.8000,1.2000,0.5500,4.5000,-2.0000,0.3000
1789192609.8691,13.5000,2.4000,-1.3000,0.4750,3.0000,1.9000,0.4250,1.8000,1.2000,0.5500,4.5000,-2.0000,0.3000
1789192609.9528,13.5500,2.4000,-1.3000,0.4750,3.0000,1.9000,0.4250,1.8000,1.2000,0.5500,4.5000,-2.0000,0.3000
1789192610.0383,13.6000,2.4000,-1.3000,0.4750,3.0000,1.9000,0.4250,1.8000,1.2000,0.5500,4.5000,-2.0000,0.3000
1789192610.1237,13.6500,2.4000,-1.3000,0.4750,3.0000,1.9000,0.4250,1.8000,1.2000,0.5500,4.5000,-2.0000,0.3000
1789192610.2071,13.7000,2.4000,-1.3000,0.4750,3.0000,1.9000,0.4250,1.8000,1.2000,0.5500,4.5000,-2.0000,0.3000
1789192610.2861,13.7500,2.4000,-1.3000,0.4750,3.0000,1.9000,0.4250,1.8000,1.2000,0.5500,4.5000,-2.0000,0.3000
1789192610.3660,13.8000,2.4000,-1.3000,0.4750,3.0000,1.9000,0.4250,1.8000,1.2000,0.5500,4.5000,-2.0000,0.3000
1789192610.4470,13.8500,2.4000,-1.3000,0.4750,3.0000,1.9000,0.4250,1.8000,1.2000,0.5500,4.5000,-2.0000,0.3000
1789192610.5283,13.9000,2.4000,-1.3000,0.4750,3.0000,1.9000,0.4250,1.8000,1.2000,0.5500,4.5000,-2.0000,0.3000
1789192610.6105,13.9500,2.4000,-1.3000,0.4750,3.0000,1.9000,0.4250,1.8000,1.2000,0.5500,4.5000,-2.0000,0.3000
1789192610.6931,14.0000,2.4000,-1.3000,0.4750,3.0000,1.9000,0.4250,1.8000,1.2000,0.5500,4.5000,-2.0000,0.3000
1789192610.7772,14.0500,2.4000,-1.3000,0.4750,3.0000,1.9000,0.4250,1.8000,1.2000,0.5500,4.5000,-2.0000,0.3000
1789192610.8610,14.1000,2.4000,-1.3000,0.4750,3.0000,1.9000,0.4250,1.8000,1.2000,0.5500,4.5000,-2.0000,0.3000
1789192610.9459,14.1500,2.4000,-1.3000,0.4750,3.0000,1.9000,0.4250,1.8000,1.2000,0.5500,4.5000,-2.0000,0.3000
1789192611.0297,14.2000,2.4000,-1.3000,0.4750,3.0000,1.9000,0.4250,1.8000,1.2000,0.5500,4.5000,-2.0000,0.3000
1789192611.1163,14.2500,2.4000,-1.3000,0.4750,3.0000,1.9000,0.4250,1.8000,1.2000,0.5500,4.5000,-2.0000,0.3000
1789192611.1994,14.3000,2.4000,-1.3000,0.4750,3.0000,1.9000,0.4250,1.8000,1.2000,0.5500,4.5000,-2.0000,0.3000
1789192611.2834,14.3500,2.4000,-1.3000,0.4750,3.0000,1.9000,0.4250,1.8000,1.2000,0.5500,4.5000,-2.0000,0.3000
1789192611.3669,14.4000,2.4000,-1.3000,0.4750,3.0000,1.9000,0.4250,1.8000,1.2000,0.5500,4.5000,-2.0000,0.3000
1789192611.4505,14.4500,2.4000,-1.3000,0.4750,3.0000,1.9000,0.4250,1.8000,1.2000,0.5500,4.5000,-2.0000,0.3000
1789192611.5352,14.5000,2.4000,-1.3000,0.4750,3.0000,1.9000,0.4250,1.8000,1.2000,0.5500,4.5000,-2.0000,0.3000
1789192611.6189,14.5500,2.4000,-1.3000,0.4750,3.0000,1.9000,0.4250,1.8000,1.2000,0.5500,4.5000,-2.0000,0.3000
1789192611.7050,14.6000,2.4000,-1.3000,0.4750,3.0000,1.9000,0.4250,1.8000,1.2000,0.5500,4.5000,-2.0000,0.3000
1789192611.7890,14.6500,2.4000,-1.3000,0.4750,3.0000,1.9000,0.4250,1.8000,1.2000,0.5500,4.5000,-2.0000,0.3000
1789192611.8758,14.7000,2.4000,-1.3000,0.4750,3.0000,1.9000,0.4250,1.8000,1.2000,0.5500,4.5000,-2.0000,0.3000
1789192611.9598,14.7500,2.4000,-1.3000,0.4750,3.0000,1.9000,0.4250,1.8000,1.2000,0.5500,4.5000,-2.0000,0.3000
1789192612.0455,14.8000,2.4000,-1.3000,0.4750,3.0000,1.9000,0.4250,1.8000,1.2000,0.5500,4.5000,-2.0000,0.3000
1789192612.1296,14.8500,2.4000,-1.3000,0.4750,3.0000,1.9000,0.4250,1.8000,1.2000,0.5500,4.5000,-2.0000,0.3000
1789192612.2139,14.9000,2.4000,-1.3000,0.4750,3.0000,1.9000,0.4250,1.8000,1.2000,0.5500,4.5000,-2.0000,0.3000
1789192612.2955,14.9500,2.4000,-1.3000,0.4750,3.0000,1.9000,0.4250,1.8000,1.2000,0.5500,4.5000,-2.0000,0.3000
1789192612.3779,15.0000,2.4000,-1.3000,0.4750,3.0000,1.9000,0.4250,1.8000,1.2000,0.5500,4.5000,-2.0000,0.3000
1789192612.4626,15.0500,2.4000,-1.3000,0.4750,3.0000,1.9000,0.4250,1.8000,1.2000,0.5500,4.5000,-2.0000,0.3000
1789192612.5461,15.1000,2.4000,-1.3000,0.4750,3.0000,1.9000,0.4250,1.8000,1.2000,0.5500,4.5000,-2.0000,0.3000
1789192612.6315,15.1500,2.4000,-1.3000,0.4750,3.0000,1.9000,0.4250,1.8000,1.2000,0.5500,4.5000,-2.0000,0.3000
1789192612.7147,15.2000,2.4000,-1.3000,0.4750,3.0000,1.9000,0.4250,1.8000,1.2000,0.5500,4.5000,-2.0000,0.3000
1789192612.8004,15.2500,2.4000,-1.3000,0.4750,3.0000,1.9000,0.4250,1.8000,1.2000,0.5500,4.5000,-2.0000,0.3000
1789192612.8844,15.3000,2.4000,-1.3000,0.4750,3.0000,1.9000,0.4250,1.8000,1.2000,0.5500,4.5000,-2.0000,0.3000
1789192612.9694,15.3500,2.4000,-1.3000,0.4750,3.0000,1.9000,0.4250,1.8000,1.2000,0.5500,4.5000,-2.0000,0.3000
1789192613.0535,15.4000,2.4000,-1.3000,0.4750,3.0000,1.9000,0.4250,1.8000,1.2000,0.5500,4.5000,-2.0000,0.3000
1789192613.1386,15.4500,2.4000,-1.3000,0.4750,3.0000,1.9000,0.4250,1.8000,1.2000,0.5500,4.5000,-2.0000,0.3000
1789192613.2226,15.5000,2.4000,-1.3000,0.4750,3.0000,1.9000,0.4250,1.8000,1.2000,0.5500,4.5000,-2.0000,0.3000
1789192613.3082,15.5500,2.4000,-1.3000,0.4750,3.0000,1.9000,0.4250,1.8000,1.2000,0.5500,4.5000,-2.0000,0.3000
1789192613.3914,15.6000,2.4000,-1.3000,0.4750,3.0000,1.9000,0.4250,1.8000,1.2000,0.5500,4.5000,-2.0000,0.3000
1789192613.4754,15.6500,2.4000,-1.3000,0.4750,3.0000,1.9000,0.4250,1.8000,1.2000,0.5500,4.5000,-2.0000,0.3000
1789192613.5600,15.7000,2.4000,-1.3000,0.4750,3.0000,1.9000,0.4250,1.8000,1.2000,0.5500,4.5000,-2.0000,0.3000
1789192613.6442,15.7500,2.4000,-1.3000,0.4750,3.0000,1.9000,0.4250,1.8000,1.2000,0.5500,4.5000,-2.0000,0.3000
1789192613.7304,15.8000,2.4000,-1.3000,0.4750,3.0000,1.9000,0.4250,1.8000,1.2000,0.5500,4.5000,-2.0000,0.3000
1789192613.8161,15.8500,2.4000,-1.3000,0.4750,3.0000,1.9000,0.4250,1.8000,1.2000,0.5500,4.5000,-2.0000,0.3000
1789192613.9013,15.9000,2.4000,-1.3000,0.4750,3.0000,1.9000,0.4250,1.8000,1.2000,0.5500,4.5000,-2.0000,0.3000
1789192613.9850,15.9500,2.4000,-1.3000,0.4750,3.0000,1.9000,0.4250,1.8000,1.2000,0.5500,4.5000,-2.0000,0.3000
1789192614.0712,16.0000,2.4000,-1.3000,0.4750,3.0000,1.9000,0.4250,1.8000,1.2000,0.5500,4.5000,-2.0000,0.3000
1789192614.1554,16.0500,2.4000,-1.3000,0.4750,3.0000,1.9000,0.4250,1.8000,1.2000,0.5500,4.5000,-2.0000,0.3000
1789192614.2382,16.1000,2.4000,-1.3000,0.4750,3.0000,1.9000,0.4250,1.8000,1.2000,0.5500,4.5000,-2.0000,0.3000
1789192614.3209,16.1500,2.4000,-1.3000,0.4750,3.0000,1.9000,0.4250,1.8000,1.2000,0.5500,4.5000,-2.0000,0.3000
1789192614.4050,16.2000,2.4000,-1.3000,0.4750,3.0000,1.9000,0.4250,1.8000,1.2000,0.5500,4.5000,-2.0000,0.3000
1789192614.4890,16.2500,2.4000,-1.3000,0.4750,3.0000,1.9000,0.4250,1.8000,1.2000,0.5500,4.5000,-2.0000,0.3000
1789192614.5730,16.3000,2.4000,-1.3000,0.4750,3.0000,1.9000,0.4250,1.8000,1.2000,0.5500,4.5000,-2.0000,0.3000
1789192614.6571,16.3500,2.4000,-1.3000,0.4750,3.0000,1.9000,0.4250,1.8000,1.2000,0.5500,4.5000,-2.0000,0.3000
1789192614.7412,16.4000,2.4000,-1.3000,0.4750,3.0000,1.9000,0.4250,1.8000,1.2000,0.5500,4.5000,-2.0000,0.3000
1789192614.8226,16.4500,2.4000,-1.3000,0.4750,3.0000,1.9000,0.4250,1.8000,1.2000,0.5500,4.5000,-2.0000,0.3000
1789192614.9055,16.5000,2.4000,-1.3000,0.4750,3.0000,1.9000,0.4250,1.8000,1.2000,0.5500,4.5000,-2.0000,0.3000
1789192614.9906,16.5500,2.4000,-1.3000,0.4750,3.0000,1.9000,0.4250,1.8000,1.2000,0.5500,4.5000,-2.0000,0.3000
1789192615.0714,16.6000,2.4000,-1.3000,0.4750,3.0000,1.9000,0.4250,1.8000,1.2000,0.5500,4.5000,-2.0000,0.3000
1789192615.1516,16.6500,2.4000,-1.3000,0.4750,3.0000,1.9000,0.4250,1.8000,1.2000,0.5500,4.5000,-2.0000,0.3000
1789192615.2316,16.7000,2.4000,-1.3000,0.4750,3.0000,1.9000,0.4250,1.8000,1.2000,0.5500,4.5000,-2.0000,0.3000
1789192615.3117,16.7500,2.4000,-1.3000,0.4750,3.0000,1.9000,0.4250,1.8000,1.2000,0.5500,4.5000,-2.0000,0.3000
1789192615.3921,16.8000,2.4000,-1.3000,0.4750,3.0000,1.9000,0.4250,1.8000,1.2000,0.5500,4.5000,-2.0000,0.3000
1789192615.4734,16.8500,2.4000,-1.3000,0.4750,3.0000,1.9000,0.4250,1.8000,1.2000,0.5500,4.5000,-2.0000,0.3000
1789192615.5556,16.9000,2.4000,-1.3000,0.4750,3.0000,1.9000,0.4250,1.8000,1.2000,0.5500,4.5000,-2.0000,0.3000
1789192615.6387,16.9500,2.4000,-1.3000,0.4750,3.0000,1.9000,0.4250,1.8000,1.2000,0.5500,4.5000,-2.0000,0.3000
1789192615.7225,17.0000,2.4000,-1.3000,0.4750,3.0000,1.9000,0.4250,1.8000,1.2000,0.5500,4.5000,-2.0000,0.3000
1789192615.8065,17.0500,2.4000,-1.3000,0.4750,3.0000,1.9000,0.4250,1.8000,1.2000,0.5500,4.5000,-2.0000,0.3000
1789192615.8901,17.1000,2.4000,-1.3000,0.4750,3.0000,1.9000,0.4250,1.8000,1.2000,0.5500,4.5000,-2.0000,0.3000
1789192615.9751,17.1500,2.4000,-1.3000,0.4750,3.0000,1.9000,0.4250,1.8000,1.2000,0.5500,4.5000,-2.0000,0.3000
1789192616.0601,17.2000,2.4000,-1.3000,0.4750,3.0000,1.9000,0.4250,1.8000,1.2000,0.5500,4.5000,-2.0000,0.3000
1789192616.1436,17.2500,2.4000,-1.3000,0.4750,3.0000,1.9000,0.4250,1.8000,1.2000,0.5500,4.5000,-2.0000,0.3000
1789192616.2277,17.3000,2.4000,-1.3000,0.4750,3.0000,1.9000,0.4250,1.8000,1.2000,0.5500,4.5000,-2.0000,0.3000
1789192616.3112,17.3500,2.4000,-1.3000,0.4750,3.0000,1.9000,0.4250,1.8000,1.2000,0.5500,4.5000,-2.0000,0.3000
1789192616.3959,17.4000,2.4000,-1.3000,0.4750,3.0000,1.9000,0.4250,1.8000,1.2000,0.5500,4.5000,-2.0000,0.3000
1789192616.4797,17.4500,2.4000,-1.3000,0.4750,3.0000,1.9000,0.4250,1.8000,1.2000,0.5500,4.5000,-2.0000,0.3000
1789192616.5653,17.5000,2.4000,-1.3000,0.4750,3.0000,1.9000,0.4250,1.8000,1.2000,0.5500,4.5000,-2.0000,0.3000
1789192616.6490,17.5500,2.4000,-1.3000,0.4750,3.0000,1.9000,0.4250,1.8000,1.2000,0.5500,4.5000,-2.0000,0.3000
1789192616.7352,17.6000,2.4000,-1.3000,0.4750,3.0000,1.9000,0.4250,1.8000,1.2000,0.5500,4.5000,-2.0000,0.3000
1789192616.8186,17.6500,2.4000,-1.3000,0.4750,3.0000,1.9000,0.4250,1.8000,1.2000,0.5500,4.5000,-2.0000,0.3000
1789192616.9050,17.7000,2.4000,-1.3000,0.4750,3.0000,1.9000,0.4250,1.8000,1.2000,0.5500,4.5000,-2.0000,0.3000
1789192616.9865,17.7500,2.4000,-1.3000,0.4750,3.0000,1.9000,0.4250,1.8000,1.2000,0.5500,4.5000,-2.0000,0.3000
1789192617.0694,17.8000,2.4000,-1.3000,0.4750,3.0000,1.9000,0.4250,1.8000,1.2000,0.5500,4.5000,-2.0000,0.3000
1789192617.1522,17.8500,2.4000,-1.3000,0.4750,3.0000,1.9000,0.4250,1.8000,1.2000,0.5500,4.5000,-2.0000,0.3000
1789192617.2367,17.9000,2.4000,-1.3000,0.4750,3.0000,1.9000,0.4250,1.8000,1.2000,0.5500,4.5000,-2.0000,0.3000
1789192617.3207,17.9500,2.4000,-1.3000,0.4750,3.0000,1.9000,0.4250,1.8000,1.2000,0.5500,4.5000,-2.0000,0.3000
1789192617.4046,18.0000,2.4000,-1.3000,0.4750,3.0000,1.9000,0.4250,1.8000,1.2000,0.5500,4.5000,-2.0000,0.3000
1789192617.4903,18.0500,2.4000,-1.3000,0.4750,3.0000,1.9000,0.4250,1.8000,1.2000,0.5500,4.5000,-2.0000,0.3000
1789192617.5736,18.1000,2.4000,-1.3000,0.4750,3.0000,1.9000,0.4250,1.8000,1.2000,0.5500,4.5000,-2.0000,0.3000
1789192617.6566,18.1500,2.4000,-1.3000,0.4750,3.0000,1.9000,0.4250,1.8000,1.2000,0.5500,4.5000,-2.0000,0.3000
1789192617.7399,18.2000,2.4000,-1.3000,0.4750,3.0000,1.9000,0.4250,1.8000,1.2000,0.5500,4.5000,-2.0000,0.3000
1789192617.8237,18.2500,2.4000,-1.3000,0.4750,3.0000,1.9000,0.4250,1.8000,1.2000,0.5500,4.5000,-2.0000,0.3000
1789192617.9073,18.3000,2.4000,-1.3000,0.4750,3.0000,1.9000,0.4250,1.8000,1.2000,0.5500,4.5000,-2.0000,0.3000
1789192617.9930,18.3500,2.4000,-1.3000,0.4750,3.0000,1.9000,0.4250,1.8000,1.2000,0.5500,4.5000,-2.0000,0.3000
1789192618.0756,18.4000,2.4000,-1.3000,0.4750,3.0000,1.9000,0.4250,1.8000,1.2000,0.5500,4.5000,-2.0000,0.3000
1789192618.1606,18.4500,2.4000,-1.3000,0.4750,3.0000,1.9000,0.4250,1.8000,1.2000,0.5500,4.5000,-2.0000,0.3000
1789192618.2446,18.5000,2.4000,-1.3000,0.4750,3.0000,1.9000,0.4250,1.8000,1.2000,0.5500,4.5000,-2.0000,0.3000
1789192618.3295,18.5500,2.4000,-1.3000,0.4750,3.0000,1.9000,0.4250,1.8000,1.2000,0.5500,4.5000,-2.0000,0.3000
1789192618.4138,18.6000,2.4000,-1.3000,0.4750,3.0000,1.9000,0.4250,1.8000,1.2000,0.5500,4.5000,-2.0000,0.3000
1789192618.4991,18.6500,2.4000,-1.3000,0.4750,3.0000,1.9000,0.4250,1.8000,1.2000,0.5500,4.5000,-2.0000,0.3000
1789192618.5830,18.7000,2.4000,-1.3000,0.4750,3.0000,1.9000,0.4250,1.8000,1.2000,0.5500,4.5000,-2.0000,0.3000
1789192618.6678,18.7500,2.4000,-1.3000,0.4750,3.0000,1.9000,0.4250,1.8000,1.2000,0.5500,4.5000,-2.0000,0.3000
1789192618.7505,18.8000,2.4000,-1.3000,0.4750,3.0000,1.9000,0.4250,1.8000,1.2000,0.5500,4.5000,-2.0000,0.3000
1789192618.8375,18.8500,2.4000,-1.3000,0.4750,3.0000,1.9000,0.4250,1.8000,1.2000,0.5500,4.5000,-2.0000,0.3000
1789192618.9270,18.9000,2.4000,-1.3000,0.4750,3.0000,1.9000,0.4250,1.8000,1.2000,0.5500,4.5000,-2.0000,0.3000
1789192619.0107,18.9500,2.4000,-1.3000,0.4750,3.0000,1.9000,0.4250,1.8000,1.2000,0.5500,4.5000,-2.0000,0.3000
1789192619.0959,19.0000,2.4000,-1.3000,0.4750,3.0000,1.9000,0.4250,1.8000,1.2000,0.5500,4.5000,-2.0000,0.3000
1789192619.1798,19.0500,2.4000,-1.3000,0.4750,3.0000,1.9000,0.4250,1.8000,1.2000,0.5500,4.5000,-2.0000,0.3000
1789192619.2651,19.1000,2.4000,-1.3000,0.4750,3.0000,1.9000,0.4250,1.8000,1.2000,0.5500,4.5000,-2.0000,0.3000
1789192619.3485,19.1500,2.4000,-1.3000,0.4750,3.0000,1.9000,0.4250,1.8000,1.2000,0.5500,4.5000,-2.0000,0.3000
1789192619.4322,19.2000,2.4000,-1.3000,0.4750,3.0000,1.9000,0.4250,1.8000,1.2000,0.5500,4.5000,-2.0000,0.3000
1789192619.5161,19.2500,2.4000,-1.3000,0.4750,3.0000,1.9000,0.4250,1.8000,1.2000,0.5500,4.5000,-2.0000,0.3000
1789192619.5991,19.3000,2.4000,-1.3000,0.4750,3.0000,1.9000,0.4250,1.8000,1.2000,0.5500,4.5000,-2.0000,0.3000
1789192619.6748,19.3500,2.4000,-1.3000,0.4750,3.0000,1.9000,0.4250,1.8000,1.2000,0.5500,4.5000,-2.0000,0.3000
1789192619.7639,19.4000,2.4000,-1.3000,0.4750,3.0000,1.9000,0.4250,1.8000,1.2000,0.5500,4.5000,-2.0000,0.3000
1789192619.8489,19.4500,2.4000,-1.3000,0.4750,3.0000,1.9000,0.4250,1.8000,1.2000,0.5500,4.5000,-2.0000,0.3000
1789192619.9330,19.5000,2.4000,-1.3000,0.4750,3.0000,1.9000,0.4250,1.8000,1.2000,0.5500,4.5000,-2.0000,0.3000
1789192620.0169,19.5500,2.4000,-1.3000,0.4750,3.0000,1.9000,0.4250,1.8000,1.2000,0.5500,4.5000,-2.0000,0.3000
1789192620.0993,19.6000,2.4000,-1.3000,0.4750,3.0000,1.9000,0.4250,1.8000,1.2000,0.5500,4.5000,-2.0000,0.3000
1789192620.1832,19.6500,2.4000,-1.3000,0.4750,3.0000,1.9000,0.4250,1.8000,1.2000,0.5500,4.5000,-2.0000,0.3000
1789192620.2663,19.7000,2.4000,-1.3000,0.4750,3.0000,1.9000,0.4250,1.8000,1.2000,0.5500,4.5000,-2.0000,0.3000
1789192620.3501,19.7500,2.4000,-1.3000,0.4750,3.0000,1.9000,0.4250,1.8000,1.2000,0.5500,4.5000,-2.0000,0.3000
1789192620.4336,19.8000,2.4000,-1.3000,0.4750,3.0000,1.9000,0.4250,1.8000,1.2000,0.5500,4.5000,-2.0000,0.3000
1789192620.5177,19.8500,2.4000,-1.3000,0.4750,3.0000,1.9000,0.4250,1.8000,1.2000,0.5500,4.5000,-2.0000,0.3000
1789192620.6016,19.9000,2.4000,-1.3000,0.4750,3.0000,1.9000,0.4250,1.8000,1.2000,0.5500,4.5000,-2.0000,0.3000
1789192620.6866,19.9500,2.4000,-1.3000,0.4750,3.0000,1.9000,0.4250,1.8000,1.2000,0.5500,4.5000,-2.0000,0.3000
1789192620.7696,20.0000,2.4000,-1.3000,0.4750,3.0000,1.9000,0.4250,1.8000,1.2000,0.5500,4.5000,-2.0000,0.3000
1789192620.8546,20.0500,2.4000,-1.3000,0.4750,3.0000,1.9000,0.4250,1.8000,1.2000,0.5500,4.5000,-2.0000,0.3000
1789192620.9385,20.1000,2.4000,-1.3000,0.4750,3.0000,1.9000,0.4250,1.8000,1.2000,0.5500,4.5000,-2.0000,0.3000
1789192621.0245,20.1500,2.4000,-1.3000,0.4750,3.0000,1.9000,0.4250,1.8000,1.2000,0.5500,4.5000,-2.0000,0.3000
1789192621.1087,20.2000,2.4000,-1.3000,0.4750,3.0000,1.9000,0.4250,1.8000,1.2000,0.5500,4.5000,-2.0000,0.3000
1789192621.1932,20.2500,2.4000,-1.3000,0.4750,3.0000,1.9000,0.4250,1.8000,1.2000,0.5500,4.5000,-2.0000,0.3000
1789192621.2768,20.3000,2.4000,-1.3000,0.4750,3.0000,1.9000,0.4250,1.8000,1.2000,0.5500,4.5000,-2.0000,0.3000
1789192621.3612,20.3500,2.4000,-1.3000,0.4750,3.0000,1.9000,0.4250,1.8000,1.2000,0.5500,4.5000,-2.0000,0.3000
1789192621.4470,20.4000,2.4000,-1.3000,0.4750,3.0000,1.9000,0.4250,1.8000,1.2000,0.5500,4.5000,-2.0000,0.3000
1789192621.5308,20.4500,2.4000,-1.3000,0.4750,3.0000,1.9000,0.4250,1.8000,1.2000,0.5500,4.5000,-2.0000,0.3000
1789192621.6147,20.5000,2.4000,-1.3000,0.4750,3.0000,1.9000,0.4250,1.8000,1.2000,0.5500,4.5000,-2.0000,0.3000
1789192621.6929,20.5500,2.4000,-1.3000,0.4750,3.0000,1.9000,0.4250,1.8000,1.2000,0.5500,4.5000,-2.0000,0.3000
1789192621.7747,20.6000,2.4000,-1.3000,0.4750,3.0000,1.9000,0.4250,1.8000,1.2000,0.5500,4.5000,-2.0000,0.3000
1789192621.8570,20.6500,2.4000,-1.3000,0.4750,3.0000,1.9000,0.4250,1.8000,1.2000,0.5500,4.5000,-2.0000,0.3000
1789192621.9412,20.7000,2.4000,-1.3000,0.4750,3.0000,1.9000,0.4250,1.8000,1.2000,0.5500,4.5000,-2.0000,0.3000
1789192622.0247,20.7500,2.4000,-1.3000,0.4750,3.0000,1.9000,0.4250,1.8000,1.2000,0.5500,4.5000,-2.0000,0.3000
1789192622.1091,20.8000,2.4000,-1.3000,0.4750,3.0000,1.9000,0.4250,1.8000,1.2000,0.5500,4.5000,-2.0000,0.3000
1789192622.1929,20.8500,2.4000,-1.3000,0.4750,3.0000,1.9000,0.4250,1.8000,1.2000,0.5500,4.5000,-2.0000,0.3000
1789192622.2792,20.9000,2.4000,-1.3000,0.4750,3.0000,1.9000,0.4250,1.8000,1.2000,0.5500,4.5000,-2.0000,0.3000
1789192622.3633,20.9500,2.4000,-1.3000,0.4750,3.0000,1.9000,0.4250,1.8000,1.2000,0.5500,4.5000,-2.0000,0.3000
1789192622.4474,21.0000,2.4000,-1.3000,0.4750,3.0000,1.9000,0.4250,1.8000,1.2000,0.5500,4.5000,-2.0000,0.3000
1789192622.5337,21.0500,2.4000,-1.3000,0.4750,3.0000,1.9000,0.4250,1.8000,1.2000,0.5500,4.5000,-2.0000,0.3000
1789192622.6164,21.1000,2.4000,-1.3000,0.4750,3.0000,1.9000,0.4250,1.8000,1.2000,0.5500,4.5000,-2.0000,0.3000
1789192622.7011,21.1500,2.4000,-1.3000,0.4750,3.0000,1.9000,0.4250,1.8000,1.2000,0.5500,4.5000,-2.0000,0.3000
1789192622.7853,21.2000,2.4000,-1.3000,0.4750,3.0000,1.9000,0.4250,1.8000,1.2000,0.5500,4.5000,-2.0000,0.3000
1789192622.8714,21.2500,2.4000,-1.3000,0.4750,3.0000,1.9000,0.4250,1.8000,1.2000,0.5500,4.5000,-2.0000,0.3000
1789192622.9549,21.3000,2.4000,-1.3000,0.4750,3.0000,1.9000,0.4250,1.8000,1.2000,0.5500,4.5000,-2.0000,0.3000
1789192623.0400,21.3500,2.4000,-1.3000,0.4750,3.0000,1.9000,0.4250,1.8000,1.2000,0.5500,4.5000,-2.0000,0.3000
1789192623.1234,21.4000,2.4000,-1.3000,0.4750,3.0000,1.9000,0.4250,1.8000,1.2000,0.5500,4.5000,-2.0000,0.3000
1789192623.2075,21.4500,2.4000,-1.3000,0.4750,3.0000,1.9000,0.4250,1.8000,1.2000,0.5500,4.5000,-2.0000,0.3000
1789192623.2907,21.5000,2.4000,-1.3000,0.4750,3.0000,1.9000,0.4250,1.8000,1.2000,0.5500,4.5000,-2.0000,0.3000
1789192623.3766,21.5500,2.4000,-1.3000,0.4750,3.0000,1.9000,0.4250,1.8000,1.2000,0.5500,4.5000,-2.0000,0.3000
1789192623.4601,21.6000,2.4000,-1.3000,0.4750,3.0000,1.9000,0.4250,1.8000,1.2000,0.5500,4.5000,-2.0000,0.3000
1789192623.5498,21.6500,2.4000,-1.3000,0.4750,3.0000,1.9000,0.4250,1.8000,1.2000,0.5500,4.5000,-2.0000,0.3000
1789192623.6330,21.7000,2.4000,-1.3000,0.4750,3.0000,1.9000,0.4250,1.8000,1.2000,0.5500,4.5000,-2.0000,0.3000
1789192623.7112,21.7500,2.4000,-1.3000,0.4750,3.0000,1.9000,0.4250,1.8000,1.2000,0.5500,4.5000,-2.0000,0.3000
1789192623.7940,21.8000,2.4000,-1.3000,0.4750,3.0000,1.9000,0.4250,1.8000,1.2000,0.5500,4.5000,-2.0000,0.3000
1789192623.8795,21.8500,2.4000,-1.3000,0.4750,3.0000,1.9000,0.4250,1.8000,1.2000,0.5500,4.5000,-2.0000,0.3000
1789192623.9652,21.9000,2.4000,-1.3000,0.4750,3.0000,1.9000,0.4250,1.8000,1.2000,0.5500,4.5000,-2.0000,0.3000
1789192624.0493,21.9500,2.4000,-1.3000,0.4750,3.0000,1.9000,0.4250,1.8000,1.2000,0.5500,4.5000,-2.0000,0.3000
1789192624.1342,22.0000,2.4000,-1.3000,0.4750,3.0000,1.9000,0.4250,1.8000,1.2000,0.5500,4.5000,-2.0000,0.3000
1789192624.2174,22.0500,2.4000,-1.3000,0.4750,3.0000,1.9000,0.4250,1.8000,1.2000,0.5500,4.5000,-2.0000,0.3000
1789192624.3016,22.1000,2.4000,-1.3000,0.4750,3.0000,1.9000,0.4250,1.8000,1.2000,0.5500,4.5000,-2.0000,0.3000
1789192624.3852,22.1500,2.4000,-1.3000,0.4750,3.0000,1.9000,0.4250,1.8000,1.2000,0.5500,4.5000,-2.0000,0.3000
1789192624.4713,22.2000,2.4000,-1.3000,0.4750,3.0000,1.9000,0.4250,1.8000,1.2000,0.5500,4.5000,-2.0000,0.3000
1789192624.5543,22.2500,2.4000,-1.3000,0.4750,3.0000,1.9000,0.4250,1.8000,1.2000,0.5500,4.5000,-2.0000,0.3000
1789192624.6414,22.3000,2.4000,-1.3000,0.4750,3.0000,1.9000,0.4250,1.8000,1.2000,0.5500,4.5000,-2.0000,0.3000
1789192624.7253,22.3500,2.4000,-1.3000,0.4750,3.0000,1.9000,0.4250,1.8000,1.2000,0.5500,4.5000,-2.0000,0.3000
1789192624.8102,22.4000,2.4000,-1.3000,0.4750,3.0000,1.9000,0.4250,1.8000,1.2000,0.5500,4.5000,-2.0000,0.3000
1789192624.8935,22.4500,2.4000,-1.3000,0.4750,3.0000,1.9000,0.4250,1.8000,1.2000,0.5500,4.5000,-2.0000,0.3000
1789192624.9783,22.5000,2.4000,-1.3000,0.4750,3.0000,1.9000,0.4250,1.8000,1.2000,0.5500,4.5000,-2.0000,0.3000
1789192625.0643,22.5500,2.4000,-1.3000,0.4750,3.0000,1.9000,0.4250,1.8000,1.2000,0.5500,4.5000,-2.0000,0.3000
1789192625.1499,22.6000,2.4000,-1.3000,0.4750,3.0000,1.9000,0.4250,1.8000,1.2000,0.5500,4.5000,-2.0000,0.3000
1789192625.2365,22.6500,2.4000,-1.3000,0.4750,3.0000,1.9000,0.4250,1.8000,1.2000,0.5500,4.5000,-2.0000,0.3000
1789192625.3233,22.7000,2.4000,-1.3000,0.4750,3.0000,1.9000,0.4250,1.8000,1.2000,0.5500,4.5000,-2.0000,0.3000
1789192625.4092,22.7500,2.4000,-1.3000,0.4750,3.0000,1.9000,0.4250,1.8000,1.2000,0.5500,4.5000,-2.0000,0.3000
1789192625.4941,22.8000,2.4000,-1.3000,0.4750,3.0000,1.9000,0.4250,1.8000,1.2000,0.5500,4.5000,-2.0000,0.3000
1789192625.5800,22.8500,2.4000,-1.3000,0.4750,3.0000,1.9000,0.4250,1.8000,1.2000,0.5500,4.5000,-2.0000,0.3000
1789192625.6671,22.9000,2.4000,-1.3000,0.4750,3.0000,1.9000,0.4250,1.8000,1.2000,0.5500,4.5000,-2.0000,0.3000
1789192625.7558,22.9500,2.4000,-1.3000,0.4750,3.0000,1.9000,0.4250,1.8000,1.2000,0.5500,4.5000,-2.0000,0.3000
1789192625.8414,23.0000,2.4000,-1.3000,0.4750,3.0000,1.9000,0.4250,1.8000,1.2000,0.5500,4.5000,-2.0000,0.3000
1789192625.9280,23.0500,2.4000,-1.3000,0.4750,3.0000,1.9000,0.4250,1.8000,1.2000,0.5500,4.5000,-2.0000,0.3000
1789192626.0157,23.1000,2.4000,-1.3000,0.4750,3.0000,1.9000,0.4250,1.8000,1.2000,0.5500,4.5000,-2.0000,0.3000
1789192626.1018,23.1500,2.4000,-1.3000,0.4750,3.0000,1.9000,0.4250,1.8000,1.2000,0.5500,4.5000,-2.0000,0.3000
1789192626.1879,23.2000,2.4000,-1.3000,0.4750,3.0000,1.9000,0.4250,1.8000,1.2000,0.5500,4.5000,-2.0000,0.3000
1789192626.2731,23.2500,2.4000,-1.3000,0.4750,3.0000,1.9000,0.4250,1.8000,1.2000,0.5500,4.5000,-2.0000,0.3000
1789192626.3611,23.3000,2.4000,-1.3000,0.4750,3.0000,1.9000,0.4250,1.8000,1.2000,0.5500,4.5000,-2.0000,0.3000
1789192626.4467,23.3500,2.4000,-1.3000,0.4750,3.0000,1.9000,0.4250,1.8000,1.2000,0.5500,4.5000,-2.0000,0.3000
1789192626.5346,23.4000,2.4000,-1.3000,0.4750,3.0000,1.9000,0.4250,1.8000,1.2000,0.5500,4.5000,-2.0000,0.3000
1789192626.6226,23.4500,2.4000,-1.3000,0.4750,3.0000,1.9000,0.4250,1.8000,1.2000,0.5500,4.5000,-2.0000,0.3000
1789192626.7076,23.5000,2.4000,-1.3000,0.4750,3.0000,1.9000,0.4250,1.8000,1.2000,0.5500,4.5000,-2.0000,0.3000
1789192626.7969,23.5500,2.4000,-1.3000,0.4750,3.0000,1.9000,0.4250,1.8000,1.2000,0.5500,4.5000,-2.0000,0.3000
1789192626.8823,23.6000,2.4000,-1.3000,0.4750,3.0000,1.9000,0.4250,1.8000,1.2000,0.5500,4.5000,-2.0000,0.3000
1789192626.9681,23.6500,2.4000,-1.3000,0.4750,3.0000,1.9000,0.4250,1.8000,1.2000,0.5500,4.5000,-2.0000,0.3000
1789192627.0563,23.7000,2.4000,-1.3000,0.4750,3.0000,1.9000,0.4250,1.8000,1.2000,0.5500,4.5000,-2.0000,0.3000
1789192627.1415,23.7500,2.4000,-1.3000,0.4750,3.0000,1.9000,0.4250,1.8000,1.2000,0.5500,4.5000,-2.0000,0.3000
1789192627.2266,23.8000,2.4000,-1.3000,0.4750,3.0000,1.9000,0.4250,1.8000,1.2000,0.5500,4.5000,-2.0000,0.3000
1789192627.3106,23.8500,2.4000,-1.3000,0.4750,3.0000,1.9000,0.4250,1.8000,1.2000,0.5500,4.5000,-2.0000,0.3000
1789192627.3962,23.9000,2.4000,-1.3000,0.4750,3.0000,1.9000,0.4250,1.8000,1.2000,0.5500,4.5000,-2.0000,0.3000
1789192627.4821,23.9500,2.4000,-1.3000,0.4750,3.0000,1.9000,0.4250,1.8000,1.2000,0.5500,4.5000,-2.0000,0.3000
1789192627.5661,24.0000,2.4000,-1.3000,0.4750,3.0000,1.9000,0.4250,1.8000,1.2000,0.5500,4.5000,-2.0000,0.3000
1789192627.6549,24.0500,2.4000,-1.3000,0.4750,3.0000,1.9000,0.4250,1.8000,1.2000,0.5500,4.5000,-2.0000,0.3000
1789192627.7402,24.1000,2.4000,-1.3000,0.4750,3.0000,1.9000,0.4250,1.8000,1.2000,0.5500,4.5000,-2.0000,0.3000
1789192627.8262,24.1500,2.4000,-1.3000,0.4750,3.0000,1.9000,0.4250,1.8000,1.2000,0.5500,4.5000,-2.0000,0.3000
1789192627.9107,24.2000,2.4000,-1.3000,0.4750,3.0000,1.9000,0.4250,1.8000,1.2000,0.5500,4.5000,-2.0000,0.3000
1789192627.9990,24.2500,2.4000,-1.3000,0.4750,3.0000,1.9000,0.4250,1.8000,1.2000,0.5500,4.5000,-2.0000,0.3000
1789192628.0858,24.3000,2.4000,-1.3000,0.4750,3.0000,1.9000,0.4250,1.8000,1.2000,0.5500,4.5000,-2.0000,0.3000
1789192628.1705,24.3500,2.4000,-1.3000,0.4750,3.0000,1.9000,0.4250,1.8000,1.2000,0.5500,4.5000,-2.0000,0.3000
1789192628.2558,24.4000,2.4000,-1.3000,0.4750,3.0000,1.9000,0.4250,1.8000,1.2000,0.5500,4.5000,-2.0000,0.3000
1789192628.3391,24.4500,2.4000,-1.3000,0.4750,3.0000,1.9000,0.4250,1.8000,1.2000,0.5500,4.5000,-2.0000,0.3000
1789192628.4250,24.5000,2.4000,-1.3000,0.4750,3.0000,1.9000,0.4250,1.8000,1.2000,0.5500,4.5000,-2.0000,0.3000
1789192628.5113,24.5500,2.4000,-1.3000,0.4750,3.0000,1.9000,0.4250,1.8000,1.2000,0.5500,4.5000,-2.0000,0.3000
1789192628.5972,24.6000,2.4000,-1.3000,0.4750,3.0000,1.9000,0.4250,1.8000,1.2000,0.5500,4.5000,-2.0000,0.3000
1789192628.6829,24.6500,2.4000,-1.3000,0.4750,3.0000,1.9000,0.4250,1.8000,1.2000,0.5500,4.5000,-2.0000,0.3000
1789192628.7688,24.7000,2.4000,-1.3000,0.4750,3.0000,1.9000,0.4250,1.8000,1.2000,0.5500,4.5000,-2.0000,0.3000
1789192628.8552,24.7500,2.4000,-1.3000,0.4750,3.0000,1.9000,0.4250,1.8000,1.2000,0.5500,4.5000,-2.0000,0.3000
1789192628.9406,24.8000,2.4000,-1.3000,0.4750,3.0000,1.9000,0.4250,1.8000,1.2000,0.5500,4.5000,-2.0000,0.3000
1789192629.0284,24.8500,2.4000,-1.3000,0.4750,3.0000,1.9000,0.4250,1.8000,1.2000,0.5500,4.5000,-2.0000,0.3000
1789192629.1111,24.9000,2.4000,-1.3000,0.4750,3.0000,1.9000,0.4250,1.8000,1.2000,0.5500,4.5000,-2.0000,0.3000
1789192629.1956,24.9500,2.4000,-1.3000,0.4750,3.0000,1.9000,0.4250,1.8000,1.2000,0.5500,4.5000,-2.0000,0.3000
1789192629.2779,25.0000,2.4000,-1.3000,0.4750,3.0000,1.9000,0.4250,1.8000,1.2000,0.5500,4.5000,-2.0000,0.3000
1789192629.3603,25.0500,2.4000,-1.3000,0.4750,3.0000,1.9000,0.4250,1.8000,1.2000,0.5500,4.5000,-2.0000,0.3000
1789192629.4439,25.1000,2.4000,-1.3000,0.4750,3.0000,1.9000,0.4250,1.8000,1.2000,0.5500,4.5000,-2.0000,0.3000
1789192629.5280,25.1500,2.4000,-1.3000,0.4750,3.0000,1.9000,0.4250,1.8000,1.2000,0.5500,4.5000,-2.0000,0.3000
1789192629.6118,25.2000,2.4000,-1.3000,0.4750,3.0000,1.9000,0.4250,1.8000,1.2000,0.5500,4.5000,-2.0000,0.3000
1789192629.6976,25.2500,2.4000,-1.3000,0.4750,3.0000,1.9000,0.4250,1.8000,1.2000,0.5500,4.5000,-2.0000,0.3000
1789192629.7840,25.3000,2.4000,-1.3000,0.4750,3.0000,1.9000,0.4250,1.8000,1.2000,0.5500,4.5000,-2.0000,0.3000
1789192629.8700,25.3500,2.4000,-1.3000,0.4750,3.0000,1.9000,0.4250,1.8000,1.2000,0.5500,4.5000,-2.0000,0.3000
1789192629.9554,25.4000,2.4000,-1.3000,0.4750,3.0000,1.9000,0.4250,1.8000,1.2000,0.5500,4.5000,-2.0000,0.3000
1789192630.0409,25.4500,2.4000,-1.3000,0.4750,3.0000,1.9000,0.4250,1.8000,1.2000,0.5500,4.5000,-2.0000,0.3000
1789192630.1272,25.5000,2.4000,-1.3000,0.4750,3.0000,1.9000,0.4250,1.8000,1.2000,0.5500,4.5000,-2.0000,0.3000
1789192630.2118,25.5500,2.4000,-1.3000,0.4750,3.0000,1.9000,0.4250,1.8000,1.2000,0.5500,4.5000,-2.0000,0.3000
1789192630.2966,25.6000,2.4000,-1.3000,0.4750,3.0000,1.9000,0.4250,1.8000,1.2000,0.5500,4.5000,-2.0000,0.3000
1789192630.3814,25.6500,2.4000,-1.3000,0.4750,3.0000,1.9000,0.4250,1.8000,1.2000,0.5500,4.5000,-2.0000,0.3000
1789192630.4660,25.7000,2.4000,-1.3000,0.4750,3.0000,1.9000,0.4250,1.8000,1.2000,0.5500,4.5000,-2.0000,0.3000
1789192630.5505,25.7500,2.4000,-1.3000,0.4750,3.0000,1.9000,0.4250,1.8000,1.2000,0.5500,4.5000,-2.0000,0.3000
1789192630.6330,25.8000,2.4000,-1.3000,0.4750,3.0000,1.9000,0.4250,1.8000,1.2000,0.5500,4.5000,-2.0000,0.3000
1789192630.7143,25.8500,2.4000,-1.3000,0.4750,3.0000,1.9000,0.4250,1.8000,1.2000,0.5500,4.5000,-2.0000,0.3000
1789192630.7980,25.9000,2.4000,-1.3000,0.4750,3.0000,1.9000,0.4250,1.8000,1.2000,0.5500,4.5000,-2.0000,0.3000
1789192630.8845,25.9500,2.4000,-1.3000,0.4750,3.0000,1.9000,0.4250,1.8000,1.2000,0.5500,4.5000,-2.0000,0.3000
1789192630.9704,26.0000,2.4000,-1.3000,0.4750,3.0000,1.9000,0.4250,1.8000,1.2000,0.5500,4.5000,-2.0000,0.3000
1789192631.0533,26.0500,2.4000,-1.3000,0.4750,3.0000,1.9000,0.4250,1.8000,1.2000,0.5500,4.5000,-2.0000,0.3000
1789192631.1389,26.1000,2.4000,-1.3000,0.4750,3.0000,1.9000,0.4250,1.8000,1.2000,0.5500,4.5000,-2.0000,0.3000
1789192631.2239,26.1500,2.4000,-1.3000,0.4750,3.0000,1.9000,0.4250,1.8000,1.2000,0.5500,4.5000,-2.0000,0.3000
1789192631.3087,26.2000,2.4000,-1.3000,0.4750,3.0000,1.9000,0.4250,1.8000,1.2000,0.5500,4.5000,-2.0000,0.3000
1789192631.3931,26.2500,2.4000,-1.3000,0.4750,3.0000,1.9000,0.4250,1.8000,1.2000,0.5500,4.5000,-2.0000,0.3000
1789192631.4782,26.3000,2.4000,-1.3000,0.4750,3.0000,1.9000,0.4250,1.8000,1.2000,0.5500,4.5000,-2.0000,0.3000
1789192631.5640,26.3500,2.4000,-1.3000,0.4750,3.0000,1.9000,0.4250,1.8000,1.2000,0.5500,4.5000,-2.0000,0.3000
1789192631.6501,26.4000,2.4000,-1.3000,0.4750,3.0000,1.9000,0.4250,1.8000,1.2000,0.5500,4.5000,-2.0000,0.3000
1789192631.7350,26.4500,2.4000,-1.3000,0.4750,3.0000,1.9000,0.4250,1.8000,1.2000,0.5500,4.5000,-2.0000,0.3000
1789192631.8243,26.5000,2.4000,-1.3000,0.4750,3.0000,1.9000,0.4250,1.8000,1.2000,0.5500,4.5000,-2.0000,0.3000
1789192631.9076,26.5500,2.4000,-1.3000,0.4750,3.0000,1.9000,0.4250,1.8000,1.2000,0.5500,4.5000,-2.0000,0.3000
1789192631.9915,26.6000,2.4000,-1.3000,0.4750,3.0000,1.9000,0.4250,1.8000,1.2000,0.5500,4.5000,-2.0000,0.3000
1789192632.0757,26.6500,2.4000,-1.3000,0.4750,3.0000,1.9000,0.4250,1.8000,1.2000,0.5500,4.5000,-2.0000,0.3000
1789192632.1548,26.7000,2.4000,-1.3000,0.4750,3.0000,1.9000,0.4250,1.8000,1.2000,0.5500,4.5000,-2.0000,0.3000
1789192632.2388,26.7500,2.4000,-1.3000,0.4750,3.0000,1.9000,0.4250,1.8000,1.2000,0.5500,4.5000,-2.0000,0.3000
1789192632.3242,26.8000,2.4000,-1.3000,0.4750,3.0000,1.9000,0.4250,1.8000,1.2000,0.5500,4.5000,-2.0000,0.3000
1789192632.4097,26.8500,2.4000,-1.3000,0.4750,3.0000,1.9000,0.4250,1.8000,1.2000,0.5500,4.5000,-2.0000,0.3000
1789192632.4951,26.9000,2.4000,-1.3000,0.4750,3.0000,1.9000,0.4250,1.8000,1.2000,0.5500,4.5000,-2.0000,0.3000
1789192632.5833,26.9500,2.4000,-1.3000,0.4750,3.0000,1.9000,0.4250,1.8000,1.2000,0.5500,4.5000,-2.0000,0.3000
1789192632.6676,27.0000,2.4000,-1.3000,0.4750,3.0000,1.9000,0.4250,1.8000,1.2000,0.5500,4.5000,-2.0000,0.3000
1789192632.7526,27.0500,2.4000,-1.3000,0.4750,3.0000,1.9000,0.4250,1.8000,1.2000,0.5500,4.5000,-2.0000,0.3000
1789192632.8384,27.1000,2.4000,-1.3000,0.4750,3.0000,1.9000,0.4250,1.8000,1.2000,0.5500,4.5000,-2.0000,0.3000
1789192632.9226,27.1500,2.4000,-1.3000,0.4750,3.0000,1.9000,0.4250,1.8000,1.2000,0.5500,4.5000,-2.0000,0.3000
1789192633.0072,27.2000,2.4000,-1.3000,0.4750,3.0000,1.9000,0.4250,1.8000,1.2000,0.5500,4.5000,-2.0000,0.3000
1789192633.0936,27.2500,2.4000,-1.3000,0.4750,3.0000,1.9000,0.4250,1.8000,1.2000,0.5500,4.5000,-2.0000,0.3000
