t,phase,z,supervisor_info,motor_m1
0.026,takeoff,0.0199,14,36004
0.05,takeoff,0.0199,30,36005
0.071,takeoff,0.0199,30,37010
0.09,takeoff,0.0199,30,37021
0.11,takeoff,0.0199,30,37033
0.13,takeoff,0.0199,30,38063
0.15,takeoff,0.0199,30,38078
0.17,takeoff,0.0199,30,38111
0.189,takeoff,0.02,30,39162
0.212,takeoff,0.02,30,39215
0.23,takeoff,0.02,30,40286
0.251,takeoff,0.02,30,40321
0.27,takeoff,0.02,30,40392
0.291,takeoff,0.02,30,41480
0.311,takeoff,0.02,30,41562
0.331,takeoff,0.0202,30,42511
0.35,takeoff,0.0204,30,42279
0.371,takeoff,0.021,30,42074
0.393,takeoff,0.0228,30,42222
0.414,takeoff,0.0236,30,41562
0.436,takeoff,0.0257,30,41755
0.459,takeoff,0.0283,30,40934
0.476,takeoff,0.0319,30,39938
0.5,takeoff,0.0356,30,40043
0.517,takeoff,0.0402,30,39594
0.538,takeoff,0.045,30,38084
0.557,takeoff,0.0508,30,38118
0.577,takeoff,0.0535,30,37662
0.596,takeoff,0.06,30,36792
0.616,takeoff,0.0668,30,37000
0.637,takeoff,0.0731,30,36399
0.659,takeoff,0.0802,30,36748
0.677,takeoff,0.0876,30,36454
0.696,takeoff,0.0957,30,35831
0.718,takeoff,0.1035,30,36293
0.738,takeoff,0.111,30,35773
0.758,takeoff,0.1187,30,35955
0.778,takeoff,0.1266,30,35728
0.797,takeoff,0.1352,30,35286
0.818,takeoff,0.1438,30,35815
0.838,takeoff,0.152,30,35374
0.857,takeoff,0.1561,30,35985
0.878,takeoff,0.1643,30,35498
0.897,takeoff,0.1737,30,35022
0.92,takeoff,0.1823,30,35588
0.941,takeoff,0.1915,30,35117
0.959,takeoff,0.2007,30,34653
0.979,takeoff,0.2096,30,35437
0.999,takeoff,0.2186,30,34984
1.019,takeoff,0.2275,30,34502
1.041,takeoff,0.2368,30,34823
1.06,takeoff,0.2459,30,34397
1.081,takeoff,0.2549,30,34971
1.101,takeoff,0.2641,30,34745
1.12,takeoff,0.2735,30,34302
1.14,takeoff,0.2826,30,34901
1.161,takeoff,0.2921,30,34465
1.181,takeoff,0.3011,30,34860
1.202,takeoff,0.3102,30,34665
1.222,takeoff,0.319,30,34281
1.241,takeoff,0.324,30,34894
1.26,takeoff,0.3333,30,34506
1.281,takeoff,0.3426,30,34282
1.3,takeoff,0.3516,30,34732
1.321,takeoff,0.3608,30,34359
1.342,takeoff,0.3708,30,34937
1.361,takeoff,0.38,30,34547
1.382,takeoff,0.3892,30,34132
1.402,takeoff,0.3979,30,34951
1.421,takeoff,0.4072,30,34565
1.443,takeoff,0.4121,30,34095
1.461,takeoff,0.4211,30,34676
1.485,takeoff,0.4297,30,34496
1.504,takeoff,0.439,30,34113
1.526,takeoff,0.4475,30,34558
1.547,takeoff,0.456,30,34212
1.565,takeoff,0.4648,30,34812
1.585,takeoff,0.4733,30,34620
1.605,takeoff,0.4817,30,34210
1.625,takeoff,0.4909,30,33816
1.644,takeoff,0.4997,30,33382
1.665,takeoff,0.5079,30,32878
1.684,takeoff,0.5169,30,32681
1.704,takeoff,0.525,30,32358
1.725,takeoff,0.5295,30,32061
1.747,takeoff,0.5417,30,31813
1.766,takeoff,0.5461,30,31544
1.786,takeoff,0.5537,30,31357
1.806,takeoff,0.5611,30,31253
1.827,takeoff,0.5683,30,31171
1.846,takeoff,0.576,30,31072
1.868,takeoff,0.5831,30,31026
1.889,takeoff,0.5906,30,30980
1.914,takeoff,0.597,30,30972
1.926,takeoff,0.603,30,30982
1.946,takeoff,0.6087,30,31012
1.97,takeoff,0.614,30,31165
1.987,takeoff,0.6194,30,31238
2.006,takeoff,0.622,30,31282
2.027,takeoff,0.6272,30,31367
2.048,takeoff,0.6315,30,31441
2.066,takeoff,0.6358,30,31513
2.087,takeoff,0.6399,30,31570
2.11,takeoff,0.6439,30,31610
2.128,takeoff,0.6473,30,31636
2.147,takeoff,0.6507,30,31834
2.167,takeoff,0.6537,30,31885
2.187,takeoff,0.6565,30,31936
2.208,takeoff,0.6593,30,32003
2.227,takeoff,0.6617,30,32022
2.248,takeoff,0.664,30,32087
2.267,takeoff,0.666,30,32153
2.287,takeoff,0.6679,30,32198
2.307,takeoff,0.669,30,32384
2.328,takeoff,0.671,30,32438
2.348,takeoff,0.6723,30,32495
2.368,takeoff,0.6735,30,32542
2.388,takeoff,0.6742,30,32569
2.408,takeoff,0.6752,30,32731
2.427,takeoff,0.6759,30,32777
2.447,takeoff,0.6766,30,32839
2.467,takeoff,0.6772,30,32903
2.488,takeoff,0.6776,30,32955
2.508,takeoff,0.6779,30,32974
2.527,takeoff,0.6781,30,33107
2.555,takeoff,0.6782,30,33164
2.576,takeoff,0.6782,30,33205
2.594,takeoff,0.6781,30,33227
2.618,takeoff,0.678,30,33269
2.637,takeoff,0.6777,30,33325
2.659,takeoff,0.6777,30,33370
2.676,takeoff,0.6772,30,33417
2.697,takeoff,0.6768,30,33449
2.717,takeoff,0.6764,30,33467
2.738,takeoff,0.6758,30,33500
2.759,takeoff,0.6752,30,33534
2.778,takeoff,0.6746,30,33569
2.798,takeoff,0.6743,30,33600
2.818,takeoff,0.6736,30,33624
2.838,takeoff,0.6729,30,33654
2.862,takeoff,0.6722,30,33680
2.879,takeoff,0.6713,30,33712
2.898,takeoff,0.6705,30,33778
2.918,takeoff,0.6698,30,33791
2.938,takeoff,0.669,30,33800
2.96,takeoff,0.6682,30,33814
2.978,takeoff,0.6674,30,33827
3.0,takeoff,0.6667,30,33863
3.02,takeoff,0.6658,30,33874
3.038,takeoff,0.665,30,33879
3.062,takeoff,0.6642,30,33895
3.082,takeoff,0.6633,30,33899
3.1,takeoff,0.6629,30,33906
3.12,takeoff,0.662,30,33916
3.139,takeoff,0.6612,30,33919
3.159,takeoff,0.6604,30,33926
3.179,takeoff,0.6597,30,33939
3.202,takeoff,0.6589,30,33938
3.22,takeoff,0.6581,30,33939
3.24,takeoff,0.6573,30,33941
3.26,takeoff,0.6565,30,33941
3.28,takeoff,0.6558,30,33940
3.3,takeoff,0.6551,30,33939
3.323,takeoff,0.6544,30,33940
3.342,takeoff,0.6537,30,33941
3.361,takeoff,0.653,30,33942
3.381,takeoff,0.6524,30,33941
3.401,takeoff,0.6518,30,33934
3.422,takeoff,0.6512,30,33925
3.441,takeoff,0.6509,30,33922
3.461,takeoff,0.6502,30,33918
3.482,takeoff,0.6496,30,33913
3.501,takeoff,0.649,30,33909
3.524,takeoff,0.6484,30,33907
3.542,takeoff,0.6478,30,33908
3.562,takeoff,0.6475,30,33907
3.588,takeoff,0.6468,30,33907
3.611,takeoff,0.6462,30,33907
3.63,takeoff,0.6459,30,33908
3.65,takeoff,0.6454,30,33908
3.668,takeoff,0.645,30,33907
3.688,takeoff,0.6445,30,33907
3.71,takeoff,0.644,30,33904
3.729,hover+killswitch,0.6436,30,33901
3.749,hover+killswitch,0.6431,30,33900
3.769,hover+killswitch,0.6427,30,33897
3.79,hover+killswitch,0.6423,30,33896
3.81,hover+killswitch,0.6418,30,33895
3.829,hover+killswitch,0.6414,30,33893
3.85,hover+killswitch,0.641,30,33889
3.87,hover+killswitch,0.6406,30,33885
3.891,hover+killswitch,0.6402,30,33882
3.909,hover+killswitch,0.6399,30,33877
3.93,hover+killswitch,0.6395,30,33874
3.951,hover+killswitch,0.6393,30,33872
3.969,hover+killswitch,0.6389,30,33871
3.992,hover+killswitch,0.6386,30,33866
4.012,hover+killswitch,0.6382,30,33864
4.03,hover+killswitch,0.6379,30,33860
4.052,hover+killswitch,0.6376,30,33857
4.072,hover+killswitch,0.6373,30,33855
4.091,hover+killswitch,0.637,30,33851
4.112,hover+killswitch,0.6366,30,33851
4.131,hover+killswitch,0.6363,30,33849
4.151,hover+killswitch,0.6362,30,33848
4.172,hover+killswitch,0.6357,30,33849
4.203,hover+killswitch,0.6353,30,33845
4.213,hover+killswitch,0.6353,30,33844
4.232,hover+killswitch,0.635,30,33844
4.254,hover+killswitch,0.6347,30,33842
4.276,hover+killswitch,0.6343,30,33844
4.294,hover+killswitch,0.6342,30,33844
4.314,hover+killswitch,0.6339,30,33844
4.336,hover+killswitch,0.6336,30,33847
4.354,hover+killswitch,0.6334,30,33846
4.38,hover+killswitch,0.633,30,33844
4.395,hover+killswitch,0.6329,30,33842
4.419,hover+killswitch,0.6326,30,33840
4.438,hover+killswitch,0.6323,30,33840
4.456,hover+killswitch,0.6321,30,33840
4.476,hover+killswitch,0.6319,30,33843
4.496,hover+killswitch,0.6316,30,33841
4.516,hover+killswitch,0.6314,30,33840
4.537,hover+killswitch,0.6312,30,33837
4.555,hover+killswitch,0.6309,30,33836
4.578,hover+killswitch,0.6307,30,33834
4.6,hover+killswitch,0.6305,30,33830
4.619,hover+killswitch,0.6303,30,33826
4.635,hover+killswitch,0.6301,30,33825
4.657,hover+killswitch,0.63,30,33824
4.683,hover+killswitch,0.6297,30,33821
4.701,hover+killswitch,0.6295,30,33822
4.721,hover+killswitch,0.6293,30,33825
4.75,hover+killswitch,0.629,30,33827
4.764,hover+killswitch,0.6289,30,33830
4.785,pings stop,0.6286,30,33831
4.805,pings stop,0.6284,30,33835
4.825,pings stop,0.6282,30,33837
4.846,pings stop,0.628,30,33839
4.868,pings stop,0.6278,30,33844
4.886,pings stop,0.6275,30,33846
4.914,pings stop,0.6273,30,33846
4.926,pings stop,0.6272,30,33844
4.954,pings stop,0.6269,30,33841
4.966,pings stop,0.6268,30,33840
4.987,pings stop,0.6266,30,33838
5.006,pings stop,0.6264,30,33837
5.027,pings stop,0.6262,30,33836
5.046,pings stop,0.626,30,33835
5.067,pings stop,0.6258,30,33834
5.087,pings stop,0.6257,30,33833
5.107,pings stop,0.6255,30,33832
5.131,pings stop,0.6253,30,33834
5.149,pings stop,0.6251,30,33835
5.169,pings stop,0.6249,30,33836
5.188,pings stop,0.6247,30,33838
5.21,pings stop,0.6245,30,33839
5.23,pings stop,0.6243,30,33840
5.248,pings stop,0.6241,30,33844
5.268,pings stop,0.624,30,33845
5.288,pings stop,0.6238,30,33843
5.308,pings stop,0.6236,30,33841
5.329,pings stop,0.6234,30,33840
5.35,pings stop,0.6233,30,33838
5.369,pings stop,0.6231,30,33836
5.388,pings stop,0.6229,30,33836
5.416,pings stop,0.6227,30,33834
5.428,pings stop,0.6226,30,33835
5.448,pings stop,0.6225,30,33836
5.468,pings stop,0.6223,30,33838
5.488,pings stop,0.6221,30,33838
5.511,pings stop,0.622,30,33838
5.53,pings stop,0.6218,30,33839
5.548,pings stop,0.6216,30,33839
5.568,pings stop,0.6215,30,33840
5.589,pings stop,0.6213,30,33843
5.609,pings stop,0.6212,30,33843
5.629,pings stop,0.621,30,33844
5.651,pings stop,0.6208,30,33843
5.669,pings stop,0.6207,30,33842
5.689,pings stop,0.6205,30,33839
5.709,pings stop,0.6205,30,33836
5.737,pings stop,0.6202,30,33838
5.749,pings stop,0.6202,30,33835
5.77,pings stop,0.62,30,33836
5.789,pings stop,0.6199,4,0
5.81,pings stop,0.6194,4,0
5.83,pings stop,0.6175,68,0
5.85,pings stop,0.6135,68,0
5.87,pings stop,0.6067,68,0
5.889,pings stop,0.5966,68,0
5.915,pings stop,0.5834,68,0
5.931,pings stop,0.5677,68,0
5.951,pings stop,0.5493,68,0
5.97,pings stop,0.5273,68,0
5.996,pings stop,0.5043,68,0
6.011,pings stop,0.4767,68,0
6.031,pings stop,0.4479,68,0
6.052,pings stop,0.4167,68,0
6.072,pings stop,0.3827,68,0
6.091,pings stop,0.3449,68,0
6.111,pings stop,0.3071,68,0
6.132,pings stop,0.2641,68,0
6.154,pings stop,0.2224,68,0
6.171,pings stop,0.1742,68,0
6.192,pings stop,0.1252,68,0
6.212,pings stop,0.0766,68,0
6.234,pings stop,0.0196,68,0
6.253,pings stop,-0.0035,68,0
6.272,pings stop,-0.0441,68,0
6.293,pings stop,-0.0388,68,0
6.313,pings stop,-0.0174,68,0
6.333,pings stop,0.0016,68,0
6.354,pings stop,0.0149,68,0
6.375,pings stop,0.0221,68,0
6.393,pings stop,0.0265,68,0
6.422,pings stop,0.0293,68,0
6.434,pings stop,0.0291,68,0
6.458,pings stop,0.0285,68,0
6.473,pings stop,0.0288,68,0
6.496,pings stop,0.0279,68,0
6.514,pings stop,0.0268,68,0
6.537,pings stop,0.0257,68,0
6.554,pings stop,0.0246,68,0
6.576,pings stop,0.0238,68,0
6.594,pings stop,0.0229,68,0
6.614,pings stop,0.0222,68,0
6.634,pings stop,0.0216,68,0
6.656,pings stop,0.021,68,0
6.676,pings stop,0.0206,68,0
6.696,pings stop,0.0203,68,0
6.713,pings stop,0.02,68,0
6.736,pings stop,0.0198,68,0
6.753,pings stop,0.0196,68,0
6.774,pings stop,0.0195,68,0
6.804,pings stop,0.0195,68,0
6.821,pings stop,0.0195,68,0
6.842,pings stop,0.0195,68,0
6.861,pings stop,0.0195,68,0
6.881,pings stop,0.0195,68,0
6.905,pings stop,0.0196,68,0
6.922,pings stop,0.0196,68,0
6.945,pings stop,0.0197,68,0
6.961,pings stop,0.0197,68,0
6.982,pings stop,0.0197,68,0
7.002,pings stop,0.0198,68,0
7.022,pings stop,0.0198,68,0
7.043,pings stop,0.0198,68,0
7.061,pings stop,0.0198,68,0
7.085,pings stop,0.0199,68,0
7.105,pings stop,0.0199,68,0
7.122,pings stop,0.0199,68,0
7.143,pings stop,0.0199,68,0
7.163,pings stop,0.0199,68,0
7.183,pings stop,0.0199,68,0
7.203,pings stop,0.0199,68,0
7.224,pings stop,0.0199,68,0
7.247,pings stop,0.0199,68,0
7.263,pings stop,0.0199,68,0
7.284,pings stop,0.0199,68,0
7.304,pings stop,0.0199,68,0
7.324,pings stop,0.0199,68,0
7.344,pings stop,0.0199,68,0
7.366,pings stop,0.0199,68,0
7.387,pings stop,0.0199,68,0
7.405,pings stop,0.0199,68,0
7.425,pings stop,0.0199,68,0
7.445,pings stop,0.0199,68,0
7.466,pings stop,0.0199,68,0
7.487,pings stop,0.0199,68,0
7.516,pings stop,0.0199,68,0
7.539,pings stop,0.0199,68,0
7.545,pings stop,0.0199,68,0
7.565,pings stop,0.0199,68,0
7.587,pings stop,0.0199,68,0
7.606,pings stop,0.0199,68,0
7.626,pings stop,0.0199,68,0
7.645,pings stop,0.0199,68,0
7.665,pings stop,0.0199,68,0
7.685,pings stop,0.0199,68,0
7.706,pings stop,0.0199,68,0
7.726,pings stop,0.0199,68,0
7.75,pings stop,0.0199,68,0
7.77,pings stop,0.0199,68,0
7.788,pings stop,0.0199,68,0
7.807,pings stop,0.0199,68,0
7.828,pings stop,0.0199,68,0
7.847,pings stop,0.0199,68,0
7.874,pings stop,0.0199,68,0
7.895,pings stop,0.0199,68,0
7.919,pings stop,0.0199,68,0
7.936,pings stop,0.0199,68,0
7.956,pings stop,0.0199,68,0
7.979,pings stop,0.0199,68,0
7.999,pings stop,0.0199,68,0
8.016,pings stop,0.0199,68,0
