t,state,px,py,pz,yaw,bearing,yawRate,wYaw,vx,wVx,zCmd,spKind,fence,posVar,landRsn
3.6031,0,-0.0015,0.0009,0.0199,0.0013,-15.9531,0.0,,0.0,,,,,,
3.7046,0,-0.0014,0.0009,0.0199,0.0013,-15.9528,0.0,0.0,0.0,0.0,0.0,0,0,1.79e-06,0
3.8046,0,-0.0016,0.001,0.0199,0.0012,-15.9536,0.0,0.0,0.0,0.0,0.0,0,0,1.55e-06,0
3.9072,0,-0.0016,0.001,0.0199,0.0012,-15.954,0.0,0.0,0.0,0.0,0.0,0,0,1.53e-06,0
4.0266,0,-0.0016,0.001,0.0199,0.0012,-15.9538,0.0,0.0,0.0,0.0,0.0,0,0,1.71e-06,0
4.1466,0,-0.0015,0.001,0.0199,0.0012,-15.9533,0.0,0.0,0.0,0.0,0.0,0,0,1.61e-06,0
4.2673,0,-0.001,0.0006,0.0199,0.0012,-15.9506,0.0,0.0,0.0,0.0,0.0,0,0,1.54e-06,0
4.3696,0,-0.0004,0.0003,0.02,0.0012,-15.9475,0.0,0.0,0.0,0.0,0.0,0,0,1.48e-06,0
4.4707,0,-0.0001,0.0001,0.0202,-0.0014,-15.9462,0.0,0.0,0.0,0.0,0.0,0,0,1.6e-06,0
4.5905,0,-0.0001,0.0004,0.0295,-0.0076,-15.9515,0.0,0.0,0.0,0.0,0.0,0,0,1.67e-06,0
4.6907,0,-0.0005,0.0015,0.0474,-0.0056,-15.9651,0.0,0.0,0.0,0.0,0.0,0,0,1.68e-06,0
4.794,0,-0.0016,0.0029,0.0752,0.0005,-15.9827,0.0,0.0,0.0,0.0,0.0,0,0,1.57e-06,0
4.8952,0,-0.0031,0.0044,0.1062,0.0064,-15.9985,0.0,0.0,0.0,0.0,0.0,0,0,1.63e-06,0
5.0142,0,-0.0054,0.0058,0.1519,0.0081,-16.0099,0.0,0.0,0.0,0.0,0.0,0,0,1.65e-06,0
5.1142,0,-0.0074,0.0064,0.1939,0.0032,-16.0099,0.0,0.0,0.0,0.0,0.0,0,0,1.68e-06,0
5.233,0,-0.01,0.0064,0.2471,-0.0018,-15.9983,0.0,0.0,0.0,0.0,0.0,0,0,1.55e-06,0
5.3342,0,-0.0123,0.006,0.2952,-0.0018,-15.9833,0.0,0.0,0.0,0.0,0.0,0,0,1.65e-06,0
5.4352,0,-0.0145,0.0057,0.341,-0.0001,-15.9695,0.0,0.0,0.0,0.0,0.0,0,0,1.64e-06,0
5.5543,0,-0.0174,0.0059,0.4044,0.0035,-15.96,0.0,0.0,0.0,0.0,0.0,0,0,1.72e-06,0
5.6564,0,-0.0198,0.0066,0.4497,0.0035,-15.9601,0.0,0.0,0.0,0.0,0.0,0,0,1.56e-06,0
5.7751,0,-0.0231,0.0081,0.508,0.0035,-15.9679,0.0,0.0,0.0,0.0,0.0,0,0,1.72e-06,0
5.8783,0,-0.0259,0.0098,0.5538,0.0036,-15.981,0.0,0.0,0.0,0.0,0.0,0,0,1.73e-06,0
5.9843,0,-0.0287,0.0116,0.6004,0.0036,-15.9969,0.0,0.0,0.0,0.0,0.0,0,0,1.54e-06,0
6.0844,0,-0.0314,0.0136,0.6503,0.001,-16.014,0.0,0.0,0.0,0.0,0.0,0,0,1.62e-06,0
6.2033,0,-0.0342,0.0156,0.6997,0.0009,-16.0329,0.0,0.0,0.0,0.0,0.0,0,0,1.61e-06,0
6.3233,0,-0.0374,0.0181,0.7532,0.0008,-16.0563,0.0,0.0,0.0,0.0,0.0,0,0,1.72e-06,0
6.4323,0,-0.0406,0.0204,0.7934,0.0009,-16.0775,0.0,0.0,0.0,0.0,0.0,0,0,1.57e-06,0
6.5446,0,-0.0437,0.0227,0.8295,0.001,-16.0979,0.0,0.0,0.0,0.0,0.0,0,0,1.66e-06,0
6.6643,0,-0.0467,0.0249,0.8612,0.0011,-16.1183,0.0,0.0,0.0,0.0,0.0,0,0,1.7e-06,0
6.7691,0,-0.0484,0.0265,0.8804,0.001,-16.1339,0.0,0.0,0.0,0.0,0.0,0,0,1.68e-06,0
6.8872,0,-0.0499,0.0282,0.8964,0.0005,-16.153,0.0,0.0,0.0,0.0,0.0,0,0,1.69e-06,0
6.9873,0,-0.0507,0.0295,0.9037,0.0,-16.1687,0.0,0.0,0.0,0.0,0.0,0,0,1.51e-06,0
7.0875,0,-0.0515,0.0308,0.9084,-0.0003,-16.1843,0.0,0.0,0.0,0.0,0.0,0,0,1.72e-06,0
7.1893,2,-0.0524,0.0319,0.9103,-0.0004,-16.1982,-26.6667,0.0,0.0,0.0,0.0,0,0,1.8e-06,0
7.2895,2,-0.0532,0.033,0.9104,-0.0215,-16.21,-26.6667,-26.6667,0.0,0.0,0.8,2,0,1.62e-06,0
7.4085,2,-0.0544,0.034,0.9084,-0.5299,-16.2201,-26.6667,-26.6667,0.0,0.0,0.8,2,0,1.63e-06,0
7.5097,2,-0.0556,0.0346,0.9057,-1.9172,-16.2236,-26.6667,-26.6667,0.0,0.0,0.8,2,0,1.56e-06,0
7.6104,2,-0.0573,0.0349,0.9015,-4.3443,-16.2212,-26.6667,-26.6667,0.0,0.0,0.8,2,0,1.71e-06,0
7.7105,2,-0.0593,0.0351,0.8967,-7.0833,-16.2149,-13.3333,-13.3333,0.0,0.0,0.8,2,0,1.78e-06,0
7.8312,2,-0.0618,0.0353,0.8911,-9.3589,-16.2075,-13.3333,-13.3333,0.0,0.0,0.8,2,0,1.6e-06,0
7.9492,2,-0.0641,0.0356,0.8867,-10.5343,-16.2024,-13.3333,-13.3333,0.0,0.0,0.8,2,0,1.59e-06,0
8.0493,2,-0.0658,0.0359,0.8833,-11.3054,-16.1992,-13.3333,-13.3333,0.0,0.0,0.8,2,0,1.75e-06,0
8.1493,2,-0.0671,0.0361,0.8797,-12.3577,-16.196,-13.3333,-13.3333,0.0,0.0,0.8,2,0,1.49e-06,0
8.2513,2,-0.0689,0.0363,0.8761,-13.3959,-16.1913,-13.3333,-13.3333,0.0,0.0,0.8,2,0,1.56e-06,0
8.3516,2,-0.0709,0.0364,0.8716,-14.752,-16.1845,0.0,0.0,0.0,0.0,0.8,2,0,1.61e-06,0
8.4712,2,-0.0738,0.0365,0.8664,-16.0657,-16.174,0.0,0.0,0.0,0.0,0.8,2,0,1.64e-06,0
8.5713,2,-0.0762,0.0366,0.8624,-16.6355,-16.1649,0.0,0.0,0.0,0.0,0.8,2,0,1.59e-06,0
8.6913,2,-0.0787,0.037,0.8582,-16.8267,-16.16,0.0,0.0,0.0,0.0,0.8,2,0,1.51e-06,0
8.7915,2,-0.0804,0.0375,0.8543,-16.9347,-16.1596,0.0,0.0,0.0,0.0,0.8,2,0,1.66e-06,0
8.8946,2,-0.0817,0.0376,0.8509,-17.0172,-16.1561,0.0,0.0,0.0,0.0,0.8,2,0,1.66e-06,0
9.0131,2,-0.0826,0.0371,0.8471,-17.1885,-16.1441,0.0,0.0,0.0,0.0,0.8,2,0,1.62e-06,0
9.1232,2,-0.0834,0.0359,0.8435,-17.386,-16.1228,0.0,0.0,0.0,0.0,0.8,2,0,1.48e-06,0
9.2232,2,-0.0833,0.0341,0.8395,-17.4841,-16.0977,0.0,0.0,0.0,0.0,0.8,2,0,1.76e-06,0
9.3266,2,-0.0829,0.0321,0.836,-17.4132,-16.0693,0.0,0.0,0.0,0.0,0.8,2,0,1.65e-06,0
9.444,2,-0.081,0.029,0.8331,-17.3172,-16.0323,0.0,0.0,0.0,0.0,0.8,2,0,1.67e-06,0
9.5632,2,-0.0782,0.0254,0.8307,-17.2977,-15.9903,0.0,0.0,0.0,0.0,0.8,2,0,1.71e-06,0
9.6635,2,-0.0753,0.0221,0.8287,-17.3435,-15.9539,0.0,0.0,0.0,0.0,0.8,2,0,1.59e-06,0
9.7635,2,-0.0727,0.0187,0.8266,-17.3978,-15.9145,0.0,0.0,0.0,0.0,0.8,2,0,1.59e-06,0
9.8821,2,-0.0697,0.0149,0.8242,-17.4151,-15.8717,0.0,0.0,0.0,0.0,0.8,2,0,1.64e-06,0
9.9822,2,-0.0677,0.0123,0.8228,-17.3723,-15.8407,0.0,0.0,0.0,0.0,0.8,2,0,1.51e-06,0
10.1084,2,-0.0661,0.0098,0.8215,-17.3083,-15.8102,0.0,0.0,0.0,0.0,0.8,2,0,1.74e-06,0
10.229,2,-0.0652,0.0087,0.8204,-17.2781,-15.7969,0.0,0.0,0.0,0.0,0.8,2,0,1.78e-06,0
10.3331,2,-0.0654,0.0071,0.8187,-17.2828,-15.7734,0.0,0.0,0.0,0.0,0.8,2,0,1.6e-06,0
10.4514,2,-0.0668,0.0062,0.8183,-17.3458,-15.754,0.0,0.0,0.0,0.0,0.8,2,0,1.66e-06,0
10.5713,2,-0.0691,0.0051,0.8185,-17.374,-15.7282,0.0,0.0,0.0,0.0,0.8,2,0,1.62e-06,0
10.6717,2,-0.0713,0.0047,0.8187,-17.349,-15.7125,0.0,0.0,0.0,0.0,0.8,2,0,1.72e-06,0
10.7778,2,-0.0742,0.0044,0.8188,-17.2962,-15.6962,0.0,0.0,0.0,0.0,0.8,2,0,1.55e-06,0
10.8875,2,-0.0777,0.0044,0.8189,-17.2252,-15.6813,0.0,0.0,0.0,0.0,0.8,2,0,1.47e-06,0
10.9906,2,-0.0817,0.0049,0.8191,-17.2481,-15.6727,0.0,0.0,0.0,0.0,0.8,2,0,1.48e-06,0
11.113,2,-0.0867,0.0062,0.8187,-17.303,-15.6704,0.0,0.0,0.0,0.0,0.8,2,0,1.55e-06,0
11.2329,2,-0.0906,0.0079,0.8176,-17.3099,-15.6794,0.0,0.0,0.0,0.0,0.8,2,0,1.67e-06,0
11.3341,2,-0.0934,0.0098,0.8166,-17.2752,-15.6958,0.0,0.0,0.0,0.0,0.8,2,0,1.58e-06,0
11.4386,2,-0.0965,0.0124,0.8155,-17.2215,-15.7219,0.0,0.0,0.0,0.0,0.8,2,0,1.49e-06,0
11.5565,2,-0.0999,0.0154,0.8143,-17.2167,-15.7517,0.0,0.0,0.0,0.0,0.8,2,0,1.49e-06,0
11.6573,2,-0.1029,0.0187,0.8129,-17.2522,-15.7886,0.0,0.0,0.0,0.0,0.8,2,0,1.59e-06,0
11.7573,2,-0.1056,0.0221,0.8116,-17.2862,-15.8273,0.0,0.0,0.0,0.0,0.8,2,0,1.55e-06,0
11.8574,2,-0.1076,0.0251,0.8105,-17.2893,-15.8633,0.0,0.0,0.0,0.0,0.8,2,0,1.52e-06,0
11.9762,2,-0.1098,0.028,0.8096,-17.2612,-15.8962,0.0,0.0,0.0,0.0,0.8,2,0,1.48e-06,0
12.0772,2,-0.1111,0.0303,0.8092,-17.2303,-15.9249,0.0,0.0,0.0,0.0,0.8,2,0,1.68e-06,0
12.1982,2,-0.1115,0.0328,0.8092,-17.2196,-15.959,0.0,0.0,0.0,0.0,0.8,2,0,1.58e-06,0
12.2995,2,-0.1109,0.0347,0.8089,-17.2315,-15.9902,0.0,0.0,0.0,0.0,0.8,2,0,1.56e-06,0
12.4182,2,-0.109,0.0372,0.8088,-17.2459,-16.0349,0.0,0.0,0.0,0.0,0.8,2,0,1.61e-06,0
12.5386,2,-0.1053,0.0396,0.8089,-17.2409,-16.0845,0.0,0.0,0.0,0.0,0.8,2,0,1.57e-06,0
12.6588,2,-0.1002,0.0415,0.8081,-17.2022,-16.1351,0.0,0.0,0.0,0.0,0.8,2,0,1.69e-06,0
12.7594,2,-0.0953,0.0427,0.807,-17.1962,-16.1738,0.0,0.0,0.0,0.0,0.8,2,0,1.52e-06,0
12.8783,2,-0.0894,0.0437,0.8053,-17.2033,-16.2125,0.0,0.0,0.0,0.0,0.8,2,0,1.58e-06,0
13.0003,2,-0.0829,0.0435,0.8025,-17.1944,-16.2381,0.0,0.0,0.0,0.0,0.8,2,0,1.65e-06,0
13.1185,2,-0.077,0.0421,0.7999,-17.2029,-16.2434,0.0,0.0,0.0,0.0,0.8,2,0,1.7e-06,0
13.2223,2,-0.0726,0.04,0.798,-17.2019,-16.2307,0.0,0.0,0.0,0.0,0.8,2,0,1.55e-06,0
13.3421,2,-0.0687,0.0367,0.7962,-17.1913,-16.199,0.0,0.0,0.0,0.0,0.8,2,0,1.53e-06,0
13.4612,2,-0.0654,0.0326,0.7956,-17.1798,-16.1523,0.0,0.0,0.0,0.0,0.8,2,0,1.6e-06,0
13.5613,2,-0.0634,0.0288,0.796,-17.1763,-16.1042,0.0,0.0,0.0,0.0,0.8,2,0,1.55e-06,0
13.6624,2,-0.0615,0.0244,0.7967,-17.1761,-16.047,0.0,0.0,0.0,0.0,0.8,2,0,1.7e-06,0
13.7627,2,-0.0597,0.0202,0.7975,-17.1756,-15.9913,0.0,0.0,0.0,0.0,0.8,2,0,1.75e-06,0
13.8816,2,-0.0579,0.0152,0.7987,-17.1691,-15.9262,0.0,0.0,0.0,0.0,0.8,2,0,1.6e-06,0
13.9827,2,-0.057,0.0112,0.7999,-17.1622,-15.8702,0.0,0.0,0.0,0.0,0.8,2,0,1.69e-06,0
14.0832,2,-0.0567,0.0075,0.8013,-17.1562,-15.815,0.0,0.0,0.0,0.0,0.8,2,0,1.51e-06,0
14.184,2,-0.0571,0.0038,0.8025,-17.1535,-15.7583,0.0,0.0,0.0,0.0,0.8,2,0,1.63e-06,0
14.2842,2,-0.0579,0.0005,0.8037,-17.1559,-15.706,0.0,0.0,0.0,0.0,0.8,2,0,1.52e-06,0
14.3846,2,-0.0594,-0.0026,0.8049,-17.1547,-15.6532,0.0,0.0,0.0,0.0,0.8,2,0,1.71e-06,0
14.4856,2,-0.0611,-0.0052,0.8062,-17.1525,-15.6073,0.0,0.0,0.0,0.0,0.8,2,0,1.73e-06,0
14.6054,2,-0.0632,-0.008,0.8083,-17.1448,-15.5575,0.0,0.0,0.0,0.0,0.8,2,0,1.67e-06,0
14.7054,2,-0.065,-0.0101,0.8103,-17.1384,-15.5179,0.0,0.0,0.0,0.0,0.8,2,0,1.73e-06,0
14.8253,2,-0.0668,-0.0126,0.8122,-17.1261,-15.4732,0.0,0.0,0.0,0.0,0.8,2,0,1.61e-06,0
14.9466,2,-0.0684,-0.015,0.8141,-17.1206,-15.4317,0.0,0.0,0.0,0.0,0.8,2,0,1.47e-06,0
15.0662,2,-0.0703,-0.0173,0.8157,-17.128,-15.3887,0.0,0.0,0.0,0.0,0.8,2,0,1.64e-06,0
15.1663,2,-0.0725,-0.0193,0.8169,-17.1293,-15.3504,0.0,0.0,0.0,0.0,0.8,2,0,1.61e-06,0
15.2664,2,-0.075,-0.0211,0.8178,-17.1269,-15.3134,0.0,0.0,0.0,0.0,0.8,2,0,1.69e-06,0
15.385,2,-0.0787,-0.0233,0.8179,-17.1198,-15.2648,0.0,0.0,0.0,0.0,0.8,2,0,1.67e-06,0
15.488,2,-0.0826,-0.0246,0.8173,-17.1161,-15.2297,0.0,0.0,0.0,0.0,0.8,2,0,1.67e-06,0
15.5913,2,-0.0868,-0.0258,0.8164,-17.1189,-15.1952,0.0,0.0,0.0,0.0,0.8,2,0,1.55e-06,0
15.7111,2,-0.0925,-0.0271,0.8154,-17.1209,-15.1537,0.0,0.0,0.0,0.0,0.8,2,0,1.65e-06,0
15.8312,2,-0.0984,-0.027,0.8145,-17.1173,-15.1316,0.0,0.0,0.0,0.0,0.8,2,0,1.55e-06,0
15.9514,2,-0.1046,-0.0272,0.8147,-17.1098,-15.1031,0.0,0.0,0.0,0.0,0.8,2,0,1.61e-06,0
16.0741,2,-0.1114,-0.0266,0.8151,-17.1063,-15.0845,0.0,0.0,0.0,0.0,0.8,2,0,1.7e-06,0
16.1912,2,-0.1187,-0.0259,0.8152,-17.1063,-15.0653,0.0,0.0,0.0,0.0,0.8,2,0,1.54e-06,0
16.3138,2,-0.1262,-0.0251,0.8151,-17.1062,-15.0482,0.0,0.0,0.0,0.0,0.8,2,0,1.61e-06,0
16.432,2,-0.1291,-0.0249,0.8149,-17.1059,-15.0391,0.0,0.0,0.0,0.0,0.8,2,0,1.65e-06,0
16.5376,2,-0.1401,-0.0238,0.8128,-16.9915,-15.0115,0.0,0.0,0.0,0.0,0.8,2,0,1.45e-06,0
16.6557,2,-0.1466,-0.0227,0.8104,-17.0268,-15.0034,0.0,0.0,0.0,0.0,0.8,2,0,1.58e-06,0
16.7577,2,-0.1516,-0.022,0.809,-17.0662,-14.9935,0.0,0.0,0.0,0.0,0.8,2,0,1.52e-06,0
16.8783,2,-0.1556,-0.0204,0.8073,-17.096,-15.0007,0.0,0.0,0.0,0.0,0.8,2,0,1.64e-06,0
16.9993,2,-0.1593,-0.0193,0.8051,-17.0751,-15.003,0.0,0.0,0.0,0.0,0.8,2,0,1.62e-06,0
17.1203,2,-0.162,-0.0181,0.8022,-17.0426,-15.0095,0.0,0.0,0.0,0.0,0.8,2,0,1.71e-06,0
17.2384,2,-0.163,-0.017,0.8,-17.0348,-15.0222,0.0,0.0,0.0,0.0,0.8,2,0,1.69e-06,0
17.3413,2,-0.1647,-0.0168,0.7989,-17.0457,-15.0182,0.0,0.0,0.0,0.0,0.8,2,0,1.67e-06,0
17.4595,2,-0.1639,-0.0157,0.7983,-17.0632,-15.0367,0.0,0.0,0.0,0.0,0.8,2,0,1.72e-06,0
17.5623,2,-0.1627,-0.0148,0.7986,-17.043,-15.0543,0.0,0.0,0.0,0.0,0.8,2,0,1.59e-06,0
17.6818,2,-0.1617,-0.0145,0.7989,-17.0374,-15.0633,0.0,0.0,0.0,0.0,0.8,2,0,1.63e-06,0
17.8004,2,-0.1589,-0.0143,0.7991,-17.0347,-15.0771,0.0,0.0,0.0,0.0,0.8,2,0,1.66e-06,0
17.9207,2,-0.1545,-0.0145,0.7998,-17.0318,-15.0922,0.0,0.0,0.0,0.0,0.8,2,0,1.7e-06,0
18.0215,2,-0.1499,-0.0147,0.8012,-17.0269,-15.1074,0.0,0.0,0.0,0.0,0.8,2,0,1.62e-06,0
18.1403,2,-0.1456,-0.0158,0.8028,-17.028,-15.1076,0.0,0.0,0.0,0.0,0.8,2,0,1.59e-06,0
18.2424,2,-0.1407,-0.0161,0.804,-17.0246,-15.1233,0.0,0.0,0.0,0.0,0.8,2,0,1.6e-06,0
18.345,2,-0.1376,-0.0166,0.8048,-17.018,-15.1286,0.0,0.0,0.0,0.0,0.8,2,0,1.63e-06,0
18.4509,2,-0.134,-0.0164,0.8055,-17.0278,-15.1452,0.0,0.0,0.0,0.0,0.8,2,0,1.7e-06,0
18.5693,2,-0.1304,-0.0163,0.8062,-17.0327,-15.1605,0.0,0.0,0.0,0.0,0.8,2,0,1.61e-06,0
18.6885,2,-0.1262,-0.016,0.8062,-17.0229,-15.1821,0.0,0.0,0.0,0.0,0.8,2,0,1.48e-06,0
18.7891,2,-0.1244,-0.0167,0.8059,-17.0209,-15.1797,0.0,0.0,0.0,0.0,0.8,2,0,1.56e-06,0
18.9096,2,-0.1208,-0.0167,0.805,-17.019,-15.1932,0.0,0.0,0.0,0.0,0.8,2,0,1.74e-06,0
19.0291,2,-0.1181,-0.0172,0.8041,-17.0213,-15.196,0.0,0.0,0.0,0.0,0.8,2,0,1.67e-06,0
19.1483,2,-0.115,-0.0177,0.8031,-17.0183,-15.2027,0.0,0.0,0.0,0.0,0.8,2,0,1.5e-06,0
19.2494,2,-0.1129,-0.0186,0.802,-17.0157,-15.1976,0.0,0.0,0.0,0.0,0.8,2,0,1.58e-06,0
19.3504,2,-0.1092,-0.0187,0.8004,-17.004,-15.2103,0.0,0.0,0.0,0.0,0.8,2,0,1.61e-06,0
19.4506,2,-0.1063,-0.0193,0.7991,-17.005,-15.2125,0.0,0.0,0.0,0.0,0.8,2,0,1.66e-06,0
19.5806,2,-0.1025,-0.0197,0.7981,-17.0054,-15.2226,0.0,0.0,0.0,0.0,0.8,2,0,1.68e-06,0
19.6933,2,-0.0984,-0.0194,0.7979,-17.0083,-15.244,0.0,0.0,0.0,0.0,0.8,2,0,1.64e-06,0
19.7942,2,-0.0956,-0.0192,0.798,-17.004,-15.2577,0.0,0.0,0.0,0.0,0.8,2,0,1.65e-06,0
19.9028,2,-0.0936,-0.0189,0.7981,-16.99,-15.2709,0.0,0.0,0.0,0.0,0.8,2,0,1.57e-06,0
20.0223,2,-0.0919,-0.0178,0.7985,-16.9965,-15.2935,0.0,0.0,0.0,0.0,0.8,2,0,1.6e-06,0
20.1427,2,-0.0906,-0.0159,0.7984,-17.014,-15.3266,0.0,0.0,0.0,0.0,0.8,2,0,1.64e-06,0
20.2623,2,-0.0893,-0.0137,0.798,-17.0172,-15.3645,0.0,0.0,0.0,0.0,0.8,2,0,1.53e-06,0
20.3624,2,-0.0875,-0.0111,0.797,-17.0065,-15.4106,0.0,0.0,0.0,0.0,0.8,2,0,1.64e-06,0
20.4813,2,-0.0849,-0.0079,0.7954,-16.9912,-15.4685,0.0,0.0,0.0,0.0,0.8,2,0,1.64e-06,0
20.5835,2,-0.0823,-0.0051,0.794,-16.9855,-15.5215,0.0,0.0,0.0,0.0,0.8,2,0,1.59e-06,0
20.7035,2,-0.0787,-0.0012,0.7927,-16.9815,-15.5943,0.0,0.0,0.0,0.0,0.8,2,0,1.63e-06,0
20.8055,2,-0.0768,0.0012,0.7922,-16.9838,-15.6375,0.0,0.0,0.0,0.0,0.8,2,0,1.67e-06,0
20.9064,2,-0.0745,0.004,0.7922,-16.9914,-15.6897,0.0,0.0,0.0,0.0,0.8,2,0,1.57e-06,0
21.0137,2,-0.0726,0.0067,0.7928,-16.9825,-15.7366,0.0,0.0,0.0,0.0,0.8,2,0,1.7e-06,0
21.1308,2,-0.0709,0.0088,0.794,-16.975,-15.7754,0.0,0.0,0.0,0.0,0.8,2,0,1.52e-06,0
21.2391,2,-0.069,0.0105,0.7955,-16.9288,-15.8082,0.0,0.0,0.0,0.0,0.8,2,0,1.78e-06,0
21.3498,2,-0.0673,0.0119,0.7975,-16.9243,-15.8363,0.0,0.0,0.0,0.0,0.8,2,0,1.7e-06,0
21.5108,2,-0.0651,0.0145,0.8008,-16.9297,-15.8839,0.0,0.0,0.0,0.0,0.8,2,0,1.4e-06,0
21.6433,2,-0.0627,0.0179,0.8028,-16.9459,-15.9449,0.0,0.0,0.0,0.0,0.8,2,0,1.58e-06,0
21.8626,2,-0.0617,0.0197,0.8038,-16.9329,-15.976,0.0,0.0,0.0,0.0,0.8,2,0,1.44e-06,0
22.0062,2,-0.0564,0.0259,0.8062,-16.9508,-16.0904,0.0,0.0,0.0,0.0,0.8,2,0,1.33e-06,0
22.1102,2,-0.0543,0.0275,0.8067,-16.9831,-16.1235,0.0,0.0,0.0,0.0,0.8,2,0,1.44e-06,0
22.2313,2,-0.0512,0.0293,0.8074,-16.9981,-16.1642,0.0,0.0,0.0,0.0,0.8,2,0,1.62e-06,0
22.351,2,-0.0487,0.0304,0.8078,-16.9763,-16.1916,0.0,0.0,0.0,0.0,0.8,2,0,1.49e-06,0
22.4522,2,-0.0466,0.0314,0.8082,-16.9542,-16.2144,0.0,0.0,0.0,0.0,0.8,2,0,1.6e-06,0
22.5525,2,-0.0451,0.0319,0.8089,-16.9524,-16.2288,0.0,0.0,0.0,0.0,0.8,2,0,1.64e-06,0
22.6739,2,-0.0433,0.0323,0.8092,-16.9709,-16.2422,0.0,0.0,0.0,0.0,0.8,2,0,1.7e-06,0
22.7923,2,-0.0419,0.0324,0.809,-16.9854,-16.25,0.0,0.0,0.0,0.0,0.8,2,0,1.55e-06,0
22.911,2,-0.0401,0.0325,0.8095,-16.9822,-16.2598,0.0,0.0,0.0,0.0,0.8,2,0,1.57e-06,0
23.0122,2,-0.0388,0.0329,0.8107,-16.9705,-16.2709,0.0,0.0,0.0,0.0,0.8,2,0,1.63e-06,0
23.1122,2,-0.0376,0.0338,0.8124,-16.9601,-16.2906,0.0,0.0,0.0,0.0,0.8,2,0,1.71e-06,0
23.2171,2,-0.0366,0.0357,0.8143,-16.952,-16.323,0.0,0.0,0.0,0.0,0.8,2,0,1.53e-06,0
23.3361,2,-0.0358,0.0392,0.816,-16.9612,-16.3785,0.0,0.0,0.0,0.0,0.8,2,0,1.68e-06,0
23.441,2,-0.0353,0.0429,0.8166,-16.9662,-16.4355,0.0,0.0,0.0,0.0,0.8,2,0,1.56e-06,0
23.5724,2,-0.0352,0.0455,0.8168,-16.973,-16.4756,0.0,0.0,0.0,0.0,0.8,2,0,1.68e-06,0
23.6839,2,-0.0357,0.0534,0.8163,-16.9334,-16.5906,0.0,0.0,0.0,0.0,0.8,2,0,1.52e-06,0
23.7904,2,-0.0362,0.0561,0.816,-16.9407,-16.628,0.0,0.0,0.0,0.0,0.8,2,0,1.57e-06,0
23.9606,2,-0.037,0.0588,0.8154,-16.942,-16.6659,0.0,0.0,0.0,0.0,0.8,2,0,1.47e-06,0
24.0674,2,-0.0376,0.0602,0.814,-16.9534,-16.6831,0.0,0.0,0.0,0.0,0.8,2,0,1.55e-06,0
24.1873,2,-0.0383,0.0599,0.8127,-16.9585,-16.6751,0.0,0.0,0.0,0.0,0.8,2,0,1.65e-06,0
24.3075,2,-0.039,0.0588,0.8117,-16.9554,-16.6565,0.0,0.0,0.0,0.0,0.8,2,0,1.64e-06,0
24.4286,2,-0.0399,0.0568,0.8115,-16.9512,-16.6229,0.0,0.0,0.0,0.0,0.8,2,0,1.67e-06,0
24.5445,2,-0.0406,0.055,0.8117,-16.9431,-16.5928,0.0,0.0,0.0,0.0,0.8,2,0,1.52e-06,0
24.702,2,-0.0408,0.0525,0.8114,-16.9475,-16.5546,0.0,0.0,0.0,0.0,0.8,2,0,1.51e-06,0
24.8505,2,-0.0399,0.0508,0.8105,-16.9515,-16.5325,0.0,0.0,0.0,0.0,0.8,2,0,1.65e-06,0
24.9705,2,-0.0386,0.0498,0.8094,-16.952,-16.524,0.0,0.0,0.0,0.0,0.8,2,0,1.63e-06,0
25.0826,2,-0.0368,0.0491,0.8081,-16.9487,-16.521,0.0,0.0,0.0,0.0,0.8,2,0,1.64e-06,0
25.1877,2,-0.0354,0.0484,0.8074,-16.9457,-16.5168,0.0,0.0,0.0,0.0,0.8,2,0,1.46e-06,0
25.3063,2,-0.0338,0.0473,0.8065,-16.9463,-16.5086,0.0,0.0,0.0,0.0,0.8,2,0,1.51e-06,0
25.4092,2,-0.0326,0.0466,0.8059,-16.9466,-16.503,0.0,0.0,0.0,0.0,0.8,2,0,1.51e-06,0
25.5194,2,-0.0316,0.046,0.8055,-16.9467,-16.4982,0.0,0.0,0.0,0.0,0.8,2,0,1.59e-06,0
25.7109,2,-0.0306,0.0457,0.8049,-16.9469,-16.4988,0.0,0.0,0.0,0.0,0.8,2,0,1.57e-06,0
25.8154,2,-0.0274,0.0461,0.8008,-16.9435,-16.5179,0.0,0.0,0.0,0.0,0.8,2,0,1.52e-06,0
25.9343,2,-0.0252,0.0468,0.7981,-16.9462,-16.5377,0.0,0.0,0.0,0.0,0.8,2,0,1.69e-06,0
26.0354,2,-0.0233,0.0473,0.796,-16.944,-16.5543,0.0,0.0,0.0,0.0,0.8,2,0,1.54e-06,0
26.136,2,-0.0212,0.0477,0.7942,-16.9389,-16.5696,0.0,0.0,0.0,0.0,0.8,2,0,1.57e-06,0
26.2512,2,-0.0188,0.0481,0.7926,-16.9357,-16.5866,0.0,0.0,0.0,0.0,0.8,2,0,1.74e-06,0
26.3613,2,-0.0166,0.0486,0.791,-16.9371,-16.6037,0.0,0.0,0.0,0.0,0.8,2,0,1.36e-06,0
26.4791,2,-0.0146,0.0491,0.7894,-16.9384,-16.6203,0.0,0.0,0.0,0.0,0.8,2,0,1.65e-06,0
26.5796,2,-0.0137,0.0493,0.7882,-16.938,-16.6265,0.0,0.0,0.0,0.0,0.8,2,0,1.72e-06,0
26.6816,2,-0.0132,0.0494,0.7874,-16.9372,-16.6311,0.0,0.0,0.0,0.0,0.8,2,0,1.59e-06,0
26.81,2,-0.0125,0.05,0.7875,-16.932,-16.6425,0.0,0.0,0.0,0.0,0.8,2,0,1.64e-06,0
26.9246,2,-0.0122,0.0511,0.7881,-16.9304,-16.6606,0.0,0.0,0.0,0.0,0.8,2,0,1.57e-06,0
27.1414,2,-0.0121,0.055,0.7894,-16.9166,-16.72,0.0,0.0,0.0,0.0,0.8,2,0,1.47e-06,0
27.2497,2,-0.0129,0.0571,0.7902,-16.9178,-16.747,0.0,0.0,0.0,0.0,0.8,2,0,1.34e-06,0
27.355,3,-0.014,0.0628,0.792,-16.9231,-16.8277,0.0,0.0,0.0,0.0,0.788,3,0,1.71e-06,2
27.4616,3,-0.0145,0.0664,0.7933,-16.9117,-16.8786,0.0,0.0,0.0,0.0,0.764,3,0,1.63e-06,2
27.5793,3,-0.014,0.0734,0.7937,-16.9285,-16.9866,0.0,0.0,0.0,0.0,0.728,3,0,1.46e-06,2
27.6797,3,-0.0122,0.0789,0.7896,-16.9383,-17.0768,0.0,0.0,0.0,0.0,0.698,3,0,1.45e-06,2
27.7855,3,-0.0084,0.0851,0.7804,-16.948,-17.187,0.0,0.0,0.0,0.0,0.668,3,0,1.65e-06,2
27.9042,3,-0.0037,0.0905,0.7674,-16.9336,-17.2881,0.0,0.0,0.0,0.0,0.632,3,0,1.59e-06,2
28.0186,3,0.0022,0.0963,0.747,-16.9245,-17.4029,0.0,0.0,0.0,0.0,0.596,3,0,1.74e-06,2
28.1192,3,0.0076,0.1014,0.7249,-16.9208,-17.5037,0.0,0.0,0.0,0.0,0.566,3,0,1.66e-06,2
28.239,3,0.0139,0.1073,0.6948,-16.925,-17.6216,0.0,0.0,0.0,0.0,0.53,3,0,1.6e-06,2
28.3397,3,0.0197,0.1123,0.664,-16.9287,-17.7235,0.0,0.0,0.0,0.0,0.5,3,0,1.68e-06,2
28.4427,3,0.0262,0.1172,0.6296,-16.9296,-17.8286,0.0,0.0,0.0,0.0,0.47,3,0,1.52e-06,2
28.5615,3,0.0338,0.1223,0.5908,-16.9237,-17.9413,0.0,0.0,0.0,0.0,0.434,3,0,1.55e-06,2
28.6712,3,0.0413,0.1268,0.5531,-16.9189,-18.0444,0.0,0.0,0.0,0.0,0.404,3,0,1.55e-06,2
28.8432,3,0.0462,0.1294,0.528,-16.919,-18.1074,0.0,0.0,0.0,0.0,0.386,3,0,1.53e-06,2
28.9445,3,0.0619,0.1366,0.4569,-16.9115,-18.2937,0.0,0.0,0.0,0.0,0.326,3,0,1.51e-06,2
29.0633,3,0.0722,0.1408,0.4119,-16.9219,-18.4081,0.0,0.0,0.0,0.0,0.29,3,0,1.6e-06,2
29.1797,3,0.0809,0.144,0.3744,-16.9258,-18.4996,0.0,0.0,0.0,0.0,0.26,3,0,1.45e-06,2
29.2878,3,0.0892,0.1469,0.3373,-16.9223,-18.5855,0.0,0.0,0.0,0.0,0.227,3,0,1.44e-06,2
29.4568,3,0.0949,0.1491,0.3108,-16.9163,-18.6472,0.0,0.0,0.0,0.0,0.206,3,0,1.51e-06,2
29.5724,3,0.1072,0.154,0.2553,-16.9022,-18.7854,0.0,0.0,0.0,0.0,0.149,3,0,1.37e-06,2
29.6871,3,0.1112,0.1556,0.2362,-16.9064,-18.8302,0.0,0.0,0.0,0.0,0.134,3,0,1.6e-06,2
29.7938,3,0.1165,0.1575,0.2133,-16.9161,-18.8868,0.0,0.0,0.0,0.0,0.11,3,0,1.57e-06,2
29.9135,3,0.131,0.1623,0.1513,-16.9203,-19.0336,0.0,0.0,0.0,0.0,0.05,3,0,1.62e-06,2
30.0146,3,0.1378,0.1643,0.1237,-16.9144,-19.1006,0.0,0.0,0.0,0.0,0.02,3,0,1.75e-06,2
30.1204,3,0.1442,0.1662,0.0974,-16.9088,-19.1638,0.0,0.0,0.0,0.0,0.0,3,0,1.64e-06,2
30.2375,3,0.1522,0.1686,0.0608,-16.9071,-19.2422,0.0,0.0,0.0,0.0,0.0,3,0,1.61e-06,2
30.3386,4,0.1585,0.17,0.032,-16.9122,-19.2977,0.0,0.0,0.0,0.0,0.0,4,0,1.68e-06,2
30.4435,4,0.1642,0.1707,0.0204,-16.8975,-19.3381,0.0,0.0,0.0,0.0,0.0,4,0,1.59e-06,2
30.5524,4,0.1649,0.1703,0.0248,-16.8993,-19.3357,0.0,0.0,0.0,0.0,0.0,4,0,1.55e-06,2
30.6771,4,0.1637,0.1699,0.0208,-16.8723,-19.323,0.0,0.0,0.0,0.0,0.0,4,0,1.57e-06,2
30.7874,4,0.1627,0.1697,0.0195,-16.8573,-19.3156,0.0,0.0,0.0,0.0,0.0,4,0,1.46e-06,2
31.0549,4,0.1624,0.1698,0.0198,-16.8491,-19.3152,0.0,0.0,0.0,0.0,0.0,4,0,1.67e-06,2
31.1877,4,0.1624,0.1697,0.0199,-16.8491,-19.3133,0.0,0.0,0.0,0.0,0.0,4,0,1.52e-06,2
31.3154,4,0.1625,0.1697,0.0199,-16.8491,-19.3142,0.0,0.0,0.0,0.0,0.0,4,0,1.47e-06,2
31.4273,4,0.1625,0.1696,0.0199,-16.8491,-19.3126,0.0,0.0,0.0,0.0,0.0,0,0,1.63e-06,2
31.5476,4,0.1625,0.1696,0.0199,-16.8491,-19.3118,0.0,0.0,0.0,0.0,0.0,0,0,1.71e-06,2
31.6481,4,0.1625,0.1696,0.0199,-16.8491,-19.313,0.0,0.0,0.0,0.0,0.0,0,0,1.71e-06,2
31.7579,4,0.1625,0.1696,0.0199,-16.8491,-19.3124,0.0,0.0,0.0,0.0,0.0,0,0,1.65e-06,2
31.8657,4,0.1625,0.1696,0.0199,-16.8491,-19.3133,0.0,0.0,0.0,0.0,0.0,0,0,1.62e-06,2
31.9843,4,0.1625,0.1696,0.0199,-16.8491,-19.3128,0.0,0.0,0.0,0.0,0.0,0,0,1.7e-06,2
32.0845,4,0.1625,0.1696,0.0199,-16.8491,-19.312,0.0,0.0,0.0,0.0,0.0,0,0,1.54e-06,2
32.2031,4,0.1625,0.1695,0.0199,-16.8491,-19.3109,0.0,0.0,0.0,0.0,0.0,0,0,1.51e-06,2
32.3052,4,0.1625,0.1696,0.0199,-16.8491,-19.3123,0.0,0.0,0.0,0.0,0.0,0,0,1.73e-06,2
32.4246,4,0.1624,0.1697,0.0199,-16.7654,-19.3139,0.0,0.0,0.0,0.0,0.0,0,0,1.7e-06,2
32.5256,4,0.162,0.1702,0.0199,-16.6156,-19.3195,0.0,0.0,0.0,0.0,0.0,0,0,1.56e-06,2
