1789099679.0795,0.0500,-2.5000,0.0000
1789099679.1787,0.1000,-2.5000,0.0000
1789099679.2562,0.1500,-2.5000,0.0000
1789099679.3287,0.2000,-2.5000,0.0000
1789099679.4050,0.2500,-2.5000,0.0000
1789099679.4707,0.3000,-2.5000,0.0000
1789099679.5371,0.3500,-2.5000,0.0000
1789099679.6066,0.4000,-2.5000,0.0000
1789099679.6793,0.4500,-2.5000,0.0000
1789099679.7459,0.5000,-2.5000,0.0000
1789099679.8112,0.5500,-2.5000,0.0000
1789099679.8792,0.6000,-2.5000,0.0000
1789099679.9494,0.6500,-2.5000,0.0000
1789099680.0174,0.7000,-2.5000,0.0000
1789099680.0813,0.7500,-2.5000,0.0000
1789099680.1468,0.8000,-2.5000,0.0000
1789099680.2137,0.8500,-2.5000,0.0000
1789099680.2796,0.9000,-2.5000,0.0000
1789099680.3451,0.9500,-2.5000,0.0000
1789099680.4169,1.0000,-2.5000,0.0000
1789099680.4821,1.0500,-2.5000,0.0000
1789099680.5476,1.1000,-2.5000,0.0000
1789099680.6152,1.1500,-2.5000,0.0000
1789099680.6820,1.2000,-2.5000,0.0000
1789099680.7483,1.2500,-2.5000,0.0000
1789099680.8177,1.3000,-2.5000,0.0000
1789099680.8831,1.3500,-2.5000,0.0000
1789099680.9524,1.4000,-2.5000,0.0000
1789099681.0213,1.4500,-2.5000,0.0000
1789099681.1020,1.5000,-2.5000,0.0000
1789099681.1671,1.5500,-2.5000,0.0000
1789099681.2339,1.6000,-2.5000,0.0000
1789099681.2988,1.6500,-2.5000,0.0000
1789099681.3649,1.7000,-2.5000,0.0000
1789099681.4321,1.7500,-2.5000,0.0000
1789099681.5062,1.8000,-2.5000,0.0000
1789099681.5770,1.8500,-2.5000,0.0000
1789099681.6456,1.9000,-2.5000,0.0000
1789099681.7142,1.9500,-2.5000,0.0000
1789099681.7812,2.0000,-2.5000,0.0000
1789099681.8461,2.0500,-2.5000,0.0000
1789099681.9118,2.1000,-2.5000,0.0000
1789099681.9778,2.1500,-2.5000,0.0000
1789099682.0452,2.2000,-2.5000,0.0000
1789099682.1136,2.2500,-2.5000,0.0000
1789099682.1951,2.3000,-2.5000,0.0000
1789099682.2848,2.3500,-2.5000,0.0000
1789099682.3744,2.4000,-2.5000,0.0000
1789099682.4445,2.4500,-2.5000,0.0000
1789099682.5109,2.5000,-2.5000,0.0000
1789099682.5779,2.5500,-2.5000,0.0000
1789099682.6593,2.6000,-2.5000,0.0000
1789099682.7314,2.6500,-2.5000,0.0000
1789099682.7978,2.7000,-2.5000,0.0000
1789099682.8630,2.7500,-2.5000,0.0000
1789099682.9282,2.8000,-2.5000,0.0000
1789099682.9945,2.8500,-2.5000,0.0000
1789099683.0614,2.9000,-2.5000,0.0000
1789099683.1261,2.9500,-2.5000,0.0000
1789099683.1901,3.0000,-2.5000,0.0000
1789099683.2556,3.0500,-2.5000,0.0000
1789099683.3253,3.1000,-2.5000,0.0000
1789099683.3919,3.1500,-2.5000,0.0000
1789099683.4586,3.2000,-2.5000,0.0000
1789099683.5270,3.2500,-2.5000,0.0000
1789099683.5941,3.3000,-2.5000,0.0000
1789099683.6635,3.3500,-2.5000,0.0000
1789099683.7322,3.4000,-2.5000,0.0000
1789099683.7972,3.4500,-2.5000,0.0000
1789099683.8624,3.5000,-2.5000,0.0000
1789099683.9277,3.5500,-2.5000,0.0000
1789099683.9930,3.6000,-2.5000,0.0000
1789099684.0584,3.6500,-2.5000,0.0000
1789099684.1244,3.7000,-2.5000,0.0000
1789099684.1916,3.7500,-2.5000,0.0000
1789099684.2583,3.8000,-2.5000,0.0000
1789099684.3256,3.8500,-2.5000,0.0000
1789099684.3915,3.9000,-2.5000,0.0000
1789099684.4584,3.9500,-2.5000,0.0000
1789099684.5248,4.0000,-2.5000,0.0000
1789099684.5916,4.0500,-2.5000,0.0000
1789099684.6588,4.1000,-2.5000,0.0000
1789099684.7253,4.1500,-2.5000,0.0000
1789099684.7909,4.2000,-2.5000,0.0000
1789099684.8585,4.2500,-2.5000,0.0000
1789099684.9259,4.3000,-2.5000,0.0000
1789099684.9914,4.3500,-2.5000,0.0000
1789099685.0581,4.4000,-2.5000,0.0000
1789099685.1252,4.4500,-2.5000,0.0000
1789099685.1909,4.5000,-2.5000,0.0000
1789099685.2589,4.5500,-2.5000,0.0000
1789099685.3261,4.6000,-2.5000,0.0000
1789099685.3913,4.6500,-2.5000,0.0000
1789099685.4589,4.7000,-2.5000,0.0000
1789099685.5261,4.7500,-2.5000,0.0000
1789099685.6008,4.8000,-2.5000,0.0000
1789099685.6661,4.8500,-2.5000,0.0000
1789099685.7311,4.9000,-2.5000,0.0000
1789099685.7970,4.9500,-2.5000,0.0000
1789099685.8638,5.0000,-2.5000,0.0000
1789099685.9298,5.0500,-2.5000,0.0000
1789099685.9945,5.1000,-2.5000,0.0000
1789099686.0614,5.1500,-2.5000,0.0000
1789099686.1276,5.2000,-2.5000,0.0000
1789099686.1940,5.2500,-2.5000,0.0000
1789099686.2585,5.3000,-2.5000,0.0000
1789099686.3255,5.3500,-2.5000,0.0000
1789099686.3912,5.4000,-2.5000,0.0000
1789099686.4566,5.4500,-2.5000,0.0000
1789099686.5220,5.5000,-2.5000,0.0000
1789099686.6651,5.5500,-2.5000,0.0000
1789099686.7310,5.6000,-2.5000,0.0000
1789099686.7953,5.6500,-2.5000,0.0000
1789099686.8672,5.7000,-2.5000,0.0000
1789099686.9332,5.7500,-2.5000,0.0000
1789099687.0006,5.8000,-2.5000,0.0000
1789099687.0647,5.8500,-2.5000,0.0000
1789099687.1307,5.9000,-2.5000,0.0000
1789099687.1989,5.9500,-2.5000,0.0000
1789099687.2690,6.0000,-2.5000,0.0000
1789099687.3333,6.0500,-2.5000,0.0000
1789099687.3983,6.1000,-2.5000,0.0000
1789099687.4686,6.1500,-2.5000,0.0000
1789099687.5347,6.2000,-2.5000,0.0000
1789099687.6013,6.2500,-2.5000,0.0000
1789099687.8604,6.3000,-2.5000,0.0000
1789099687.9349,6.3500,-2.5000,0.0000
1789099688.0014,6.4000,-2.5000,0.0000
1789099688.0676,6.4500,-2.5000,0.0000
1789099688.1318,6.5000,-2.5000,0.0000
1789099688.1963,6.5500,-2.5000,0.0000
1789099688.2633,6.6000,-2.5000,0.0000
1789099688.3292,6.6500,-2.5000,0.0000
1789099688.3942,6.7000,-2.5000,0.0000
1789099688.4624,6.7500,-2.5000,0.0000
1789099688.5268,6.8000,-2.5000,0.0000
1789099688.5911,6.8500,-2.5000,0.0000
1789099688.6600,6.9000,-2.5000,0.0000
1789099688.7265,6.9500,-2.5000,0.0000
1789099688.7920,7.0000,-2.5000,0.0000
1789099688.8568,7.0500,-2.5000,0.0000
1789099688.9209,7.1000,-2.5000,0.0000
1789099688.9850,7.1500,-2.5000,0.0000
1789099689.0504,7.2000,-2.5000,0.0000
1789099689.1153,7.2500,-2.5000,0.0000
1789099689.1857,7.3000,-2.5000,0.0000
1789099689.2517,7.3500,-2.5000,0.0000
1789099689.3193,7.4000,-2.5000,0.0000
1789099689.3840,7.4500,-2.5000,0.0000
1789099689.4520,7.5000,-2.5000,0.0000
1789099689.5196,7.5500,-2.5000,0.0000
1789099689.5837,7.6000,-2.5000,0.0000
1789099689.6500,7.6500,-2.5000,0.0000
1789099689.7197,7.7000,-2.5000,0.0000
1789099689.7855,7.7500,-2.5000,0.0000
1789099689.8531,7.8000,-2.5000,0.0000
1789099689.9189,7.8500,-2.5000,0.0000
1789099689.9868,7.9000,-2.5000,0.0000
1789099690.0530,7.9500,-2.5000,0.0000
1789099690.1190,8.0000,-2.5000,0.0000
1789099690.1878,8.0500,-2.5000,0.0000
1789099690.2519,8.1000,-2.5000,0.0000
1789099690.3181,8.1500,-2.5000,0.0000
1789099690.3862,8.2000,-2.5000,0.0000
1789099690.4533,8.2500,-2.5000,0.0000
1789099690.5181,8.3000,-2.5000,0.0000
1789099690.5832,8.3500,-2.5000,0.0000
1789099690.6538,8.4000,-2.5000,0.0000
1789099690.7196,8.4500,-2.5000,0.0000
1789099690.7861,8.5000,-2.5000,0.0000
1789099690.8536,8.5500,-2.5000,0.0000
1789099690.9184,8.6000,-2.5000,0.0000
1789099690.9840,8.6500,-2.5000,0.0000
1789099691.0520,8.7000,-2.5000,0.0000
1789099691.1176,8.7500,-2.5000,0.0000
1789099691.1836,8.8000,-2.5000,0.0000
1789099691.2522,8.8500,-2.5000,0.0000
1789099691.3201,8.9000,-2.5000,0.0000
1789099691.3879,8.9500,-2.5000,0.0000
1789099691.4524,9.0000,-2.5000,0.0000
1789099691.5211,9.0500,-2.5000,0.0000
1789099691.5877,9.1000,-2.5000,0.0000
1789099691.6513,9.1500,-2.5000,0.0000
1789099691.7189,9.2000,-2.5000,0.0000
1789099691.7879,9.2500,-2.5000,0.0000
1789099691.8562,9.3000,-2.5000,0.0000
1789099691.9221,9.3500,-2.5000,0.0000
1789099691.9871,9.4000,-2.5000,0.0000
1789099692.0527,9.4500,-2.5000,0.0000
1789099692.1223,9.5000,-2.5000,0.0000
1789099692.1866,9.5500,-2.5000,0.0000
1789099692.2524,9.6000,-2.5000,0.0000
1789099692.3221,9.6500,-2.5000,0.0000
1789099692.3879,9.7000,-2.5000,0.0000
1789099692.4539,9.7500,-2.5000,0.0000
1789099692.5223,9.8000,-2.5000,0.0000
1789099692.5868,9.8500,-2.5000,0.0000
1789099692.6527,9.9000,-2.5000,0.0000
1789099692.7230,9.9500,-2.5000,0.0000
1789099692.7892,10.0000,-2.5000,0.0000
1789099692.8553,10.0500,-2.5000,0.0000
1789099692.9208,10.1000,-2.5000,0.0000
1789099692.9861,10.1500,-2.5000,0.0000
1789099693.0545,10.2000,-2.5000,0.0000
1789099693.1218,10.2500,-2.5000,0.0000
1789099693.1871,10.3000,-2.5000,0.0000
1789099693.2529,10.3500,-2.5000,0.0000
1789099693.3227,10.4000,-2.5000,0.0000
1789099693.3884,10.4500,-2.5000,0.0000
1789099693.4544,10.5000,-2.5000,0.0000
1789099693.5201,10.5500,-2.5000,0.0000
1789099693.5889,10.6000,-2.5000,0.0000
1789099693.6551,10.6500,-2.5000,0.0000
1789099693.7228,10.7000,-2.5000,0.0000
1789099693.7894,10.7500,-2.5000,0.0000
1789099693.8555,10.8000,-2.5000,0.0000
1789099693.9204,10.8500,-2.5000,0.0000
1789099693.9869,10.9000,-2.5000,0.0000
1789099694.0540,10.9500,-2.5000,0.0000
1789099694.1228,11.0000,-2.5000,0.0000
1789099694.1887,11.0500,-2.5000,0.0000
1789099694.2542,11.1000,-2.5000,0.0000
1789099694.3208,11.1500,-2.5000,0.0000
1789099694.3911,11.2000,-2.5000,0.0000
1789099694.4567,11.2500,-2.5000,0.0000
1789099694.5277,11.3000,-2.5000,0.0000
1789099694.5942,11.3500,-2.5000,0.0000
1789099694.6594,11.4000,-2.5000,0.0000
1789099694.7248,11.4500,-2.5000,0.0000
1789099694.7933,11.5000,-2.5000,0.0000
1789099694.8587,11.5500,-2.5000,0.0000
1789099694.9242,11.6000,-2.5000,0.0000
1789099694.9899,11.6500,-2.5000,0.0000
1789099695.0572,11.7000,-2.5000,0.0000
1789099695.1247,11.7500,-2.5000,0.0000
1789099695.1912,11.8000,-2.5000,0.0000
1789099695.2570,11.8500,-2.5000,0.0000
1789099695.3219,11.9000,-2.5000,0.0000
1789099695.3886,11.9500,-2.5000,0.0000
1789099695.4560,12.0000,-2.5000,0.0000
1789099695.5235,12.0500,-2.5000,0.0000
1789099695.5887,12.1000,-2.5000,0.0000
1789099695.6561,12.1500,-2.5000,0.0000
1789099695.7236,12.2000,-2.5000,0.0000
1789099695.7916,12.2500,-2.5000,0.0000
1789099695.8607,12.3000,-2.5000,0.0000
1789099695.9277,12.3500,-2.5000,0.0000
1789099695.9965,12.4000,-2.5000,0.0000
1789099696.0654,12.4500,-2.5000,0.0000
1789099696.1442,12.5000,-2.5000,0.0000
1789099696.2151,12.5500,-2.5000,0.0000
1789099696.2820,12.6000,-2.5000,0.0000
1789099696.3465,12.6500,-2.5000,0.0000
1789099696.4132,12.7000,-2.5000,0.0000
1789099696.4825,12.7500,-2.5000,0.0000
1789099696.5510,12.8000,-2.5000,0.0000
1789099696.6191,12.8500,-2.5000,0.0000
1789099696.6860,12.9000,-2.5000,0.0000
1789099696.7568,12.9500,-2.5000,0.0000
1789099696.8239,13.0000,-2.5000,0.0000
1789099696.8918,13.0500,-2.5000,0.0000
1789099696.9582,13.1000,-2.5000,0.0000
1789099697.0226,13.1500,-2.5000,0.0000
1789099697.0877,13.2000,-2.5000,0.0000
1789099697.1545,13.2500,-2.5000,0.0000
1789099697.2208,13.3000,-2.5000,0.0000
1789099697.2869,13.3500,-2.5000,0.0000
1789099697.3544,13.4000,-2.5000,0.0000
1789099697.4192,13.4500,-2.5000,0.0000
1789099697.4860,13.5000,-2.5000,0.0000
1789099697.5527,13.5500,-2.5000,0.0000
1789099697.6189,13.6000,-2.5000,0.0000
1789099697.6853,13.6500,-2.5000,0.0000
1789099697.7518,13.7000,-2.5000,0.0000
1789099697.8180,13.7500,-2.5000,0.0000
1789099697.8839,13.8000,-2.5000,0.0000
1789099697.9506,13.8500,-2.5000,0.0000
1789099698.0182,13.9000,-2.5000,0.0000
1789099698.0854,13.9500,-2.5000,0.0000
1789099698.1527,14.0000,-2.5000,0.0000
1789099698.2201,14.0500,-2.5000,0.0000
1789099698.2877,14.1000,-2.5000,0.0000
1789099698.3553,14.1500,-2.5000,0.0000
1789099698.4225,14.2000,-2.5000,0.0000
1789099698.4895,14.2500,-2.5000,0.0000
1789099698.5571,14.3000,-2.5000,0.0000
1789099698.6245,14.3500,-2.5000,0.0000
1789099698.6923,14.4000,-2.5000,0.0000
1789099698.7598,14.4500,-2.5000,0.0000
1789099698.8267,14.5000,-2.5000,0.0000
1789099698.8943,14.5500,-2.5000,0.0000
1789099698.9616,14.6000,-2.5000,0.0000
1789099699.0331,14.6500,-2.5000,0.0000
1789099699.1009,14.7000,-2.5000,0.0000
1789099699.1684,14.7500,-2.5000,0.0000
1789099699.2356,14.8000,-2.5000,0.0000
1789099699.3031,14.8500,-2.5000,0.0000
1789099699.3703,14.9000,-2.5000,0.0000
1789099699.4378,14.9500,-2.5000,0.0000
1789099699.5061,15.0000,-2.5000,0.0000
1789099699.5739,15.0500,-2.5000,0.0000
1789099699.6410,15.1000,-2.5000,0.0000
1789099699.7084,15.1500,-2.5000,0.0000
1789099699.7758,15.2000,-2.5000,0.0000
1789099699.8430,15.2500,-2.5000,0.0000
1789099699.9107,15.3000,-2.5000,0.0000
1789099699.9800,15.3500,-2.5000,0.0000
1789099700.0471,15.4000,-2.5000,0.0000
1789099700.1143,15.4500,-2.5000,0.0000
1789099700.1817,15.5000,-2.5000,0.0000
1789099700.2489,15.5500,-2.5000,0.0000
1789099700.3163,15.6000,-2.5000,0.0000
1789099700.3837,15.6500,-2.5000,0.0000
1789099700.4512,15.7000,-2.5000,0.0000
1789099700.5185,15.7500,-2.5000,0.0000
1789099700.5869,15.8000,-2.5000,0.0000
1789099700.6542,15.8500,-2.5000,0.0000
1789099700.7215,15.9000,-2.5000,0.0000
1789099700.7888,15.9500,-2.5000,0.0000
1789099700.8562,16.0000,-2.5000,0.0000
1789099700.9276,16.0500,-2.5000,0.0000
1789099700.9954,16.1000,-2.5000,0.0000
1789099701.0629,16.1500,-2.5000,0.0000
1789099701.1300,16.2000,-2.5000,0.0000
1789099701.1975,16.2500,-2.5000,0.0000
1789099701.2652,16.3000,-2.5000,0.0000
1789099701.3322,16.3500,-2.5000,0.0000
1789099701.3997,16.4000,-2.5000,0.0000
1789099701.4674,16.4500,-2.5000,0.0000
1789099701.5349,16.5000,-2.5000,0.0000
1789099701.6021,16.5500,-2.5000,0.0000
1789099701.6687,16.6000,-2.5000,0.0000
1789099701.8057,16.6500,-2.5000,0.0000
1789099701.8754,16.7000,-2.5000,0.0000
1789099701.9428,16.7500,-2.5000,0.0000
1789099702.0103,16.8000,-2.5000,0.0000
1789099702.0777,16.8500,-2.5000,0.0000
1789099702.1447,16.9000,-2.5000,0.0000
1789099702.2121,16.9500,-2.5000,0.0000
1789099702.2800,17.0000,-2.5000,0.0000
1789099702.3480,17.0500,-2.5000,0.0000
1789099702.4158,17.1000,-2.5000,0.0000
1789099702.4829,17.1500,-2.5000,0.0000
1789099702.5500,17.2000,-2.5000,0.0000
1789099702.6169,17.2500,-2.5000,0.0000
1789099702.6844,17.3000,-2.5000,0.0000
1789099702.7515,17.3500,-2.5000,0.0000
1789099702.8211,17.4000,-2.5000,0.0000
1789099702.8892,17.4500,-2.5000,0.0000
1789099702.9570,17.5000,-2.5000,0.0000
1789099703.0245,17.5500,-2.5000,0.0000
1789099703.0914,17.6000,-2.5000,0.0000
1789099703.1856,17.6500,-2.5000,0.0000
1789099703.2543,17.7000,-2.5000,0.0000
1789099703.3203,17.7500,-2.5000,0.0000
1789099703.3869,17.8000,-2.5000,0.0000
1789099703.4544,17.8500,-2.5000,0.0000
1789099703.5226,17.9000,-2.5000,0.0000
1789099703.5900,17.9500,-2.5000,0.0000
1789099703.6575,18.0000,-2.5000,0.0000
1789099703.7953,18.0500,-2.5000,0.0000
1789099703.8628,18.1000,-2.5000,0.0000
1789099703.9303,18.1500,-2.5000,0.0000
1789099703.9969,18.2000,-2.5000,0.0000
1789099704.0640,18.2500,-2.5000,0.0000
1789099704.1309,18.3000,-2.5000,0.0000
1789099704.1982,18.3500,-2.5000,0.0000
1789099704.2656,18.4000,-2.5000,0.0000
1789099704.3330,18.4500,-2.5000,0.0000
1789099704.4006,18.5000,-2.5000,0.0000
1789099704.4679,18.5500,-2.5000,0.0000
1789099704.5360,18.6000,-2.5000,0.0000
1789099704.6036,18.6500,-2.5000,0.0000
1789099704.6709,18.7000,-2.5000,0.0000
1789099704.7383,18.7500,-2.5000,0.0000
1789099704.8111,18.8000,-2.5000,0.0000
1789099704.8772,18.8500,-2.5000,0.0000
1789099704.9436,18.9000,-2.5000,0.0000
1789099705.0108,18.9500,-2.5000,0.0000
1789099705.0773,19.0000,-2.5000,0.0000
1789099705.1441,19.0500,-2.5000,0.0000
1789099705.2117,19.1000,-2.5000,0.0000
1789099705.2791,19.1500,-2.5000,0.0000
1789099705.3454,19.2000,-2.5000,0.0000
1789099705.4130,19.2500,-2.5000,0.0000
1789099705.4803,19.3000,-2.5000,0.0000
1789099705.5477,19.3500,-2.5000,0.0000
1789099705.6156,19.4000,-2.5000,0.0000
1789099705.6832,19.4500,-2.5000,0.0000
1789099705.7509,19.5000,-2.5000,0.0000
1789099705.8180,19.5500,-2.5000,0.0000
1789099705.8851,19.6000,-2.5000,0.0000
1789099705.9521,19.6500,-2.5000,0.0000
1789099706.0188,19.7000,-2.5000,0.0000
1789099706.0857,19.7500,-2.5000,0.0000
1789099706.1562,19.8000,-2.5000,0.0000
1789099706.2236,19.8500,-2.5000,0.0000
1789099706.2913,19.9000,-2.5000,0.0000
1789099706.3590,19.9500,-2.5000,0.0000
1789099706.4242,20.0000,-2.5000,0.0000
1789099706.4908,20.0500,-2.5000,0.0000
1789099706.5572,20.1000,-2.5000,0.0000
1789099706.6243,20.1500,-2.5000,0.0000
1789099706.6920,20.2000,-2.5000,0.0000
1789099706.7595,20.2500,-2.5000,0.0000
1789099706.8252,20.3000,-2.5000,0.0000
1789099706.9353,20.3500,-2.5000,0.0000
1789099707.0022,20.4000,-2.5000,0.0000
1789099707.0702,20.4500,-2.5000,0.0000
1789099707.1409,20.5000,-2.5000,0.0000
1789099707.2085,20.5500,-2.5000,0.0000
1789099707.2783,20.6000,-2.5000,0.0000
1789099707.3445,20.6500,-2.5000,0.0000
1789099707.4108,20.7000,-2.5000,0.0000
1789099707.4779,20.7500,-2.5000,0.0000
1789099707.5457,20.8000,-2.5000,0.0000
1789099707.6136,20.8500,-2.5000,0.0000
1789099707.6810,20.9000,-2.5000,0.0000
1789099707.7486,20.9500,-2.5000,0.0000
1789099707.8162,21.0000,-2.5000,0.0000
1789099707.8843,21.0500,-2.5000,0.0000
1789099707.9518,21.1000,-2.5000,0.0000
1789099708.0193,21.1500,-2.5000,0.0000
1789099708.0865,21.2000,-2.5000,0.0000
1789099708.1538,21.2500,-2.5000,0.0000
1789099708.2220,21.3000,-2.5000,0.0000
1789099708.2921,21.3500,-2.5000,0.0000
1789099708.3598,21.4000,-2.5000,0.0000
1789099708.4264,21.4500,-2.5000,0.0000
1789099708.4923,21.5000,-2.5000,0.0000
1789099708.5586,21.5500,-2.5000,0.0000
1789099708.6261,21.6000,-2.5000,0.0000
1789099708.7180,21.6500,-2.5000,0.0000
1789099708.8398,21.7000,-2.5000,0.0000
1789099708.9105,21.7500,-2.5000,0.0000
1789099708.9829,21.8000,-2.5000,0.0000
1789099709.0527,21.8500,-2.5000,0.0000
1789099709.1187,21.9000,-2.5000,0.0000
1789099709.1853,21.9500,-2.5000,0.0000
1789099709.2526,22.0000,-2.5000,0.0000
1789099709.3201,22.0500,-2.5000,0.0000
1789099709.3880,22.1000,-2.5000,0.0000
1789099709.4557,22.1500,-2.5000,0.0000
1789099709.5229,22.2000,-2.5000,0.0000
1789099709.5904,22.2500,-2.5000,0.0000
1789099709.6580,22.3000,-2.5000,0.0000
1789099709.7259,22.3500,-2.5000,0.0000
1789099709.7935,22.4000,-2.5000,0.0000
1789099709.8609,22.4500,-2.5000,0.0000
1789099709.9283,22.5000,-2.5000,0.0000
1789099709.9956,22.5500,-2.5000,0.0000
1789099710.0629,22.6000,-2.5000,0.0000
1789099710.1323,22.6500,-2.5000,0.0000
1789099710.2001,22.7000,-2.5000,0.0000
1789099710.2669,22.7500,-2.5000,0.0000
1789099710.3349,22.8000,-2.5000,0.0000
1789099710.4023,22.8500,-2.5000,0.0000
1789099710.4676,22.9000,-2.5000,0.0000
1789099710.5339,22.9500,-2.5000,0.0000
1789099710.6012,23.0000,-2.5000,0.0000
1789099710.6679,23.0500,-2.5000,0.0000
1789099710.7342,23.1000,-2.5000,0.0000
1789099710.7986,23.1500,-2.5000,0.0000
1789099710.8654,23.2000,-2.5000,0.0000
1789099710.9332,23.2500,-2.5000,0.0000
1789099711.0000,23.3000,-2.5000,0.0000
1789099711.0669,23.3500,-2.5000,0.0000
1789099711.1346,23.4000,-2.5000,0.0000
1789099711.2003,23.4500,-2.5000,0.0000
1789099711.2668,23.5000,-2.5000,0.0000
1789099711.3346,23.5500,-2.5000,0.0000
1789099711.4016,23.6000,-2.5000,0.0000
1789099711.4674,23.6500,-2.5000,0.0000
1789099711.5338,23.7000,-2.5000,0.0000
1789099711.6018,23.7500,-2.5000,0.0000
1789099711.6673,23.8000,-2.5000,0.0000
1789099711.7333,23.8500,-2.5000,0.0000
1789099711.8011,23.9000,-2.5000,0.0000
1789099711.8683,23.9500,-2.5000,0.0000
1789099711.9342,24.0000,-2.5000,0.0000
1789099712.0007,24.0500,-2.5000,0.0000
1789099712.0684,24.1000,-2.5000,0.0000
1789099712.1344,24.1500,-2.5000,0.0000
1789099712.2009,24.2000,-2.5000,0.0000
1789099712.2684,24.2500,-2.5000,0.0000
1789099712.3360,24.3000,-2.5000,0.0000
1789099712.4013,24.3500,-2.5000,0.0000
1789099712.4678,24.4000,-2.5000,0.0000
1789099712.5344,24.4500,-2.5000,0.0000
1789099712.6020,24.5000,-2.5000,0.0000
1789099712.6673,24.5500,-2.5000,0.0000
1789099712.7338,24.6000,-2.5000,0.0000
1789099712.8016,24.6500,-2.5000,0.0000
1789099712.8695,24.7000,-2.5000,0.0000
1789099712.9357,24.7500,-2.5000,0.0000
1789099713.0022,24.8000,-2.5000,0.0000
1789099713.0701,24.8500,-2.5000,0.0000
1789099713.1380,24.9000,-2.5000,0.0000
1789099713.2059,24.9500,-2.5000,0.0000
1789099713.2741,25.0000,-2.5000,0.0000
1789099713.3425,25.0500,-2.5000,0.0000
1789099713.4106,25.1000,-2.5000,0.0000
1789099713.4792,25.1500,-2.5000,0.0000
1789099713.5493,25.2000,-2.5000,0.0000
1789099713.6174,25.2500,-2.5000,0.0000
1789099713.6855,25.3000,-2.5000,0.0000
1789099713.7544,25.3500,-2.5000,0.0000
1789099713.8222,25.4000,-2.5000,0.0000
1789099713.8951,25.4500,-2.5000,0.0000
1789099713.9633,25.5000,-2.5000,0.0000
1789099714.0314,25.5500,-2.5000,0.0000
1789099714.0995,25.6000,-2.5000,0.0000
1789099714.1685,25.6500,-2.5000,0.0000
1789099714.2392,25.7000,-2.5000,0.0000
1789099714.3102,25.7500,-2.5000,0.0000
1789099714.3762,25.8000,-2.5000,0.0000
1789099714.4434,25.8500,-2.5000,0.0000
1789099714.5115,25.9000,-2.5000,0.0000
1789099714.5766,25.9500,-2.5000,0.0000
1789099714.6431,26.0000,-2.5000,0.0000
1789099714.7112,26.0500,-2.5000,0.0000
1789099714.7769,26.1000,-2.5000,0.0000
1789099714.8436,26.1500,-2.5000,0.0000
1789099714.9114,26.2000,-2.5000,0.0000
1789099714.9779,26.2500,-2.5000,0.0000
1789099715.0447,26.3000,-2.5000,0.0000
1789099715.1122,26.3500,-2.5000,0.0000
1789099715.1787,26.4000,-2.5000,0.0000
1789099715.2467,26.4500,-2.5000,0.0000
1789099715.3157,26.5000,-2.5000,0.0000
1789099715.3844,26.5500,-2.5000,0.0000
1789099715.4530,26.6000,-2.5000,0.0000
1789099715.5231,26.6500,-2.5000,0.0000
1789099715.5908,26.7000,-2.5000,0.0000
1789099715.6583,26.7500,-2.5000,0.0000
1789099715.7266,26.8000,-2.5000,0.0000
1789099715.7960,26.8500,-2.5000,0.0000
1789099715.8641,26.9000,-2.5000,0.0000
1789099715.9318,26.9500,-2.5000,0.0000
1789099716.0034,27.0000,-2.5000,0.0000
1789099716.0714,27.0500,-2.5000,0.0000
1789099716.1384,27.1000,-2.5000,0.0000
1789099716.2065,27.1500,-2.5000,0.0000
1789099716.2753,27.2000,-2.5000,0.0000
1789099716.3903,27.2500,-2.5000,0.0000
1789099716.4572,27.3000,-2.5000,0.0000
1789099716.5245,27.3500,-2.5000,0.0000
1789099716.5929,27.4000,-2.5000,0.0000
1789099716.6605,27.4500,-2.5000,0.0000
1789099716.7293,27.5000,-2.5000,0.0000
1789099716.7970,27.5500,-2.5000,0.0000
1789099716.8648,27.6000,-2.5000,0.0000
1789099716.9631,27.6500,-2.5000,0.0000
1789099717.0307,27.7000,-2.5000,0.0000
1789099717.0977,27.7500,-2.5000,0.0000
1789099717.1658,27.8000,-2.5000,0.0000
1789099717.2340,27.8500,-2.5000,0.0000
1789099717.3014,27.9000,-2.5000,0.0000
1789099717.3688,27.9500,-2.5000,0.0000
1789099717.4364,28.0000,-2.5000,0.0000
1789099717.5038,28.0500,-2.5000,0.0000
1789099717.5713,28.1000,-2.5000,0.0000
1789099717.6385,28.1500,-2.5000,0.0000
1789099717.7130,28.2000,-2.5000,0.0000
1789099717.7801,28.2500,-2.5000,0.0000
1789099717.8480,28.3000,-2.5000,0.0000
1789099717.9158,28.3500,-2.5000,0.0000
1789099717.9840,28.4000,-2.5000,0.0000
1789099718.0548,28.4500,-2.5000,0.0000
1789099718.1247,28.5000,-2.5000,0.0000
1789099718.1919,28.5500,-2.5000,0.0000
1789099718.2593,28.6000,-2.5000,0.0000
1789099718.3265,28.6500,-2.5000,0.0000
1789099718.4043,28.7000,-2.5000,0.0000
1789099718.4696,28.7500,-2.5000,0.0000
1789099718.5367,28.8000,-2.5000,0.0000
1789099718.6041,28.8500,-2.5000,0.0000
1789099718.6718,28.9000,-2.5000,0.0000
1789099718.7392,28.9500,-2.5000,0.0000
1789099718.8067,29.0000,-2.5000,0.0000
1789099718.8736,29.0500,-2.5000,0.0000
1789099718.9407,29.1000,-2.5000,0.0000
1789099719.0075,29.1500,-2.5000,0.0000
1789099719.0750,29.2000,-2.5000,0.0000
1789099719.1431,29.2500,-2.5000,0.0000
1789099719.2106,29.3000,-2.5000,0.0000
1789099719.2810,29.3500,-2.5000,0.0000
1789099719.3518,29.4000,-2.5000,0.0000
1789099719.4190,29.4500,-2.5000,0.0000
1789099719.4884,29.5000,-2.5000,0.0000
1789099719.5588,29.5500,-2.5000,0.0000
1789099719.6265,29.6000,-2.5000,0.0000
1789099719.6977,29.6500,-2.5000,0.0000
1789099719.7674,29.7000,-2.5000,0.0000
1789099719.8354,29.7500,-2.5000,0.0000
1789099719.9018,29.8000,-2.5000,0.0000
1789099719.9681,29.8500,-2.5000,0.0000
1789099720.0352,29.9000,-2.5000,0.0000
1789099720.1010,29.9500,-2.5000,0.0000
1789099720.1675,30.0000,-2.5000,0.0000
1789099720.2348,30.0500,-2.5000,0.0000
1789099720.3019,30.1000,-2.5000,0.0000
1789099720.3699,30.1500,-2.5000,0.0000
1789099720.4369,30.2000,-2.5000,0.0000
1789099720.5041,30.2500,-2.5000,0.0000
1789099720.5706,30.3000,-2.5000,0.0000
1789099720.6366,30.3500,-2.5000,0.0000
