applied_lat_ms,applied_t,cmd_vx,cmd_yaw,conf,event,frame_age,frame_count,fw_ts,pitch,px,py,pz,roll,size,size_bucket,t,t_proc,torn_frames,tracking,wall,x,x_bin,x_soft,yaw
224.78145803324878,12.783663042006083,0.0,0.0,0.9916771650314331,,0.041971166036091745,191,15640,0.0,1.2979198878854126e-12,7.167322426749126e-14,0.8472070097923279,0.0,0.375,1,12.60381179198157,12.600852750008926,0,0,1789099741.091913,-0.444444477558136,2,-0.44176143407821655,0.0
220.7069589640014,12.91943408397492,0.0,0.0,0.9934728741645813,,0.05916604201775044,193,15791,0.0,1.3402854130359354e-12,7.225260835594036e-14,0.8418301939964294,0.0,0.375,1,12.759832750016358,12.75789316702867,0,0,1789099741.247935,-0.444444477558136,2,-0.4340512752532959,0.0
220.47354199457914,13.119705084012821,0.2,26.66666865348816,0.9847426414489746,,0.015345541993156075,196,15941,0.0,1.3827902581656226e-12,7.28239896771038e-14,0.8380171060562134,0.0,0.375,1,12.915935792028904,12.914577084011398,0,1,1789099741.4040399,-0.444444477558136,2,-0.43148529529571533,0.0
220.39416700135916,13.254384334024508,0.2,26.66666865348816,0.9810458421707153,,0.035729499999433756,198,16090,0.0,1.4224897301740036e-12,7.335299224585021e-14,0.83525550365448,0.0,0.375,1,13.07131012500031,13.069719667022582,0,1,1789099741.559417,-0.444444477558136,2,-0.4316832423210144,0.0
221.00345796206966,13.400597999978345,0.2,26.66666865348816,0.9955474138259888,,0.0465911669889465,200,16241,-0.53242427110672,2.995234535774216e-05,-7.374590893505228e-08,0.8329380750656128,8.58016028359998e-06,0.375,1,13.227969416999258,13.226185709005222,0,1,1789099741.7160802,-0.444444477558136,2,-0.43130385875701904,0.0014529195614159107
223.0999160092324,13.600995999993756,0.0,26.66666865348816,0.9979105591773987,,0.0035119160311296582,203,16391,-3.8033838272094727,0.0034782097209244967,1.4061700312595349e-05,0.8308817148208618,-0.0001428051182301715,0.625,2,13.383626291994005,13.381408000015654,0,1,1789099741.8717399,-0.444444477558136,2,-0.42377299070358276,0.4791240990161896
222.34274999937043,13.73310583399143,0.0,26.66666865348816,0.9946730732917786,,0.027784582984168082,205,16542,-3.4607269763946533,0.01390017569065094,6.197596667334437e-05,0.8292140960693359,0.08238936960697174,0.625,2,13.539876124996226,13.538547666976228,0,1,1789099742.0279932,-0.444444477558136,2,-0.36007118225097656,2.8580541610717773
224.40333402482793,13.872667209012434,0.0,13.333333432674408,0.9978027939796448,,0.04629470902727917,207,16693,-1.7246510982513428,0.02959975227713585,0.0003534664283506572,0.8279492259025574,-0.0025466708466410637,0.625,2,13.696431167016272,13.694558584014885,0,1,1789099742.184551,-0.2222222238779068,3,-0.22560587525367737,6.907182216644287
220.33383400412276,14.006979209021665,0.2,13.333333432674408,0.9974194765090942,,0.0626068749697879,209,16843,2.5038001537323,0.041548825800418854,0.0008033535559661686,0.8272058963775635,-0.2904377281665802,0.375,1,13.8507247089874,13.84925224998733,0,1,1789099742.338847,-0.2222222238779068,3,-0.21660399436950684,9.556526184082031
224.05416698893532,14.209550916973967,0.0,13.333333432674408,0.9950507283210754,,0.021482459036633372,212,16991,1.6577564477920532,0.0505327470600605,0.0012679481878876686,0.8264749050140381,-0.33632639050483704,0.625,2,14.008891834004316,14.006979209021665,0,1,1789099742.497016,-0.2222222238779068,3,-0.15864689648151398,12.043526649475098
222.41399995982647,14.340303374978248,0.0,0.0,0.9902228116989136,,0.04350266698747873,214,17146,-1.5579142570495605,0.05922752618789673,0.0019313417142257094,0.8256627917289734,-0.24308137595653534,0.625,2,14.162798709003255,14.1613920420059,0,1,1789099742.650927,0.0,4,-0.014394932426512241,15.128291130065918
221.7681669862941,14.474244333978277,0.0,0.0,0.9760158061981201,,0.06540183303877711,216,17340,-0.9385381937026978,0.07619419693946838,0.004498617257922888,0.8246026635169983,-0.1146274209022522,0.625,2,14.319351250014734,14.31787800003076,0,1,1789099742.807482,0.0,4,-0.02004106715321541,17.48145866394043
220.70270800031722,14.672566000022925,0.0,0.0,0.9949280023574829,,0.02238104195566848,219,17490,1.5620263814926147,0.08891896158456802,0.006838753819465637,0.8239131569862366,-0.2965051829814911,0.625,2,14.475872792012524,14.474244333978277,0,1,1789099742.964006,0.0,4,0.06287560611963272,19.09782600402832
220.16791603527963,14.80640175001463,0.0,-13.333333432674408,0.9945048689842224,,0.04223179101245478,221,17640,1.7132046222686768,0.09493064880371094,0.008068300783634186,0.8234607577323914,-0.2925499379634857,0.625,2,14.634115584020037,14.628465624991804,0,1,1789099743.122253,0.2222222238779068,5,0.14534913003444672,20.2209529876709
220.42112500639632,14.984533916984219,0.0,-13.333333432674408,0.9966602325439453,,0.018391417048405856,222,17740,1.621978521347046,0.09716582298278809,0.008556395769119263,0.8232481479644775,-0.21973402798175812,0.625,2,14.783956209023017,14.782504209026229,0,1,1789099743.272095,0.2222222238779068,5,0.14672677218914032,20.682815551757812
220.05499998340383,15.118415875011124,0.2,-13.333333432674408,0.9619032144546509,,0.03987766697537154,224,17890,0.26888707280158997,0.10235583782196045,0.009713866747915745,0.8226160407066345,-0.07943526655435562,0.375,1,14.939805458998308,14.938238542003091,0,1,1789099743.427947,0.2222222238779068,5,0.1785963773727417,20.337297439575195
220.3482500044629,15.253284375008661,0.0,-13.333333432674408,0.9929410219192505,,0.06211262498982251,226,18091,0.45785537362098694,0.10988117009401321,0.011690178886055946,0.8217422962188721,-0.07009878754615784,0.625,2,15.096463625028264,15.095048749994021,0,1,1789099743.584608,0.2222222238779068,5,0.18839457631111145,20.26118278503418
220.57054098695517,15.452449875010643,0.0,-13.333333432674408,0.9947488903999329,,0.018379540997557342,229,18241,-2.1561331748962402,0.11394541710615158,0.0129083301872015,0.8211131691932678,-0.049177516251802444,0.625,2,15.251582209020853,15.250258875021245,0,1,1789099743.739728,0.2222222238779068,5,0.20090501010417938,19.052886962890625
223.5307920491323,15.59048283402808,0.0,-13.333333432674408,0.9891125559806824,,0.03909433301305398,231,18391,0.11046621203422546,0.1210692822933197,0.015172721818089485,0.8203344941139221,-0.11020530015230179,0.625,2,15.40805437497329,15.406046374992002,0,1,1789099743.896204,0.2222222238779068,5,0.18802745640277863,17.25335693359375
220.8514169906266,15.721060334006324,0.0,-13.333333432674408,0.9874134063720703,,0.06012804200872779,233,18540,0.14183713495731354,0.12703053653240204,0.017408281564712524,0.819482147693634,0.040892116725444794,0.625,2,15.565925874980167,15.560336959024426,0,1,1789099744.054079,0.2222222238779068,5,0.15864843130111694,15.443803787231445
223.1563330278732,15.922066500002984,0.0,-13.333333432674408,0.9989976286888123,,0.016735542041715235,236,18690,0.9286485910415649,0.12963685393333435,0.018463939428329468,0.8188095688819885,0.09359508752822876,0.625,2,15.716855000006035,15.715645709016826,0,1,1789099744.205009,0.2222222238779068,5,0.1662762314081192,14.174769401550293
220.0261250254698,16.048947750008665,0.0,-13.333333432674408,0.9992665648460388,,0.043255124997813255,238,18841,0.6571260690689087,0.13084347546100616,0.01898949220776558,0.818147599697113,0.040035635232925415,0.625,2,15.873466750024818,15.872176749981008,0,1,1789099744.361623,0.2222222238779068,5,0.14371946454048157,12.844528198242188
222.18537505250424,16.248295125027653,0.0,0.0,0.9330837726593018,,0.0010821250034496188,241,18991,0.03448597341775894,0.1314280927181244,0.01933048665523529,0.8175650835037231,0.026650255545973778,0.625,2,16.028664542012848,16.027191874978598,0,1,1789099744.516824,0.0,4,0.08385064452886581,11.02040958404541
220.92820901889354,16.382763708999846,0.0,0.0,0.9883986115455627,,0.020935292006470263,243,19140,-0.043962471187114716,0.13141925632953644,0.019505105912685394,0.8170745968818665,0.015238591469824314,0.625,2,16.184185874997638,16.182770791987423,0,1,1789099744.672349,0.0,4,0.08075813204050064,9.110525131225586
220.80554196145386,16.514351541991346,0.0,0.0,0.9990511536598206,,0.04523508396232501,245,19291,0.04098343476653099,0.1306271255016327,0.019465863704681396,0.816579282283783,0.004004272632300854,0.625,2,16.34044687502319,16.338781083992217,0,1,1789099744.8286111,0.0,4,0.04374250769615173,7.605103015899658
222.67712495522574,16.652563666983042,0.0,0.0,0.9999186992645264,,0.06670087500242516,247,19440,-0.062026333063840866,0.12922118604183197,0.019259754568338394,0.8161166310310364,-0.001715223421342671,0.625,2,16.49806766700931,16.49658741703024,0,1,1789099744.986235,0.0,4,0.04164775088429451,6.540439128875732
222.73420897545293,16.855707334005274,0.0,0.0,0.9999109506607056,,0.019590541953220963,250,19590,-0.16828908026218414,0.12760324776172638,0.019009383395314217,0.8156633377075195,-0.010979123413562775,0.625,2,16.65417133399751,16.652563666983042,0,1,1789099745.1423402,0.0,4,0.0372464694082737,5.943122386932373
221.0598750389181,16.989063167013228,0.0,0.0,0.9991735816001892,,0.03936033300124109,252,19791,-0.2082986831665039,0.12537585198879242,0.018702836707234383,0.8150686025619507,-0.018744025379419327,0.625,2,16.809762083983514,16.80736362497555,0,1,1789099745.297934,0.0,4,0.08050361275672913,5.636965751647949
220.45616700779647,17.11985816701781,0.0,-13.333333432674408,0.9974005222320557,,0.06492566701490432,254,19941,-0.1992558091878891,0.12375286221504211,0.01851247437298298,0.8146088719367981,-0.015024175867438316,0.625,2,16.965712292003445,16.964327667024918,0,1,1789099745.453886,0.2222222238779068,5,0.11265676468610764,5.59323263168335
220.21133301313967,17.32650454202667,0.0,-13.333333432674408,0.9998515844345093,,0.01233354100259021,257,20090,-0.19888845086097717,0.12231744825839996,0.01835966296494007,0.8142101168632507,-0.010590383782982826,0.625,2,17.11985320900567,17.11862675001612,0,1,1789099745.608029,0.2222222238779068,5,0.17341291904449463,5.549853324890137
221.70966700650752,17.463333084015176,0.0,-13.333333432674408,0.9983028173446655,,0.033413249999284744,259,20240,-0.17389768362045288,0.12078969925642014,0.018201522529125214,0.8137258887290955,-0.008718019351363182,0.625,2,17.276641124975868,17.275036667007953,0,1,1789099745.764819,0.2222222238779068,5,0.18497881293296814,5.444180488586426
221.58150002360344,17.594878542004153,0.0,-13.333333432674408,0.998222291469574,,0.05592333304230124,261,20390,-0.1714162826538086,0.11927102506160736,0.01803649589419365,0.8132771849632263,-0.009145896881818771,0.625,2,17.430568667012267,17.42922037502285,0,1,1789099745.91875,0.2222222238779068,5,0.1892908215522766,4.849251747131348
220.75716697145253,17.79285654198611,0.2,-13.333333432674408,0.9991570711135864,,0.013682999997399747,264,20540,-0.16849839687347412,0.11772605031728745,0.017852358520030975,0.8127846717834473,-0.013882007449865341,0.375,1,17.587038624973502,17.58578237501206,0,1,1789099746.075222,0.2222222238779068,5,0.1893376111984253,3.318864345550537
220.48900002846494,17.929863125027623,0.0,-13.333333432674408,0.9998190999031067,,0.03155258402694017,266,20690,-0.14338047802448273,0.11642174422740936,0.017688101157546043,0.8123272061347961,-0.016361692920327187,0.625,2,17.742563624982722,17.7409267090261,0,1,1789099746.230749,0.2222222238779068,5,0.16631419956684113,1.8249015808105469
222.1882920130156,18.06237754202448,0.0,-13.333333432674408,0.9994770884513855,,0.05513820896157995,268,20852,-1.240897297859192,0.1150910034775734,0.01752057485282421,0.8118236660957336,-0.02576584555208683,0.625,2,17.896675708994735,17.895327458973043,0,1,1789099746.384864,0.2222222238779068,5,0.14846521615982056,0.06629206985235214
222.0950829796493,18.262522124976385,0.0,0.0,0.9993749260902405,,0.009413124993443489,271,20991,-2.187553882598877,0.11784878373146057,0.017420724034309387,0.8111874461174011,-0.08322508633136749,0.625,2,18.051501417008694,18.04984016699018,0,1,1789099746.539691,0.0,4,0.04094265028834343,-1.3225973844528198
222.1080829622224,18.39667816698784,0.0,0.0,0.9994988441467285,,0.02940758300246671,273,21141,-0.2091338336467743,0.1229424849152565,0.01756543293595314,0.810465931892395,0.03611648082733154,0.625,2,18.205243541975506,18.203977667028084,0,1,1789099746.693435,0.0,4,0.017958419397473335,-2.9312093257904053
222.55487501388416,18.52987591701094,0.0,0.0,0.9979792237281799,,0.05252191697945818,275,21293,1.193291425704956,0.12594136595726013,0.017689665779471397,0.8099587559700012,0.05336542800068855,0.625,2,18.36143925000215,18.359842958976515,0,1,1789099746.849633,0.0,4,0.026919515803456306,-4.768787384033203
221.6655829688534,18.72837949998211,0.0,0.0,0.9979828596115112,,0.007794875011313707,278,21440,0.5429593324661255,0.12780429422855377,0.017741607502102852,0.8095454573631287,0.03272055462002754,0.625,2,18.515908709028736,18.51450879202457,0,1,1789099747.0041049,0.0,4,0.014933111146092415,-6.224595546722412
220.5984169850126,18.860600958985742,0.0,0.0,0.9995349645614624,,0.03268670802935958,280,21590,-0.0039404211565852165,0.1299046128988266,0.017756016924977303,0.8092702031135559,0.04459550976753235,0.625,2,18.67403358401498,18.67268925003009,0,1,1789099747.1622322,0.0,4,0.004943943116813898,-6.68514347076416
222.69887500442564,18.99863525002729,0.0,0.0,0.999782145023346,,0.05186224996577948,282,21743,0.2012750208377838,0.13212810456752777,0.017739294096827507,0.8091013431549072,0.014276747591793537,0.625,2,18.829440750007052,18.827798624988645,0,1,1789099747.317641,0.0,4,0.038759130984544754,-6.597873687744141
222.5869579706341,19.19823404197814,0.0,0.0,0.999875545501709,,0.008400666003581136,285,21890,0.25055474042892456,0.13377946615219116,0.01773625612258911,0.8090003728866577,0.01539726834744215,0.625,2,18.985197792004328,18.984047750011086,0,1,1789099747.4734,0.0,4,0.05132436379790306,-6.711514949798584
221.62545897299424,19.328883084002882,0.0,0.0,0.9970334768295288,,0.031454249983653426,287,22090,0.16060592234134674,0.13541603088378906,0.017730627208948135,0.8088984489440918,0.01809823140501976,0.625,2,19.14030458399793,19.13871187501354,0,1,1789099747.6285079,0.0,4,0.06827092170715332,-7.126665115356445
222.74629201274365,19.46304041700205,0.0,0.0,0.9973811507225037,,0.05292829201789573,289,22241,0.08311088383197784,0.1363857090473175,0.01772633008658886,0.8088013529777527,0.008378596045076847,0.625,2,19.294952124997508,19.2932224170072,0,1,1789099747.783158,0.0,4,0.09702496975660324,-7.1394853591918945
221.0262090084143,19.66391433402896,0.0,-13.333333432674408,0.9994459748268127,,0.004830583988223225,292,22391,0.08979203552007675,0.1371881514787674,0.017728159204125404,0.808687150478363,0.00914913322776556,0.625,2,19.449397750024218,19.447718709008768,0,1,1789099747.9376068,0.2222222238779068,5,0.1583048403263092,-7.0259623527526855
222.95250004390255,19.797574000025634,0.0,-13.333333432674408,0.9946292042732239,,0.02705491700908169,294,22542,0.07451670616865158,0.137945756316185,0.017738500609993935,0.8085108995437622,0.004769269376993179,0.625,2,19.60303862497676,19.601676416990813,0,1,1789099748.091249,0.2222222238779068,5,0.1808708906173706,-6.961499214172363
221.12212504725903,19.929725625028368,0.0,-13.333333432674408,0.9984093308448792,,0.04817454202566296,296,22641,0.055489569902420044,0.13836708664894104,0.01775228977203369,0.8083738088607788,0.006885062903165817,0.625,2,19.757846291991882,19.756778042006772,0,1,1789099748.246058,0.2222222238779068,5,0.18194212019443512,-7.018772125244141
220.16691701719537,20.127747917023953,0.0,-13.333333432674408,0.9973949193954468,,0.006334875011816621,299,22840,0.05041564628481865,0.1391289085149765,0.017783302813768387,0.8080237507820129,0.007318433839827776,0.625,2,19.915254959021695,19.913915875018574,0,1,1789099748.403469,0.2222222238779068,5,0.19898167252540588,-7.494322299957275
223.90537499450147,20.265976959024556,0.0,-13.333333432674408,0.9990400671958923,,0.02574299997650087,301,22941,0.03803291916847229,0.13946211338043213,0.017799867317080498,0.807839572429657,0.007432100363075733,0.625,2,20.069194666983094,20.067814584006555,0,1,1789099748.557411,0.2222222238779068,5,0.19315040111541748,-8.13521671295166
221.79545799735934,20.39644591702381,0.2,-13.333333432674408,0.9955720901489258,,0.04742441599955782,303,23140,0.028062080964446068,0.14010752737522125,0.017843937501311302,0.807449221611023,0.006224814802408218,0.375,1,20.22363637498347,20.22207487502601,0,1,1789099748.711854,0.2222222238779068,5,0.20414060354232788,-10.319049835205078
221.36529197450727,20.59687195898732,0.0,-13.333333432674408,0.99669349193573,,0.0032930420129559934,306,23290,0.02899295464158058,0.14054179191589355,0.01789410598576069,0.8071611523628235,0.008218085393309593,0.625,2,20.38027174997842,20.37879970902577,0,1,1789099748.868493,0.2222222238779068,5,0.15386778116226196,-11.821145057678223
223.52037503151223,20.730974667007104,0.0,-13.333333432674408,0.9933803081512451,,0.02792204200522974,308,23441,-2.7585909366607666,0.14124397933483124,0.01788296177983284,0.8068763613700867,-0.0007017742609605193,0.625,2,20.536497750028502,20.53537633398082,0,1,1789099749.024719,0.2222222238779068,5,0.13165292143821716,-13.238147735595703
223.7695000367239,20.86414900003001,0.2,0.0,0.9889821410179138,,0.04942754202056676,310,23592,-2.397578716278076,0.14720982313156128,0.016764933243393898,0.806397020816803,-0.10177894681692123,0.375,1,20.691486417024862,20.689807042013854,0,1,1789099749.17971,0.0,4,0.0632711872458458,-14.899065017700195
224.22041598474607,21.064152124978136,0.0,0.0,0.9889644384384155,,0.003930290986318141,313,23742,0.8691350817680359,0.1555439978837967,0.01512718852609396,0.8060117363929749,0.1258143037557602,0.625,2,20.845357917016372,20.84386199997971,0,1,1789099749.333583,0.0,4,0.00558052584528923,-16.667888641357422
221.37304197531193,21.196573583991267,0.0,0.0,0.9903016686439514,,0.02592424995964393,315,23891,-0.33834317326545715,0.16003072261810303,0.014136629179120064,0.8058947324752808,0.14237484335899353,0.625,2,21.002536583982874,21.0011247919756,0,1,1789099749.490763,0.0,4,0.009852366521954536,-18.275630950927734
223.65179099142551,21.32993887498742,0.0,0.0,0.9858915209770203,,0.04918450000695884,317,24041,-2.4570906162261963,0.16846473515033722,0.011902520433068275,0.8055597543716431,-0.027208352461457253,0.625,2,21.156700499996077,21.155471584002953,0,1,1789099749.6449301,0.0,4,0.007168318144977093,-19.443986892700195
222.81599999405444,21.53019795898581,0.2,0.0,0.9681430459022522,,0.002747291000559926,320,24190,1.1552942991256714,0.18022555112838745,0.00862960610538721,0.8052626848220825,0.10077454149723053,0.375,1,21.31175475002965,21.310129249992315,0,1,1789099749.799985,0.0,4,0.016954194754362106,-19.6826114654541
224.25170801579952,21.666122667025775,0.2,0.0,0.9816485643386841,,0.026435166015289724,322,24341,1.686742901802063,0.18837285041809082,0.006319832988083363,0.8052424192428589,0.08966181427240372,0.375,1,21.469734375015832,21.468306125025265,0,1,1789099749.957966,0.0,4,0.017323128879070282,-19.72964096069336
221.76279197447002,21.79522841697326,0.2,0.0,0.8894771933555603,,0.0490789589821361,324,24490,0.8371633887290955,0.19392433762550354,0.004707395099103451,0.8052188158035278,0.047736961394548416,0.375,1,21.62412375002168,21.622544583980925,0,1,1789099750.1123579,0.0,4,0.04111718013882637,-19.92719078063965
220.37408303003758,21.99461366701871,0.2,0.0,0.9406315088272095,,0.004347041016444564,327,24640,-3.6283226013183594,0.20116454362869263,0.0025307550095021725,0.8051286339759827,0.010696327313780785,0.375,1,21.779998958983924,21.77858662500512,0,1,1789099750.268234,0.0,4,0.04208820313215256,-20.117712020874023
220.2311250148341,22.128604124998674,0.2,0.0,0.9916957020759583,,0.02463450003415346,329,24841,-2.9207825660705566,0.21944083273410797,-0.0033820972312241793,0.8048453330993652,0.06137511879205704,0.375,1,21.934506458987016,21.933007500017993,0,1,1789099750.422743,0.0,4,0.04238146170973778,-20.16705322265625
223.87225000420585,22.264706709014717,0.0,0.0,0.99273681640625,,0.04663129098480567,331,24994,-1.6032443046569824,0.23614449799060822,-0.009058797731995583,0.8047825694084167,0.05570560321211815,0.625,2,22.08894920902094,22.087465749995317,0,1,1789099750.5771892,0.0,4,0.08265743404626846,-20.067119598388672
224.45595799945295,22.466563375026453,0.0,-13.333333432674408,0.9783007502555847,,0.0021782079711556435,334,25140,-1.25888991355896,0.25325366854667664,-0.014937886036932468,0.8049283027648926,0.03071732446551323,0.625,2,22.24541712499922,22.244285624998156,0,1,1789099750.7336571,0.2222222238779068,5,0.09484200179576874,-20.064855575561523
223.30245899502188,22.597739333985373,0.0,-13.333333432674408,0.989604115486145,,0.02450108400080353,336,25291,0.998515248298645,0.2720493972301483,-0.021382195875048637,0.8050757646560669,0.02178502082824707,0.625,2,22.40039116702974,22.398937958991155,0,1,1789099750.888633,0.2222222238779068,5,0.11889593303203583,-20.12873649597168
221.16045898292214,22.730623084004037,0.2,-13.333333432674408,0.9806656241416931,,0.047108499973546714,338,25441,2.1172900199890137,0.2867009937763214,-0.026442674919962883,0.805094301700592,0.03261620178818703,0.375,1,22.558256042015273,22.55657112499466,0,1,1789099751.046499,0.2222222238779068,5,0.09485024213790894,-20.089672088623047
222.7024589665234,22.930016583995894,0.2,-13.333333432674408,0.9693182110786438,,0.004905166977550834,341,25590,2.2404770851135254,0.29754775762557983,-0.0301600843667984,0.804986834526062,0.0029268122743815184,0.375,1,22.713630124984775,22.71221929200692,0,1,1789099751.201876,0.2222222238779068,5,0.1420668363571167,-20.254167556762695
221.58487502019852,23.061541542003397,0.0,-13.333333432674408,0.9694002270698547,,0.026135625026654452,343,25740,-0.7072464227676392,0.3067868649959564,-0.03333679214119911,0.8048166632652283,0.03400793299078941,0.625,2,22.86747583397664,22.866092292009853,0,1,1789099751.355722,0.2222222238779068,5,0.09089580923318863,-21.40926170349121
222.63837500941008,23.19769883400295,0.2,0.0,0.8525003790855408,,0.045519875013269484,345,25891,-2.462690591812134,0.31820788979530334,-0.03730018064379692,0.8045905828475952,-0.0701943039894104,0.375,1,23.021717709023505,23.02058033400681,0,1,1789099751.5099661,0.0,4,0.027494164183735847,-22.967100143432617
223.1502079521306,23.3975779999746,0.0,0.0,0.9076929688453674,,0.004359541984740645,348,26041,-2.0307037830352783,0.3334864675998688,-0.04285123571753502,0.8042688965797424,0.053456276655197144,0.625,2,23.180623041989747,23.17878733400721,0,1,1789099751.668873,0.0,4,0.029839886352419853,-24.3774356842041
220.6789159681648,23.528720124973916,0.2,0.0,0.8738837838172913,,0.02746654098154977,350,26191,1.5117955207824707,0.3475522994995117,-0.048376649618148804,0.8039718866348267,0.2508484125137329,0.375,1,23.336898583977018,23.3355077499873,0,1,1789099751.8251488,0.0,4,-0.01008576899766922,-25.840425491333008
223.04208297282457,23.66584479197627,0.0,0.0,0.9256594181060791,,0.04797820799285546,352,26340,-1.4377245903015137,0.35912609100341797,-0.053252942860126495,0.8036888241767883,0.07213304936885834,0.625,2,23.49218766699778,23.4907809169963,0,1,1789099751.9804401,0.0,4,-0.003714754246175289,-27.187850952148438
221.25549998600036,23.864379666978493,0.0,0.0,0.9856151342391968,,0.006066999980248511,355,26541,-0.479120135307312,0.3788526952266693,-0.062067996710538864,0.8033570051193237,0.10863324999809265,0.625,2,23.65070487500634,23.64919116697274,0,1,1789099752.1389592,0.0,4,-0.0017642336897552013,-27.714921951293945
220.3755839727819,23.99519958399469,0.0,0.0,0.968020498752594,,0.028550249990075827,357,26640,-1.051239013671875,0.38746029138565063,-0.06592273712158203,0.8032978773117065,0.13699975609779358,0.625,2,23.80472287500743,23.803374250011984,0,1,1789099752.292979,0.0,4,-0.024466373026371002,-27.57124137878418
220.90312495129183,24.12974804197438,0.0,0.0,0.9811781644821167,,0.053171707957517356,359,26841,1.053094506263733,0.4033961296081543,-0.07350094616413116,0.803077757358551,0.06892634183168411,0.625,2,23.962987417005934,23.962016624980606,0,1,1789099752.451245,0.0,4,-0.030118877068161964,-27.714025497436523
221.16329200798646,24.3298442090163,0.0,0.0,0.9914466142654419,,0.007340583018958569,362,26991,1.43937349319458,0.41202858090400696,-0.0776340588927269,0.803019642829895,0.03578570485115051,0.625,2,24.117913666996174,24.116021500027273,0,1,1789099752.6061718,0.0,4,-0.03467326983809471,-28.04193878173828
222.07266703480855,24.46814966702368,0.0,0.0,0.9927507638931274,,0.024326958984602243,364,27140,1.256608009338379,0.41861075162887573,-0.08074828237295151,0.8030910491943359,0.014943243004381657,0.625,2,24.271444917016197,24.270403958973475,0,1,1789099752.759705,0.0,4,-0.0342407301068306,-28.106693267822266
220.844958035741,24.600285375025123,0.0,0.0,0.9720898866653442,,0.045159125002101064,366,27291,0.5903734564781189,0.42451417446136475,-0.08353273570537567,0.8032650947570801,0.020283503457903862,0.625,2,24.426132959022652,24.424599541991483,0,1,1789099752.9143941,0.0,4,-0.04636327177286148,-27.91443634033203
224.89841701462865,24.73644604202127,0.0,0.0,0.9780042171478271,,0.06696762499632314,368,27441,0.5577590465545654,0.4295676350593567,-0.08594337105751038,0.8034458756446838,0.015100724063813686,0.625,2,24.58003616699716,24.578515250002965,0,1,1789099753.0683,0.0,4,-0.043422337621450424,-27.836225509643555
223.97254197858274,24.960045791987795,0.0,0.0,0.9833568334579468,,0.00037279201205819845,371,27591,0.5735318064689636,0.4333897829055786,-0.0877392590045929,0.8035821318626404,0.02115710638463497,0.625,2,24.737607083981857,24.73644604202127,0,1,1789099753.225871,0.0,4,-0.054796744138002396,-27.872852325439453
221.1966670001857,25.08897770900512,0.0,0.0,0.9807372093200684,,0.02340829197783023,373,27742,0.40084564685821533,0.436720609664917,-0.08929663896560669,0.8037078380584717,0.013662565499544144,0.625,2,24.892934541974682,24.891189333982766,0,1,1789099753.3811998,0.0,4,-0.054917801171541214,-28.025930404663086
220.42316698934883,25.222378042002674,0.0,0.0,0.9685069918632507,,0.0448058340116404,375,27895,0.3412436544895172,0.4395724833011627,-0.09059914946556091,0.8037494421005249,0.014703555963933468,0.625,2,25.049608666973654,25.046760709024966,0,1,1789099753.5378802,0.0,4,-0.05332416668534279,-28.004802703857422
220.4981250106357,25.355288208986167,0.0,0.0,0.9697043895721436,,0.06758324999827892,377,28041,0.31233060359954834,0.44205957651138306,-0.09168804436922073,0.8037592768669128,0.012496577575802803,0.625,2,25.204869291977957,25.20237333397381,0,1,1789099753.693137,0.0,4,-0.05017223581671715,-27.886425018310547
223.55308302212507,25.559658417012542,0.0,0.0,0.9772216081619263,,0.020464208035264164,380,28190,0.2572031617164612,0.4442330002784729,-0.09260157495737076,0.8037053346633911,0.015858542174100876,0.625,2,25.358497500012163,25.35656954202568,0,1,1789099753.8467672,0.0,4,-0.045772332698106766,-27.865354537963867
220.65454203402624,25.688391167030204,0.0,0.0,0.9697484374046326,,0.04438158398261294,382,28341,0.22078746557235718,0.4460766613483429,-0.09334420412778854,0.8035928010940552,0.01910371333360672,0.625,2,25.51343175000511,25.51211820897879,0,1,1789099754.0017018,0.0,4,-0.06434648483991623,-27.908205032348633
221.44283400848508,25.82766695902683,0.0,0.0,0.9662259221076965,,0.0631617089966312,384,28497,0.19743965566158295,0.44780901074409485,-0.09403394907712936,0.8034310936927795,0.018471306189894676,0.625,2,25.670848916983232,25.669385834014975,0,1,1789099754.1591208,0.0,4,-0.0699184387922287,-27.929533004760742
223.72395801357925,26.03230641700793,0.0,0.0,0.9872326850891113,,0.01908450003247708,387,28690,0.17784631252288818,0.45000430941581726,-0.09486190974712372,0.803223729133606,0.017586350440979004,0.625,2,25.829269459005445,25.82766695902683,0,1,1789099754.3175418,0.0,4,-0.053959548473358154,-27.8734073638916
223.71304198168218,26.165697083983105,0.0,0.0,0.9900418519973755,,0.043191124976146966,389,28841,0.15961682796478271,0.451567679643631,-0.0954136773943901,0.8030832409858704,0.02141868881881237,0.625,2,25.986998291977216,25.98517516697757,0,1,1789099754.475273,0.0,4,-0.08184292167425156,-27.80884552001953
220.2728750417009,26.295372584019788,0.0,0.0,0.9639657139778137,,0.06469225004548207,391,28990,0.15508407354354858,0.4530218839645386,-0.09591720253229141,0.802931547164917,0.02147875726222992,0.625,2,26.140926000021864,26.13979195902357,0,1,1789099754.629201,0.0,4,-0.10621689260005951,-27.830547332763672
223.94724999321625,26.498126333986875,0.0,13.333333432674408,0.9848979115486145,,0.021193500026129186,394,29140,0.14829859137535095,0.4544292092323303,-0.09640783816576004,0.8028045296669006,0.02156556025147438,0.625,2,26.296954791992903,26.295372584019788,0,1,1789099754.785231,-0.2222222238779068,3,-0.11630194634199142,-27.863590240478516
221.69574996223673,26.630176041973755,0.0,13.333333432674408,0.9687560796737671,,0.042227083002217114,396,29293,0.1451684832572937,0.4558870196342468,-0.09691792726516724,0.8026809096336365,0.01948464848101139,0.625,2,26.45238887501182,26.450707375013735,0,1,1789099754.940667,-0.2222222238779068,3,-0.15366283059120178,-27.85174560546875
221.21266700560227,26.762814834015444,0.0,13.333333432674408,0.9693140983581543,,0.06424820801476017,398,29441,0.14472615718841553,0.4572800099849701,-0.09740231931209564,0.8025734424591064,0.01936967670917511,0.625,2,26.606860667001456,26.605850375024602,0,1,1789099755.095139,-0.2222222238779068,3,-0.15429182350635529,-27.806320190429688
220.83316702628508,26.96296508400701,0.0,13.333333432674408,0.8819684386253357,,0.018817875010427088,401,29590,0.14680837094783783,0.45868808031082153,-0.09788516908884048,0.8024759888648987,0.01885143853724003,0.625,2,26.762807708990294,26.760949791991152,0,1,1789099755.2510889,-0.2222222238779068,3,-0.14461205899715424,-27.489606857299805
220.3361660358496,27.096373250009492,0.0,13.333333432674408,0.9744300246238708,,0.03885645803529769,403,29740,0.14547808468341827,0.46012410521507263,-0.0983583927154541,0.8023816347122192,0.015689825639128685,0.625,2,26.916582542005926,26.91489354200894,0,1,1789099755.4048629,-0.2222222238779068,3,-0.1780802309513092,-26.248586654663086
220.57433298323303,27.229988667008,0.0,0.0,0.9833659529685974,,0.06228499999269843,405,29890,0.14778248965740204,0.4615854322910309,-0.09880667179822922,0.8022799491882324,0.016721906140446663,0.625,2,27.07335449999664,27.071699334017467,0,1,1789099755.5616372,0.0,4,-0.07817574590444565,-24.335330963134766
220.95187497325242,27.432345083972905,0.0,0.0,0.9409658312797546,,0.014694040990434587,408,30040,0.1504398137331009,0.4629860520362854,-0.09922473132610321,0.8021959066390991,0.012277863919734955,0.625,2,27.22715849999804,27.226087249990087,0,1,1789099755.715442,0.0,4,-0.034950483590364456,-22.631481170654297
220.57991701876745,27.564948167011607,0.0,0.0,0.7835281491279602,,0.03782645898172632,410,30191,0.14717620611190796,0.4644351303577423,-0.09965439140796661,0.8021218776702881,0.010049955919384956,0.625,2,27.38380904198857,27.382194708974566,0,1,1789099755.872094,0.0,4,-0.038117654621601105,-21.330625534057617
220.78245802549645,27.696402417030185,0.0,0.0,0.7540209889411926,,0.0637076249695383,412,30390,0.1469351053237915,0.4663434624671936,-0.10022687166929245,0.8020414710044861,0.006978197488933802,0.625,2,27.540615874982905,27.539327583974227,0,1,1789099756.028903,0.0,4,-0.04162931814789772,-20.1124324798584
224.1014580358751,27.896635167009663,0.0,0.0,0.8672455549240112,,0.023868708056397736,415,30540,0.1475440263748169,0.46776869893074036,-0.10067684203386307,0.8020043969154358,0.006299963686615229,0.625,2,27.697808375000022,27.696402417030185,0,1,1789099756.186095,0.0,4,-0.03866257891058922,-19.850637435913086
223.35491701960564,28.029067708994262,0.0,0.0,0.9942110776901245,,0.04660175001481548,417,30690,0.1457265019416809,0.46913278102874756,-0.10113122314214706,0.8019875288009644,0.0037579359486699104,0.625,2,27.85358425002778,27.85231454198947,0,1,1789099756.3418722,0.0,4,-0.06317616254091263,-19.9526309967041
222.14620898012072,28.161331209004857,0.0,0.0,0.9845055937767029,,0.0671780839911662,419,30840,0.14885221421718597,0.47060608863830566,-0.10164088010787964,0.8019728660583496,0.001826656167395413,0.625,2,28.007729334000032,28.006363084015902,0,1,1789099756.496018,0.0,4,-0.09865068644285202,-19.95752716064453
223.46037504030392,28.36356429202715,0.0,13.333333432674408,0.7398177981376648,,0.021227292018011212,422,30991,0.14986632764339447,0.47191575169563293,-0.10209514945745468,0.8019585609436035,-0.00019085805979557335,0.625,2,28.162993000005372,28.161331209004857,0,1,1789099756.651283,-0.2222222238779068,3,-0.14815324544906616,-19.793102264404297
223.68962498148903,28.49651491700206,0.0,13.333333432674408,0.8920363187789917,,0.045899041986558586,424,31140,0.14699599146842957,0.47330740094184875,-0.10257387906312943,0.8019484281539917,-0.00045666139340028167,0.625,2,28.320235625025816,28.31872433400713,0,1,1789099756.808527,-0.2222222238779068,3,-0.16981643438339233,-19.691436767578125
222.51179203158244,28.69648170901928,0.0,13.333333432674408,0.9881113767623901,,0.002021250023972243,427,31293,0.14150825142860413,0.47461384534835815,-0.10300341993570328,0.8019374012947083,-0.00028728926554322243,0.625,2,28.47812187502859,28.47599116701167,0,1,1789099756.9664152,-0.2222222238779068,3,-0.1955460011959076,-19.759328842163086
223.22524996707216,28.832293791987468,0.0,13.333333432674408,0.9040241241455078,,0.024695375002920628,429,31441,0.1395989954471588,0.4758891761302948,-0.10340419411659241,0.8019253611564636,0.0024104956537485123,0.625,2,28.635510666994378,28.633763917023316,0,1,1789099757.123805,-0.2222222238779068,3,-0.20035022497177124,-19.552892684936523
222.31687500607222,28.9660631250008,0.0,13.333333432674408,0.9705190658569336,,0.045342041994445026,431,31591,0.13736592233181,0.477221816778183,-0.10381720215082169,0.8018945455551147,0.0009093735134229064,0.625,2,28.79019320901716,28.789088291989174,0,1,1789099757.278487,-0.2222222238779068,3,-0.21470727026462555,-18.205886840820312
223.00729103153571,29.16568862501299,0.0,13.333333432674408,0.9940398931503296,,0.004244583018589765,434,31791,0.14064785838127136,0.4790284335613251,-0.10435684770345688,0.8018503189086914,-0.004238870460540056,0.625,2,28.948578334006015,28.946925917000044,0,1,1789099757.436873,-0.2222222238779068,3,-0.18643848598003387,-15.771821975708008
220.73641599854454,29.296707250003237,0.0,13.333333432674408,0.991450846195221,,0.028751124977134168,436,31940,0.11916907876729965,0.480366975069046,-0.10473603755235672,0.8018059134483337,-0.0021912693046033382,0.625,2,29.106315333978273,29.104721958981827,0,1,1789099757.594611,-0.2222222238779068,3,-0.19629903137683868,-14.668143272399902
223.2326670200564,29.43425595900044,0.0,13.333333432674408,0.9676731824874878,,0.04911770799662918,438,32090,0.11817140877246857,0.48176127672195435,-0.10510731488466263,0.8017701506614685,-0.004140235483646393,0.625,2,29.261248958995566,29.26014099997701,0,1,1789099757.749547,-0.2222222238779068,3,-0.1886959820985794,-13.335734367370605
221.8251249869354,29.632372458989266,-0.2,13.333333432674408,0.9948914051055908,,0.006208833015989512,441,32244,0.12043493241071701,0.4831256568431854,-0.10542149841785431,0.8016959428787231,-0.007170757744461298,0.875,3,29.418169250013307,29.41675616701832,0,1,1789099757.9064682,-0.2222222238779068,3,-0.1435646116733551,-11.617307662963867
223.5070419847034,29.7673461670056,0.0,0.0,0.9995576739311218,,0.02719499997328967,443,32391,0.1215156763792038,0.4842403531074524,-0.10562796890735626,0.8016306161880493,-0.006164352409541607,0.625,2,29.572393834008835,29.571034124994185,0,1,1789099758.060693,0.0,4,-0.08337075263261795,-9.994884490966797
223.6542499740608,29.901139124995098,0.0,0.0,0.9974172115325928,,0.04948637500638142,445,32541,0.6532627940177917,0.48523756861686707,-0.10576572269201279,0.8015816807746887,-0.0034899639431387186,0.625,2,29.728506084007677,29.726971250027418,0,1,1789099758.216806,0.0,4,-0.04693498834967613,-8.36764907836914
221.70841600745916,30.09963875001995,0.0,0.0,0.9986398816108704,,0.00365108298137784,448,32690,3.252859354019165,0.48327895998954773,-0.10549972951412201,0.8013896942138672,-0.05042974650859833,0.625,2,29.8829307500273,29.881581416993868,0,1,1789099758.371232,0.0,4,-0.03438602387905121,-6.754847049713135
220.05058400100097,30.23123445897363,0.0,0.0,0.9996709823608398,,0.024664292053785175,450,32841,-0.20268666744232178,0.47772014141082764,-0.10442119836807251,0.8010620474815369,0.04137687385082245,0.625,2,30.03738604200771,30.035848167026415,0,1,1789099758.5256882,0.0,4,-0.023395689204335213,-5.300357818603516
223.14958402421325,30.367469209013507,0.0,0.0,0.9947768449783325,,0.045768459036480635,452,32990,-1.2887256145477295,0.4750184416770935,-0.10373970121145248,0.8009668588638306,0.05851226672530174,0.625,2,30.19166537502315,30.190088084025774,0,1,1789099758.67997,0.0,4,-0.02842075377702713,-4.698794364929199
220.4502910026349,30.564534750010353,0.0,0.0,0.9992939233779907,,0.0036570410011336207,455,33140,-0.29845523834228516,0.4730902910232544,-0.10326263308525085,0.8009633421897888,0.06495308130979538,0.625,2,30.349278791982215,30.34774150000885,0,1,1789099758.837582,0.0,4,-0.07873772829771042,-4.641102313995361
223.16262498497963,30.700648917001672,0.0,0.0,0.9999216794967651,,0.02492054196773097,457,33340,-0.15100212395191193,0.46962299942970276,-0.10265464335680008,0.8010957837104797,0.040545884519815445,0.625,2,30.50392083398765,30.502406833984423,0,1,1789099758.992225,0.0,4,-0.07857440412044525,-4.641091823577881
223.2723330380395,30.834251500025857,-0.2,13.333333432674408,0.9982151985168457,,0.047992833016905934,459,33492,-0.21146395802497864,0.46703052520751953,-0.10222288966178894,0.801245391368866,0.03220021724700928,0.875,3,30.66009604197461,30.658972000004724,0,1,1789099759.1484008,-0.2222222238779068,3,-0.1383049488067627,-4.403288841247559
220.97333398414776,31.03204820898827,0.0,13.333333432674408,0.9995575547218323,,0.002447584003675729,462,33641,-0.3350070118904114,0.4647607207298279,-0.10184506326913834,0.8014312386512756,0.030971309170126915,0.625,2,30.81501666700933,30.8135224590078,0,1,1789099759.3033228,-0.2222222238779068,3,-0.17578347027301788,-4.257971286773682
222.8552090236917,31.167484959005378,0.0,13.333333432674408,0.9998016953468323,,0.0252155420021154,464,33790,1.8874599933624268,0.4627527892589569,-0.10152070969343185,0.8015692234039307,0.02403862588107586,0.625,2,30.971443708986044,30.969845291983802,0,1,1789099759.459751,-0.2222222238779068,3,-0.18198847770690918,-4.374621868133545
222.9318330064416,31.301030792004894,0.0,13.333333432674408,0.9974549412727356,,0.04825908300699666,466,33941,2.3821537494659424,0.4554327428340912,-0.10081254690885544,0.8014950156211853,-0.0007648065802641213,0.625,2,31.127792458981276,31.12635804200545,0,1,1789099759.616101,-0.2222222238779068,3,-0.20939838886260986,-3.969574451446533
221.2924999766983,31.49909904197557,0.0,13.333333432674408,0.9982216954231262,,0.006094083015341312,469,34090,-0.902679979801178,0.4465796649456024,-0.09975878149271011,0.8014687895774841,0.04553733766078949,0.625,2,31.28521175001515,31.283900625014212,0,1,1789099759.7735198,-0.2222222238779068,3,-0.20122766494750977,-2.7337522506713867
222.72675001295283,31.633946124988142,0.0,13.333333432674408,0.9942195415496826,,0.0311547500314191,471,34242,-1.4686923027038574,0.44104501605033875,-0.09892390668392181,0.8016117215156555,0.08971597999334335,0.625,2,31.4436094170087,31.44237412500661,0,1,1789099759.931919,-0.2222222238779068,3,-0.17589519917964935,-0.946982741355896
222.29762497590855,31.767000333988108,0.0,13.333333432674408,0.9988188147544861,,0.052999457984697074,473,34391,-0.6183174848556519,0.437491774559021,-0.0984232947230339,0.8016260862350464,0.10335665196180344,0.625,2,31.599024459021166,31.597702166996896,0,1,1789099760.0873349,-0.2222222238779068,3,-0.16480450332164764,0.5650238394737244
222.6388339768164,31.96776933397632,-0.2,13.333333432674408,0.9991961121559143,,0.00923962501110509,476,34541,-0.334421843290329,0.43375611305236816,-0.09805594384670258,0.80159592628479,0.0816025659441948,0.875,3,31.75557416700758,31.75437012501061,0,1,1789099760.243885,-0.2222222238779068,3,-0.14312182366847992,1.9062647819519043
222.51275001326576,32.101168791996315,0.0,0.0,0.9998016953468323,,0.030513292003888637,478,34742,-0.30339688062667847,0.4296823740005493,-0.09772705286741257,0.80159991979599,0.059249602258205414,0.625,2,31.910605583980214,31.909169333986938,0,1,1789099760.3989172,0.0,4,-0.09549227356910706,4.091287136077881
221.63124999497086,32.230405709007755,0.0,0.0,0.9998435974121094,,0.05662699998356402,480,34892,0.7705209851264954,0.4277373254299164,-0.09760719537734985,0.8015629053115845,0.044871263206005096,0.625,2,32.06694254197646,32.06540145899635,0,1,1789099760.555255,0.0,4,-0.07256438583135605,6.01906681060791
220.8175829728134,32.425494124996476,0.0,0.0,0.9983114004135132,,0.01607562496792525,483,35043,1.3363858461380005,0.4226923882961273,-0.09794202446937561,0.8013602495193481,-0.05052459239959717,0.625,2,32.222306917014066,32.22075216699159,0,1,1789099760.71062,0.0,4,-0.03074558451771736,7.716717720031738
220.89687502011657,32.55963716702536,0.0,0.0,0.9759246110916138,,0.036542291985824704,485,35198,0.16828694939613342,0.4164159595966339,-0.09835968166589737,0.8010572195053101,0.08489792048931122,0.625,2,32.376872209017165,32.375282583991066,0,1,1789099760.8651872,0.0,4,-0.03202926740050316,8.857033729553223
221.3305410114117,32.69321850000415,0.0,0.0,0.9996452331542969,,0.05768583301687613,487,35344,-1.1031100749969482,0.4132951498031616,-0.09864838421344757,0.800939679145813,0.07334305346012115,0.625,2,32.53118383401306,32.529573792009614,0,1,1789099761.019499,0.0,4,-0.017328673973679543,9.079244613647461
221.42854100093246,32.895185375004075,0.0,0.0,0.9973272085189819,,0.011536457983311266,490,35490,-0.6122875809669495,0.4111919701099396,-0.0989060327410698,0.8009131550788879,0.025714993476867676,0.625,2,32.68662241700804,32.685293291986454,0,1,1789099761.1749382,0.0,4,-0.06332579255104065,8.999032020568848
221.58104204572737,33.029324709030334,0.0,0.0,0.999605119228363,,0.03261970804305747,492,35640,-0.03500998765230179,0.4088851511478424,-0.09923523664474487,0.801007866859436,0.017041536048054695,0.625,2,32.8421523750294,32.840363375027664,0,1,1789099761.3304682,0.0,4,-0.08313081413507462,9.212701797485352
220.12045903829858,33.15923045901582,0.0,0.0,0.9919507503509521,,0.058299291995354,494,35793,-0.18492552638053894,0.4065275192260742,-0.0995967835187912,0.8011698722839355,0.0060038198716938496,0.625,2,32.99880570900859,32.99740929197287,0,1,1789099761.487123,0.0,4,-0.08979416638612747,9.51213550567627
221.79804201005027,33.363850334018935,0.0,13.333333432674408,0.9718447327613831,,0.011152332997880876,497,35941,-0.2935197651386261,0.4048477113246918,-0.09989678859710693,0.8013449311256409,0.004333009943366051,0.625,2,33.15459883399308,33.153204625006765,0,1,1789099761.6429172,-0.2222222238779068,3,-0.1324026733636856,9.501397132873535
221.55220800777897,33.495027250028215,0.0,13.333333432674408,0.9998832941055298,,0.034460916998796165,499,36090,-0.14124757051467896,0.40362265706062317,-0.10015764832496643,0.8015061616897583,-0.0006125732907094061,0.625,2,33.30955091700889,33.30793595901923,0,1,1789099761.7978702,-0.2222222238779068,3,-0.18881261348724365,9.372089385986328
221.82358300779015,33.62850337498821,0.0,13.333333432674408,0.997821569442749,,0.056895208021160215,501,36241,-0.12170790880918503,0.40256112813949585,-0.10041503608226776,0.8016653060913086,-0.0034133195877075195,0.625,2,33.46471600001678,33.46357500000158,0,1,1789099761.953037,-0.2222222238779068,3,-0.19736485183238983,9.345154762268066
222.6572090294212,33.82967545901192,0.0,13.333333432674408,0.9758199453353882,,0.010920625005383044,504,36390,-0.1352315992116928,0.401719868183136,-0.10063423961400986,0.8017796874046326,-0.0056249904446303844,0.625,2,33.61944208398927,33.617938874987885,0,1,1789099762.1077619,-0.2222222238779068,3,-0.20616938173770905,9.627224922180176
221.04420798132196,33.96260062500369,0.0,13.333333432674408,0.9951731562614441,,0.030615124967880547,506,36540,-0.08445718139410019,0.40096598863601685,-0.10084427148103714,0.8018266558647156,-0.0011850108858197927,0.625,2,33.77377929200884,33.77217154199025,0,1,1789099762.262101,-0.2222222238779068,3,-0.211388498544693,10.694217681884766
221.13229101523757,34.09406812500674,-0.2,13.333333432674408,0.9874122142791748,,0.05354029103182256,508,36740,-0.06281532347202301,0.40012770891189575,-0.10109509527683258,0.801798939704895,-3.688599827000871e-05,0.875,3,33.927695084013976,33.92647612502333,0,1,1789099762.4160159,-0.2222222238779068,3,-0.1972053200006485,12.672459602355957
220.63508298015222,34.29264554200927,0.0,13.333333432674408,0.9580211043357849,,0.00858224998228252,511,36891,-0.06596924364566803,0.3996059000492096,-0.10125448554754257,0.8017286062240601,0.0009930110536515713,0.625,2,34.082161292026285,34.0805927090114,0,1,1789099762.570483,-0.2222222238779068,3,-0.1580522507429123,14.227880477905273
220.29737499542534,34.427137458988,0.0,13.333333432674408,0.9976689219474792,,0.028633791022002697,513,37040,3.159383535385132,0.3987251818180084,-0.10150057822465897,0.8015936613082886,-0.01623026840388775,0.625,2,34.23700566700427,34.23547387501458,0,1,1789099762.725328,-0.2222222238779068,3,-0.11684493720531464,15.780533790588379
220.6395419780165,34.56268958398141,0.0,0.0,0.993959903717041,,0.04754062497522682,515,37191,1.9252338409423828,0.39225056767463684,-0.10311514884233475,0.8012658953666687,-0.10403784364461899,0.625,2,34.39107845898252,34.38959066697862,0,1,1789099762.879402,0.0,4,-0.06432472169399261,17.349079132080078
222.62250003404915,34.764545709011145,0.0,0.0,0.9966974258422852,,0.002381333033554256,518,37341,-0.8332615494728088,0.3841075301170349,-0.10519140213727951,0.8010878562927246,0.11555522680282593,0.625,2,34.545843542029615,34.54430454201065,0,1,1789099763.034168,0.0,4,-0.03542470186948776,19.05521583557129
222.00904099736363,34.8946903750184,0.0,0.0,0.9742393493652344,,0.029086499998811632,520,37491,-1.2458339929580688,0.3795810043811798,-0.1064884141087532,0.8011450171470642,0.14091768860816956,0.625,2,34.70345108397305,34.70176783401985,0,1,1789099763.191777,0.0,4,-0.010483412072062492,20.476953506469727
221.02666704449803,35.028015959018376,0.2,0.0,0.9496781826019287,,0.05141350004123524,522,37640,-0.628971517086029,0.37596917152404785,-0.10758630186319351,0.8011615872383118,0.06397797912359238,0.375,1,34.859712124976795,34.85840279201511,0,1,1789099763.348037,0.0,4,-0.02637466788291931,21.648273468017578
222.24154201103374,35.2286082089995,0.2,0.0,0.9775265455245972,,0.006628292030654848,525,37791,-0.35292282700538635,0.372252881526947,-0.10860531777143478,0.8011825680732727,0.04218786582350731,0.375,1,35.01471508399118,35.012994959019125,0,1,1789099763.50304,0.0,4,-0.019981861114501953,22.04372215270996
221.51137504260987,35.36299300001701,0.2,0.0,0.9877931475639343,,0.027436209027655423,527,37941,-2.2950375080108643,0.3691362738609314,-0.10938986390829086,0.8012309074401855,0.04207685962319374,0.375,1,35.17036745900987,35.16891783400206,0,1,1789099763.6586938,0.0,4,-0.014535624533891678,22.013456344604492
223.82224997272715,35.49896404199535,0.0,0.0,0.9890832304954529,,0.04806825000559911,529,38091,-3.5329432487487793,0.3718779683113098,-0.10807184129953384,0.8010587096214294,0.047564271837472916,0.625,2,35.3244966249913,35.32321004202822,0,1,1789099763.812823,0.0,4,-0.020818302407860756,22.185117721557617
222.30329201556742,35.69602783402661,0.2,0.0,0.9988791346549988,,0.0036831669858656824,532,38241,-3.3878254890441895,0.37998807430267334,-0.10464649647474289,0.8008982539176941,0.023752616718411446,0.375,1,35.47865812497912,35.47740770899691,0,1,1789099763.966986,0.0,4,-0.0043555921874940395,22.39450454711914
223.1736250105314,35.83060016698437,0.2,0.0,0.9969887137413025,,0.02711962501052767,534,38390,-1.409417748451233,0.3905998468399048,-0.10015945881605148,0.801038384437561,-0.0010008871322497725,0.375,1,35.6360367499874,35.634546166984364,0,1,1789099764.124365,0.0,4,-0.02542140893638134,22.46445655822754
221.85391699895263,35.96105433400953,0.0,0.0,0.9803116321563721,,0.04943437501788139,536,38541,1.8078237771987915,0.4001854956150055,-0.09589888900518417,0.801397979259491,0.023707130923867226,0.625,2,35.78979629202513,35.78863479202846,0,1,1789099764.278124,0.0,4,-0.031298503279685974,22.354225158691406
224.79200002271682,36.16650391701842,0.0,0.0,0.9965251088142395,,0.0015732499887235463,539,38741,-2.36336612701416,0.41019871830940247,-0.09152968972921371,0.8016674518585205,0.05891648307442665,0.625,2,35.9447475419729,35.943285166984424,0,1,1789099764.433076,0.0,4,-0.026942716911435127,22.284093856811523
223.33579196128994,36.29620529199019,0.2,0.0,0.993242084980011,,0.02475391695043072,541,38891,0.8771776556968689,0.42505884170532227,-0.08537086844444275,0.8016120195388794,0.024621695280075073,0.375,1,36.09929529199144,36.09762341697933,0,1,1789099764.5876238,0.0,4,-0.03862690180540085,22.347185134887695
221.86708298977464,36.43043112498708,0.0,0.0,0.9832913279533386,,0.04472866700962186,543,39040,1.2914607524871826,0.4341920018196106,-0.08123341202735901,0.801616370677948,0.012739052064716816,0.625,2,36.25455754197901,36.25329270900693,0,1,1789099764.742888,0.0,4,-0.05949771776795387,22.314735412597656
220.94149998156354,36.627979499986395,0.0,0.0,0.990391731262207,,0.0028737090178765357,546,39190,0.1469433605670929,0.43988555669784546,-0.07842561602592468,0.8015896081924438,0.05736688897013664,0.625,2,36.41111824999098,36.40991170902271,0,1,1789099764.899449,0.0,4,-0.03314504027366638,22.310928344726562
221.74912499031052,36.760839459020644,0.0,0.0,0.9715403914451599,,0.02682129095774144,548,39341,-0.2439970076084137,0.44878289103507996,-0.07456424087285995,0.8013378977775574,0.06429611891508102,0.625,2,36.567055249994155,36.565911624988075,0,1,1789099765.055386,0.0,4,-0.07751941680908203,22.28529167175293
221.5644170064479,36.89631208399078,0.0,0.0,0.9969848990440369,,0.04795475001446903,550,39490,0.21615742146968842,0.45700421929359436,-0.07076974213123322,0.8010362386703491,0.023790059611201286,0.625,2,36.72399562498322,36.7227024169988,0,1,1789099765.212327,0.0,4,-0.08866873383522034,22.260406494140625
220.9269999875687,37.095547000004444,0.0,13.333333432674408,0.9965628981590271,,0.002821417001541704,553,39640,1.3849204778671265,0.461376816034317,-0.06846347451210022,0.8008661270141602,0.053225740790367126,0.625,2,36.87889350001933,36.87744141701842,0,1,1789099765.3672261,-0.2222222238779068,3,-0.1081773117184639,22.259645462036133
222.41466701962054,37.230331416998524,0.0,13.333333432674408,0.9919831156730652,,0.02618995902594179,555,39793,0.7985709309577942,0.464033305644989,-0.06686155498027802,0.800803542137146,0.06794318556785583,0.625,2,37.03517145902151,37.034106709004845,0,1,1789099765.523504,-0.2222222238779068,3,-0.11920257657766342,22.240144729614258
223.36358396569267,37.36454620899167,0.0,13.333333432674408,0.9938566088676453,,0.04803066694876179,557,39941,0.08392851054668427,0.4657825827598572,-0.065684974193573,0.8008503913879395,0.05536886304616928,0.625,2,37.19071187498048,37.18921329197474,0,1,1789099765.6790452,-0.2222222238779068,3,-0.11757870018482208,22.241533279418945
222.35020803054795,37.56261041702237,0.0,0.0,0.986024796962738,,0.006038708030246198,560,40092,0.12423744052648544,0.46699056029319763,-0.06470227986574173,0.8009803891181946,0.0547831729054451,0.625,2,37.34778524999274,37.34629891702207,0,1,1789099765.8361201,0.0,4,-0.1060563176870346,22.40610694885254
220.89154197601601,37.69362379197264,0.2,0.0,0.9922072291374207,,0.029630209028255194,562,40241,0.15596280992031097,0.4672814905643463,-0.0640680342912674,0.8011429309844971,0.04773920401930809,0.375,1,37.5040742920246,37.50236245902488,0,1,1789099765.992409,0.0,4,-0.04277261346578598,23.36460304260254
222.54537499975413,37.82906150002964,0.2,0.0,0.9959920048713684,,0.0526651669642888,564,40442,0.05380174145102501,0.46659836173057556,-0.06363432854413986,0.8013457655906677,0.053972624242305756,0.375,1,37.66050804202678,37.65918129199417,0,1,1789099766.148843,0.0,4,-0.021012669429183006,25.48550796508789
222.31620899401605,38.029979833983816,0.0,0.0,0.9919467568397522,,0.007476833998225629,567,40591,-2.384956121444702,0.4658116400241852,-0.06343360990285873,0.8014141321182251,0.06320717930793762,0.625,2,37.81640479201451,37.815140458988026,0,1,1789099766.3047402,0.0,4,-0.012044285424053669,26.75258445739746
221.6002499917522,38.163358916994184,0.0,0.0,0.9811325669288635,,0.02939954202156514,569,40740,-3.1897025108337402,0.47016143798828125,-0.06094423681497574,0.8012341260910034,0.09042666852474213,0.625,2,37.97239254199667,37.971158209024,0,1,1789099766.4607282,0.0,4,-0.014351587742567062,27.053007125854492
221.19324997765943,38.294307541975286,0.0,0.0,0.975898265838623,,0.05306729202857241,571,40891,-2.32918381690979,0.479109525680542,-0.056087180972099304,0.8010540008544922,0.007926678285002708,0.625,2,38.12724950001575,38.1261815840262,0,1,1789099766.615586,0.0,4,-0.015044950880110264,26.925479888916016
221.16916702361777,38.495894209016114,0.0,0.0,0.9823381900787354,,0.010258833004627377,574,41041,1.5085699558258057,0.4869075119495392,-0.051409654319286346,0.8011444807052612,0.02669369801878929,0.625,2,38.28683137497865,38.284983874997124,0,1,1789099766.77517,0.0,4,-0.011533020064234734,26.938655853271484
220.31825000885874,38.626929500023834,0.0,0.0,0.9764828681945801,,0.03296312497695908,576,41191,1.7052509784698486,0.49053069949150085,-0.048807282000780106,0.8013538122177124,0.08296062797307968,0.625,2,38.441308874986134,38.439574374991935,0,1,1789099766.929646,0.0,4,-0.002540304558351636,27.237897872924805
220.2959159621969,38.76178624999011,0.0,0.0,0.965877890586853,,0.052887207944877446,578,41340,0.47686249017715454,0.4938773214817047,-0.04649045318365097,0.8013800978660583,0.09283845126628876,0.625,2,38.595391499984544,38.59437754197279,0,1,1789099767.0837288,0.0,4,-0.0023420974612236023,27.314043045043945
221.4987920015119,38.963117209030315,0.0,0.0,0.9857416152954102,,0.008757416973821819,581,41490,0.3446868062019348,0.4978020191192627,-0.04392550140619278,0.8014211058616638,0.07993170619010925,0.625,2,38.751968000025954,38.750375834002625,0,1,1789099767.240306,0.0,4,0.012328174896538258,27.20431137084961
221.94329201010987,39.09490883402759,0.0,0.0,0.9954955577850342,,0.031661624961998314,583,41641,0.48796433210372925,0.5010872483253479,-0.04160892590880394,0.8014962077140808,0.07600638270378113,0.625,2,38.90623904200038,38.90462716697948,0,1,1789099767.394579,0.0,4,0.018019841983914375,27.105417251586914
221.54283401323482,39.22867220902117,0.0,0.0,0.9935194849967957,,0.052118333987891674,585,41791,0.34636491537094116,0.5034907460212708,-0.039673637598752975,0.801531970500946,0.07569234073162079,0.625,2,39.06054650002625,39.05924770899583,0,1,1789099767.548885,0.0,4,0.023668373003602028,27.161237716674805
221.3714579702355,39.428150166990235,0.0,0.0,0.9902840256690979,,0.00687449995893985,588,41990,0.23299618065357208,0.5057181119918823,-0.037626221776008606,0.8015632033348083,0.08297543972730637,0.625,2,39.21526054199785,39.21365320897894,0,1,1789099767.7036002,0.0,4,0.02846507728099823,27.242652893066406
220.54387495154515,39.56169491697801,0.0,0.0,0.9926235675811768,,0.030777916952501982,590,42141,0.17901787161827087,0.5071192383766174,-0.036203913390636444,0.8015798330307007,0.08112335950136185,0.625,2,39.373200834030285,39.37192895897897,0,1,1789099767.861541,0.0,4,0.02903292514383793,27.180870056152344
222.46400004951283,39.696187417022884,0.0,0.0,0.9985309839248657,,0.052987500035669655,592,42291,0.16513319313526154,0.5082159042358398,-0.03499904274940491,0.8015874624252319,0.07794790714979172,0.625,2,39.527977416990325,39.52671091700904,0,1,1789099768.0163178,0.0,4,0.027072105556726456,27.109619140625
221.99004201684147,39.89627541700611,0.0,0.0,0.9526864290237427,,0.008147959015332162,595,42440,0.12796109914779663,0.5091813206672668,-0.0338277667760849,0.8015749454498291,0.07796769589185715,0.625,2,39.68394966702908,39.6824333340046,0,1,1789099768.17229,0.0,4,0.046522729098796844,27.10655975341797
220.83012503571808,40.02960916701704,0.0,0.0,0.9978073239326477,,0.028560625039972365,597,42591,0.11082669347524643,0.5100368857383728,-0.0326768159866333,0.8015376925468445,0.07789380848407745,0.625,2,39.83841837500222,39.8373396670213,0,1,1789099768.3267589,0.0,4,0.04419798403978348,27.140518188476562
222.6748749963008,40.163121375022456,0.0,0.0,0.9975830316543579,,0.053134166984818876,599,42740,0.10237622261047363,0.5107287168502808,-0.03163689002394676,0.8014929294586182,0.07932806760072708,0.625,2,39.99515062500723,39.993580667010974,0,1,1789099768.4834921,0.0,4,0.048521172255277634,27.117870330810547
220.90208297595382,40.361786624998786,0.0,-13.333333432674408,0.9689409136772156,,0.00749491696478799,602,42891,0.08972087502479553,0.5114075541496277,-0.030547408387064934,0.8014439940452576,0.08299325406551361,0.625,2,40.14977779198671,40.14837945898762,0,1,1789099768.63812,0.2222222238779068,5,0.13084885478019714,27.08174705505371
221.60166699904948,40.49602916702861,0.0,-13.333333432674408,0.9755654335021973,,0.029665583977475762,604,43041,0.08495322614908218,0.5120429396629333,-0.029501385986804962,0.801390528678894,0.083877332508564,0.625,2,40.30547020898666,40.304093084007036,0,1,1789099768.793812,0.2222222238779068,5,0.13906405866146088,27.065895080566406
223.80500001600012,40.63285854202695,0.0,-13.333333432674408,0.9876261353492737,,0.050681249995250255,606,43240,0.0793519914150238,0.5128310322761536,-0.028208764269948006,0.8013234734535217,0.08003662526607513,0.625,2,40.46126162499422,40.4597347920062,0,1,1789099768.949604,0.2222222238779068,5,0.15764810144901276,27.062776565551758
220.93050001421943,40.83045808400493,0.0,-13.333333432674408,0.9944173097610474,,0.004763666016515344,609,43390,0.07917190343141556,0.513466477394104,-0.027189690619707108,0.8012530207633972,0.07950224727392197,0.625,2,40.61645741702523,40.61429125000723,0,1,1789099769.1048,0.2222222238779068,5,0.17899712920188904,26.65145492553711
220.45054094633088,40.96127074997639,0.0,-13.333333432674408,0.9917160868644714,,0.030414707958698273,611,43540,0.07693742960691452,0.514040470123291,-0.02624921128153801,0.8012027144432068,0.08038093149662018,0.625,2,40.77278300002217,40.77123491698876,0,1,1789099769.2611258,0.2222222238779068,5,0.16938245296478271,25.329456329345703
221.9899170449935,41.09626883402234,-0.2,-13.333333432674408,0.967531681060791,,0.05116395803634077,613,43692,0.0725933238863945,0.5146515965461731,-0.025239616632461548,0.8011216521263123,0.08665093779563904,0.875,3,40.9267775840126,40.92544287501369,0,1,1789099769.4151208,0.2222222238779068,5,0.11508837342262268,23.286699295043945
224.2117919959128,41.2987705420237,0.0,0.0,0.9576488137245178,,0.005248999979812652,616,43840,0.06943529844284058,0.5152195692062378,-0.024309035390615463,0.8010470867156982,0.08714117109775543,0.625,2,41.08152158401208,41.0798077500076,0,1,1789099769.569866,0.0,4,0.060189299285411835,21.7608642578125
221.088458027225,41.43141212500632,0.0,0.0,0.9982864260673523,,0.024126083008013666,618,43990,2.36417818069458,0.5156110525131226,-0.023445282131433487,0.8009839653968811,0.09807910025119781,0.625,2,41.23579658399103,41.23444974998711,0,1,1789099769.7241411,0.0,4,0.036547016352415085,20.435100555419922
221.70454100705683,41.56404675001977,0.0,0.0,0.9994712471961975,,0.046789999993052334,620,44140,3.1870455741882324,0.5113681554794312,-0.024122940376400948,0.800720751285553,0.1785573661327362,0.625,2,41.390540583990514,41.389132209005766,0,1,1789099769.878886,0.0,4,0.03856552392244339,18.93928337097168
220.77695798361674,41.764009375008754,0.0,0.0,0.9932020306587219,,0.0001528330030851066,623,44292,-0.8753215074539185,0.5041278004646301,-0.026162175461649895,0.8005538582801819,0.08251451700925827,0.625,2,41.545056292030495,41.54338525002822,0,1,1789099770.033403,0.0,4,0.016145294532179832,17.285722732543945
223.60549995210022,41.89870537497336,0.0,0.0,0.9984947443008423,,0.02289341698633507,625,44440,-1.2079135179519653,0.501250147819519,-0.026682069525122643,0.8007447123527527,0.027388514950871468,0.625,2,41.69954216701444,41.697993292007595,0,1,1789099770.1878881,0.0,4,0.04253328964114189,16.640291213989258
224.94129196275026,42.037538833974395,0.0,0.0,0.996956467628479,,0.041948792000766844,627,44590,-0.4007170796394348,0.5001477003097534,-0.026379849761724472,0.8008284568786621,0.0450894720852375,0.625,2,41.85634800000116,41.85454633401241,0,1,1789099770.344694,0.0,4,0.0883711650967598,17.058387756347656
221.21595800854266,42.232949792,0.0,-13.333333432674408,0.9993458390235901,,2.300000051036477e-05,630,44741,-0.21316616237163544,0.4986739158630371,-0.025964628905057907,0.8008716106414795,0.0773710235953331,0.625,2,42.01291624997975,42.01175683399197,0,1,1789099770.5012622,0.2222222238779068,5,0.15907838940620422,17.292856216430664
222.18912496464327,42.36707412498072,0.0,-13.333333432674408,0.9999485015869141,,0.023327916976995766,632,44943,-0.11509893834590912,0.49715784192085266,-0.02513425052165985,0.8010016083717346,0.10333628207445145,0.625,2,42.16944579198025,42.16821291699307,0,1,1789099770.657791,0.2222222238779068,5,0.18236632645130157,16.657962799072266
221.01558302529156,42.49937104200944,0.0,-13.333333432674408,0.9998371601104736,,0.0442906660027802,634,45091,-0.09036535769701004,0.4968717396259308,-0.024299537762999535,0.8010561466217041,0.11467747390270233,0.625,2,42.32420470897341,42.32264612498693,0,1,1789099770.812551,0.2222222238779068,5,0.17219185829162598,16.545913696289062
223.3516660053283,42.700870500004385,0.0,-13.333333432674408,0.9982006549835205,,0.0006816660170443356,637,45241,0.004750873893499374,0.49713796377182007,-0.02322397567331791,0.801108717918396,0.11475768685340881,0.625,2,42.47988833399722,42.4782005000161,0,1,1789099770.968236,0.2222222238779068,5,0.19670802354812622,16.530956268310547
221.1459159734659,42.83104637498036,0.0,-13.333333432674408,0.9980691075325012,,0.02684424998005852,639,45390,0.05166661739349365,0.4977683424949646,-0.022001052275300026,0.8011512160301208,0.12079014629125595,0.625,2,42.63799925002968,42.63674470898695,0,1,1789099771.1263459,0.2222222238779068,5,0.20585401356220245,15.32247543334961
221.68104100273922,42.96332587499637,0.0,-13.333333432674408,0.9991720914840698,,0.050897000008262694,641,45543,0.06494510173797607,0.4986187517642975,-0.020720144733786583,0.8011742234230042,0.10971639305353165,0.625,2,42.79395908402512,42.792541834001895,0,1,1789099771.282306,0.2222222238779068,5,0.18860097229480743,13.304017066955566
221.8203330412507,43.163454917026684,0.0,-13.333333432674408,0.9997666478157043,,0.005033624998759478,644,45691,0.07816122472286224,0.49954384565353394,-0.019523611292243004,0.8011404275894165,0.09908421337604523,0.625,2,42.94921929202974,42.94666820898419,0,1,1789099771.4375691,0.2222222238779068,5,0.16496680676937103,11.948883056640625
223.01287500886247,43.298024000017904,0.0,-13.333333432674408,0.9998764991760254,,0.027710459020454437,646,45842,0.10237372666597366,0.5006226301193237,-0.01830006204545498,0.8010587692260742,0.11286521703004837,0.625,2,43.104549875017256,43.102721584029496,0,1,1789099771.592897,0.2222222238779068,5,0.14636074006557465,10.503019332885742
222.22762502497062,43.431054209009744,-0.2,-13.333333432674408,0.9996127486228943,,0.05036616598954424,648,45991,0.09743312746286392,0.5015894770622253,-0.0173325352370739,0.8010113835334778,0.10709821432828903,0.875,3,43.26058825000655,43.25919274997432,0,1,1789099771.748937,0.2222222238779068,5,0.10724448412656784,9.22852611541748
221.64845798397437,43.631655625009444,-0.2,0.0,0.9994427561759949,,0.0036680419580079615,651,46140,0.09319574385881424,0.5025736093521118,-0.016483549028635025,0.8009443283081055,0.09766227006912231,0.875,3,43.41504808398895,43.41367520898348,0,1,1789099771.903397,0.0,4,0.05756549537181854,7.4004292488098145
222.55045897327363,43.765894958982244,0.0,0.0,0.9982770681381226,,0.029009166988544166,653,46291,1.517061710357666,0.5033671855926514,-0.01584683731198311,0.8008711934089661,0.08135606348514557,0.625,2,43.57387108402327,43.572353666997515,0,1,1789099772.06222,0.0,4,0.04318809136748314,5.846194744110107
223.29558397177607,43.90095670899609,0.0,0.0,0.9996553659439087,,0.04911854199599475,655,46441,3.371177911758423,0.4992470145225525,-0.01580846682190895,0.8006159067153931,0.1416107714176178,0.625,2,43.72818608401576,43.72677966702031,0,1,1789099772.216535,0.0,4,0.035777296870946884,4.202898979187012
222.06279198871925,44.10000245901756,0.0,0.0,0.9848157167434692,,0.004921832995023578,658,46591,2.8671669960021973,0.48924538493156433,-0.016696305945515633,0.8003451228141785,0.07226453721523285,0.625,2,43.88451620901469,43.882861500023864,0,1,1789099772.3728662,0.0,4,0.03172246366739273,2.790052652359009
221.91204101545736,44.23356112500187,0.0,0.0,0.989323079586029,,0.027202750032301992,660,46741,-1.8469502925872803,0.47820284962654114,-0.01793760061264038,0.8003166317939758,-0.08134417980909348,0.625,2,44.040039459010586,44.038851834018715,0,1,1789099772.5283892,0.0,4,0.008978894911706448,1.8674969673156738
223.5788750112988,44.369133208994754,0.0,0.0,0.9984604120254517,,0.04780308302724734,662,46940,-1.7108805179595947,0.47050783038139343,-0.018955780193209648,0.8005462884902954,-0.08466419577598572,0.625,2,44.19456779200118,44.1933574170107,0,1,1789099772.682917,0.0,4,0.050274550914764404,1.6931016445159912
222.90654201060534,44.569262208999135,0.0,0.0,0.9985546469688416,,0.0036006250302307308,665,47090,-0.9172802567481995,0.46462002396583557,-0.019613077864050865,0.8006474375724792,-0.0610714815557003,0.625,2,44.35131245898083,44.34995629201876,0,1,1789099772.839662,0.0,4,0.08556125313043594,1.6819984912872314
221.5447910130024,44.70243800000753,0.0,-13.333333432674408,0.9997984766960144,,0.025933750031981617,667,47240,-0.4324517548084259,0.4587680995464325,-0.020208895206451416,0.8007959723472595,-0.04578614607453346,0.625,2,44.507950874976814,44.50682695902651,0,1,1789099772.9963012,0.2222222238779068,5,0.13272929191589355,1.5745929479599
221.17591695860028,44.837349833978806,0.0,-13.333333432674408,0.9999690055847168,,0.0486453750054352,669,47395,-0.6071961522102356,0.45297056436538696,-0.02079656906425953,0.8010076880455017,-0.036089036613702774,0.625,2,44.665845084004104,44.66481929202564,0,1,1789099773.1541948,0.2222222238779068,5,0.1834346055984497,1.423651933670044
222.67329203896224,45.03911595902173,0.0,-13.333333432674408,0.9996930360794067,,0.004818167013581842,672,47540,-0.6472742557525635,0.44844964146614075,-0.021273953840136528,0.8011761903762817,-0.03766074404120445,0.625,2,44.82270108402008,44.82126083399635,0,1,1789099773.311052,0.2222222238779068,5,0.1890896111726761,1.3905829191207886
222.43437496945262,45.17241279198788,0.0,-13.333333432674408,0.9986408352851868,,0.02956383296987042,674,47691,-0.4829563498497009,0.4444441795349121,-0.021706579253077507,0.8013169169425964,-0.03468224033713341,0.625,2,44.98090091702761,44.9795422499883,0,1,1789099773.469252,0.2222222238779068,5,0.18195301294326782,1.0884555578231812
223.52791600860655,45.30642500001704,0.0,-13.333333432674408,0.9976468682289124,,0.05085108301136643,676,47841,-0.38220980763435364,0.4410135746002197,-0.02208542823791504,0.8013820052146912,-0.03591124340891838,0.625,2,45.1352601670078,45.1337481670198,0,1,1789099773.623612,0.2222222238779068,5,0.1856968104839325,-0.178561732172966
221.0322089958936,45.50452920899261,0.0,-13.333333432674408,0.9975475668907166,,0.006155708979349583,679,47991,-0.33143267035484314,0.43780362606048584,-0.022454477846622467,0.8013856410980225,-0.03330884873867035,0.625,2,45.29078954202123,45.289652708976064,0,1,1789099773.7791412,0.2222222238779068,5,0.17273984849452972,-1.807295560836792
222.68999996595085,45.63938104198314,0.0,-13.333333432674408,0.9999463558197021,,0.02945970796281472,681,48141,-0.30558091402053833,0.4348277747631073,-0.022820690646767616,0.8013585805892944,-0.047281164675951004,0.625,2,45.447760958981235,45.446150749980006,0,1,1789099773.9361122,0.2222222238779068,5,0.17192266881465912,-3.418863296508789
222.80716703971848,45.77273691701703,0.0,-13.333333432674408,0.9998775720596313,,0.05077750002965331,683,48291,-0.28824666142463684,0.43246784806251526,-0.023122014477849007,0.8012881875038147,-0.05297977104783058,0.625,2,45.602020292019006,45.60070725000696,0,1,1789099774.090372,0.2222222238779068,5,0.14268812537193298,-4.692771911621094
221.97591699659824,45.97218379197875,0.0,0.0,0.9982839226722717,,0.005231125047430396,686,48440,-0.25956103205680847,0.43045857548713684,-0.02339191548526287,0.8012142777442932,-0.049523185938596725,0.625,2,45.75642887502909,45.75543900002958,0,1,1789099774.244781,0.0,4,0.0956602618098259,-6.288863658905029
223.21854095207527,46.106168999976944,0.0,0.0,0.999186098575592,,0.02637245797086507,688,48590,-0.19723837077617645,0.42891833186149597,-0.023629844188690186,0.8011431694030762,-0.04351799562573433,0.625,2,45.91051270900061,45.909322916995734,0,1,1789099774.398865,0.0,4,0.030788786709308624,-8.124253273010254
223.11020799679682,46.23954441701062,0.0,0.0,0.9951977133750916,,0.04707883298397064,690,48741,-0.15172606706619263,0.4277496635913849,-0.023854030296206474,0.8010560870170593,-0.038133375346660614,0.625,2,46.06469641701551,46.063513041997794,0,1,1789099774.553049,0.0,4,0.013113842345774174,-9.939567565917969
220.7929579890333,46.436280541995075,0.0,0.0,0.9541926383972168,,0.0023889580043032765,693,48890,-0.12462081015110016,0.426889568567276,-0.024070722982287407,0.800998330116272,-0.033481623977422714,0.625,2,46.21895312500419,46.217876542010345,0,1,1789099774.707306,0.0,4,0.014380199834704399,-11.367056846618652
220.41029197862372,46.569477166980505,0.0,0.0,0.9374797344207764,,0.022925666999071836,695,49040,-0.09416183084249496,0.42631205916404724,-0.02428758516907692,0.8009533882141113,-0.030006760731339455,0.625,2,46.373600083985366,46.37199254200095,0,1,1789099774.861953,0.0,4,0.03681987524032593,-12.089073181152344
220.63079103827477,46.70243175001815,0.0,0.0,0.9886952042579651,,0.044535499997437,697,49190,-0.06717249006032944,0.4259641170501709,-0.02450277842581272,0.8009474873542786,-0.02561268024146557,0.625,2,46.52751162502682,46.52633645897731,0,1,1789099775.0158641,0.0,4,0.03403344005346298,-12.152751922607422
223.73662504833192,46.90645216702251,0.0,0.0,0.9820173382759094,,0.0015968750230967999,700,49344,-0.04779703915119171,0.4257523715496063,-0.024731753394007683,0.8009882569313049,-0.021643290296196938,0.625,2,46.68582716700621,46.68431241699727,0,1,1789099775.17418,0.0,4,0.06241996958851814,-12.090839385986328
223.49391604075208,47.03954025002895,0.0,0.0,0.9684860706329346,,0.026597457996103913,702,49491,-0.03133524954319,0.4256450831890106,-0.024965431541204453,0.80104660987854,-0.020278319716453552,0.625,2,46.84379045898095,46.8426437919843,0,1,1789099775.332144,0.0,4,0.07409226894378662,-12.287611961364746
220.13045800849795,47.17052779201185,0.0,-13.333333432674408,0.9870274662971497,,0.04889066598843783,704,49690,-0.01988648995757103,0.4255821108818054,-0.02531910501420498,0.8010921478271484,-0.019608760252594948,0.625,2,47.000515791994985,46.99928799999179,0,1,1789099775.48887,0.2222222238779068,5,0.12586610019207,-12.497411727905273
222.7145410142839,47.373405374994036,0.0,-13.333333432674408,0.997141420841217,,0.007441124995239079,707,49840,-0.016689490526914597,0.42555946111679077,-0.025623243302106857,0.8011401891708374,-0.01958503946661949,0.625,2,47.15964020899264,47.15813195897499,0,1,1789099775.647994,0.2222222238779068,5,0.18382854759693146,-12.416145324707031
222.2751250374131,47.50641912501305,0.2,-13.333333432674408,0.9526071548461914,,0.02869029203429818,709,49991,-0.01593015529215336,0.4255374073982239,-0.02594193071126938,0.8011704087257385,-0.02528155781328678,0.375,1,47.3141029169783,47.31283429200994,0,1,1789099775.802457,0.2222222238779068,5,0.181929349899292,-12.28029727935791
223.61195896519348,47.64139120897744,0.2,-13.333333432674408,0.8216984868049622,,0.0494908340042457,711,50140,-0.011612518690526485,0.4255330264568329,-0.02631826139986515,0.8011864423751831,-0.027656180784106255,0.375,1,47.46887662500376,47.46727008401649,0,1,1789099775.957231,0.2222222238779068,5,0.1808749884366989,-13.01672649383545
221.32254199823365,47.835564584005624,0.0,-13.333333432674408,0.9889195561408997,,0.00782687502214685,714,50292,-1.9878311157226562,0.42567890882492065,-0.0267117191106081,0.8011738657951355,-0.027616655454039574,0.625,2,47.62339070899179,47.62206891702954,0,1,1789099776.111745,0.2222222238779068,5,0.16451223194599152,-14.604411125183105
221.36658296221867,47.96633224998368,0.0,-13.333333432674408,0.9659229516983032,,0.033346874988637865,716,50440,-3.0651862621307373,0.43087372183799744,-0.02827829122543335,0.8009175062179565,-0.1403396874666214,0.625,2,47.77937512501376,47.7783125420101,0,1,1789099776.2677288,0.2222222238779068,5,0.10023085027933121,-16.370197296142578
220.3098749741912,48.098504916997626,0.0,-13.333333432674408,0.9750884771347046,,0.055291583004873246,718,50594,-1.7462000846862793,0.44221311807632446,-0.031398747116327286,0.8005773425102234,-0.028174709528684616,0.625,2,47.934568334021606,47.93348662502831,0,1,1789099776.422923,0.2222222238779068,5,0.100421242415905,-17.6802921295166
222.72158303530887,48.300846667028964,0.0,0.0,0.9866539835929871,,0.010280708025675267,721,50741,1.2082264423370361,0.4527643918991089,-0.0345257967710495,0.8004544973373413,0.1624210774898529,0.625,2,48.08945979201235,48.08840579201933,0,1,1789099776.577814,0.0,4,0.07733660191297531,-19.087692260742188
220.73937504319474,48.43133391701849,0.0,0.0,0.9726613759994507,,0.034032916999422014,723,50892,1.851058840751648,0.4590829610824585,-0.036649420857429504,0.8004997372627258,0.13722796738147736,0.625,2,48.245878542016726,48.24462745897472,0,1,1789099776.734234,0.0,4,0.02527572028338909,-20.778839111328125
221.99783398536965,48.56569870898966,0.0,0.0,0.8232060670852661,,0.05512608401477337,725,51041,0.8426645398139954,0.46449199318885803,-0.038513604551553726,0.8004687428474426,0.05671054497361183,0.625,2,48.40091395901982,48.39882695901906,0,1,1789099776.8892689,0.0,4,-0.006598334759473801,-22.572246551513672
221.48720803670585,48.765343917009886,0.0,0.0,0.9627636671066284,,0.010695833014324307,728,51190,0.3472457528114319,0.4696297347545624,-0.040174324065446854,0.8005306720733643,0.06605788320302963,0.625,2,48.55577158398228,48.554552541987505,0,1,1789099777.044127,0.0,4,-0.0038392210844904184,-23.75852394104004
220.12225002981722,48.89755333401263,0.0,0.0,0.9292885661125183,,0.031078708008863032,730,51341,0.5482513904571533,0.47373923659324646,-0.04148555174469948,0.8006753325462341,0.052294716238975525,0.625,2,48.710062584024854,48.70850979199167,0,1,1789099777.1984189,0.0,4,-0.013736065477132797,-24.15883445739746
220.63979099038988,49.03205899999011,0.0,0.0,0.9548099637031555,,0.051300833001732826,732,51491,0.4709058701992035,0.47681939601898193,-0.04247269034385681,0.8008579611778259,0.04897337779402733,0.625,2,48.86376866698265,48.862720042001456,0,1,1789099777.352124,0.0,4,-0.0042138355784118176,-24.275339126586914
223.18416699999943,49.23423270898638,0.0,0.0,0.9441513419151306,,0.0062028749962337315,735,51640,0.26148366928100586,0.4787411689758301,-0.04307103529572487,0.8010215759277344,0.052483487874269485,0.625,2,49.01864970900351,49.01725141698262,0,1,1789099777.507006,0.0,4,0.0006601290078833699,-24.399738311767578
224.2764169932343,49.36918204202084,0.0,0.0,0.914306640625,,0.027160624973475933,737,51790,0.17260240018367767,0.48015594482421875,-0.04347619786858559,0.8011817336082458,0.035065051168203354,0.625,2,49.17328804201679,49.17206625000108,0,1,1789099777.661644,0.0,4,0.007603861391544342,-24.640623092651367
223.62362500280142,49.50291554199066,0.0,0.0,0.856194257736206,,0.04713675001403317,739,51940,0.13226649165153503,0.4811054766178131,-0.043696336448192596,0.8013160824775696,0.03331498056650162,0.625,2,49.32757116702851,49.32642866700189,0,1,1789099777.815927,0.0,4,0.008979523554444313,-24.711042404174805
222.00558299664408,49.70243191701593,0.0,0.0,0.9507286548614502,,0.003212124982383102,742,52090,0.0684879794716835,0.4817187786102295,-0.043787986040115356,0.8014071583747864,0.028941117227077484,0.625,2,49.48484820901649,49.48363845900167,0,1,1789099777.973204,0.0,4,-0.0049765207804739475,-24.640405654907227
224.1451249574311,49.836994708981365,0.2,0.0,0.9678493738174438,,0.0279188749846071,744,52240,0.0359497144818306,0.4821268320083618,-0.04379649460315704,0.8014472723007202,0.030733976513147354,0.375,1,49.642668917018455,49.64076845900854,0,1,1789099778.1310248,0.0,4,0.012594080530107021,-24.564001083374023
225.79737502383068,49.971857791999355,0.0,0.0,0.9351106286048889,,0.04882495803758502,746,52390,0.018190991133451462,0.4823848307132721,-0.043751899152994156,0.801433801651001,0.02838923968374729,0.625,2,49.796305541996844,49.79488537501311,0,1,1789099778.284662,0.0,4,0.00851931981742382,-24.57754135131836
,,0.0,0.0,0.9471964836120605,,0.007437082997057587,749,52540,-0.8160333633422852,0.48256900906562805,-0.043680015951395035,0.8013775944709778,0.027986865490674973,0.625,2,49.95477616699645,49.95354249997763,0,1,1789099778.4431329,0.0,4,0.021459000185132027,-24.64122772216797
,,,,,after-land,,,59440,,0.5154504179954529,-0.053329311311244965,0.019890127703547478,,,,57.03438274998916,,,,,,,,
